정제데이터 파일명,분류_업데이트,장르,하위장르,세부장르(optional),곡명,가창자,가창자 성별,최종 서양조성,장단,최종 박자,최종 템포,moods_all,timbres_all,캡션(한국어),캡션(영어),가사,JSON_가사_모음,가사세그먼트,오디오_길이(초)
KC_TM_JC_PR_S000001,정가,정악,풍류음악,가곡,남창가곡 반우반계 반엽(삼월삼일 이백도홍),홍창남,남창,Ab / Fm,10점16박,48/8,180.0,"기품 있는(2), 잔잔한(2), 가볍고 신비로운(1), 강력한(1), 그리운(1), 다이내믹한(1), 명랑한(1), 몽환적인(1), 시적인(1), 에너지 넘치는(1), 우울한(1), 진지한(1), 평온한(1), 표현적인(1), 향토적인(1)","묵직한(3), 단단한(2), 담백한(1), 머금은 듯한(1), 뻗어 나가는(1), 쇳소리 나는(1), 울리는(1), 직진의(1), 진한(1)","남창가곡 반우반계 반엽은 정악의 풍류음악 장르에 속하는 곡으로, 가곡 한바탕 중 우조에서 계면조로 넘어가는 독특한 구조를 지닌다. 이 곡은 남창과 여창이 서로 조를 바꾸어 부르는 연창 방식으로, 음악적 색채의 변화를 통해 우조와 계면조 간의 자연스러운 조바꿈을 경험할 수 있게 한다. 남창 가창자 홍창남의 목소리는 이 곡의 흐름을 이끌어가는 중요한 요소로 작용한다. 그의 발성은 전반부에서 우조의 특성을 잘 살리며, 명확한 음정을 유지하면서도 각 음을 부드럽게 연결하는 창법을 보여준다. 시김새는 전통 가곡의 특성을 반영하여 자연스럽게 표현되며, 특히 장단에 따라 변화하는 멜로디에 맞춰 유연하게 조절된다. 성량은 곡의 각 부분에서 적절하게 조절되며, 호흡은 긴 구절을 이어가는 데 있어 중요한 역할을 한다. 10점16박의 리듬 위에서 홍창남은 곡의 흐름을 타며, 각 장단에 맞춰 호흡을 조절하여 자연스러운 전개를 이끌어낸다. 그의 호흡은 곡의 마무리 부분에서 여운을 남기며, 전체적인 장르적 완성도를 높이는 데 기여한다.","The male vocal piece ""Banwoo Ban-gye"" belongs to the genre of Jeongak's elegant music, characterized by a unique structure that transitions from Ujo to Gye-myeonjo within a single performance of Gagok. This piece employs a call-and-response style where male and female singers alternate their parts, allowing listeners to experience a natural modulation between Ujo and Gye-myeonjo through changes in musical color. The voice of male vocalist Hong Chang-nam serves as a crucial element guiding the flow of the piece. His vocalization effectively highlights the characteristics of Ujo in the first half, demonstrating a singing technique that maintains clear pitch while smoothly connecting each note. The ornamentation reflects the traits of traditional Gagok, expressed naturally and flexibly adjusted to align with the melody that varies according to the Jangdan. The volume is appropriately modulated throughout the different sections of the piece, while breath control plays a vital role in sustaining long phrases. Riding on a rhythm of 10 beats and 16 divisions, Hong Chang-nam adjusts his breathing in accordance with each Jangdan, leading to a seamless progression. His breath leaves a lingering resonance in the concluding section, contributing to the overall completeness of the genre.","삼월삼일 이백도홍 구월구일 황국단풍
청렴에 술이 익고 동정에 추월인저
백옥배 죽엽주 가지고 완월장취하리라
삼월삼일 이백도홍 구월구일 황국단풍
청렴에 술이 익고 동정에 추월인저
백옥배 죽엽주 가지고 완월장취하리라",삼월삼일 / 이백도홍 / 구월구일 황국단풍 / 청렴에 술이 익고 / 동정에 추월인저 / 백옥배 / 죽엽주 가지고 / 완월장취 / 허리라 / 삼월삼일 / 이백도홍 / 구월구일 / 황국단풍 / 청렴에 술이 익고 / 동정에 추월인저 / 백옥배 / 죽엽주 가지고 / 완월장취 / 허리라,19.0,423.02
KC_TM_JC_PR_S000002,정가,정악,풍류음악,가곡,남창가곡반우반계 편락(나무도 바히 돌도 없는 메에),홍창남,남창,Ab / Fm,10점10박(편장단),30/8,160.0,"다이내믹한(2), 에너지 넘치는(2), 웅대한(2), 경쾌한(1), 명상적인(1), 몽환적인(1), 불가사의한(1), 생기 있는(1), 엄숙한(1), 여유로운(1), 장엄한(1), 절제된(1), 진심 어린(1), 진지한(1), 표현적인(1), 희망찬(1)","뻗어 나가는(2), 공명감 있는(1), 단단한(1), 담백한(1), 두터운(1), 맑은(1), 머금은 듯한(1), 묵직한(1), 비강 울림이 있는(1), 직진의(1), 진한(1), 콧소리 나는(1), 탁 트인(1), 힘 있는(1)","남창가곡 반우반계 편락은 정악의 풍류음악 장르에 속하는 곡으로, 전통적인 한국 음악의 정수를 담고 있다. 이 곡은 우조로 시작하여 중간에 계면조로 변조되는 반우반계 형식을 취하며, 10박의 편장단에 맞춰 긴 노랫말을 촘촘히 엮어 부르는 것이 특징이다. 남창 가창자 홍창남의 목소리는 이 곡의 흐름을 이끌어가는 중요한 요소로 작용한다. 그의 발성은 안정적이며, 시김새를 적절히 사용하여 곡의 전개에 깊이를 더한다. 홍창남은 고음과 저음을 자유롭게 넘나들며 멜로디를 표현하고, 각 음절에 정교한 호흡을 조절하여 긴 노랫말을 효과적으로 전달한다. 그의 성량은 곡의 구조에 맞춰 변화하며, 각 구절의 의미를 강조하는 데 기여한다. 10점10박의 편장단 위에서 그는 리듬의 흐름을 잘 타고 있으며, 이러한 리듬적 요소는 곡의 전반적인 구성에 자연스럽게 녹아든다. 홍창남의 호흡은 곡의 마무리를 장식하며, 장르적 완성도를 높이는 데 중요한 역할을 한다. 그의 목소리는 가곡의 서정성을 잘 표현하며, 전통적인 한국 음악의 매력을 한층 부각시킨다.","The male vocal piece ""Banwuban-gye"" belongs to the genre of Jeongak's Pungnyu music and encapsulates the essence of traditional Korean music. This piece begins in Ujo and modulates to Gye-myeonjo in the middle, adopting the Banwuban-gye form, characterized by the intricate weaving of long lyrics sung to a 10-beat Pyeonjangdan. The voice of the male vocalist Hong Chang-nam serves as a crucial element guiding the flow of the piece. His vocalization is stable, and he effectively employs various vocal techniques to add depth to the development of the music. Hong Chang-nam effortlessly navigates between high and low tones to express the melody, skillfully controlling his breath for each syllable to convey the lengthy lyrics effectively. His vocal power varies in accordance with the structure of the piece, contributing to the emphasis of the meaning in each phrase. Over the 10-beat Pyeonjangdan, he adeptly rides the rhythm, and these rhythmic elements seamlessly integrate into the overall composition. Hong Chang-nam's breath adorns the conclusion of the piece, playing a significant role in enhancing the genre's completeness. His voice beautifully expresses the lyricism of the song, further highlighting the allure of traditional Korean music.","나무도 바히 돌도 없는 뫼에 매게 휘쫓긴 가톨의 안과
대천 바다 한가운데 일천석 실은 배에 노도 잃고 닻도 끊고 용총도 걷고 키도 빠지고 바람 불어 물결치고 안개 뒤섯겨 자자진 날에 갈 길은 천리만리 남고 사면이 검어 어득 저뭇 천지적막 까치놀 떳는데 수적 만난 도사공의 안과
엊그제 임 여흰 나의 안이사 엇다가 가를하리요
나무도 바히 돌도 없는 뫼에 매게 휘쫓긴 가톨의 안과
대천 바다 한가운데 일천석 실은 배에 노도 잃고 닻도 끊고 용총도 걷고 키도 빠지고 바람 불어 물결치고 안개 뒤섯겨 자자진 날에 갈 길은 천리만리 남고 사면이 검어 어득 저뭇 천지적막 까치놀 떳는데 수적 만난 도사공의 안과
엊그제 임 여흰 나의 안이사 엇다가 가를하리요",나무도 바히 / 돌도 없는 뫼에 / 매게 휘쫓긴 / 가톨의 안과 / 대천 바다 한가운데 / 일천석 실은 배에 / 노도 잃고 닻도 끊고 / 용총도 걷고 키도 빠지고 / 바람 불어 물결치고 / 안개 뒤섯겨 자자진 날에 / 갈 길은 천리만리 남고 / 사면이 검어 어득 저뭇 / 천지적막 / 까치놀 떳는데 / 수적 만난 도사공의 안과 / 엊그제 / 임 여흰 나의 안이사 / 엇다가 가를하리요 / 나무도 바히 / 돌도 없는 뫼에 / 매게 휘쫓긴 / 가톨의 안과 / 대천 바다 한가운데 / 일천석 실은 배에 / 노도 잃고 닻도 끊고 / 용총도 걷고 키도 빠지고 / 바람 불어 물결치고 / 안개 뒤섯겨 자자진 날에 / 갈 길은 천리만리 남고 / 사면이 검어 어득 저뭇 / 천지적막 / 까치놀 떳는데 / 수적 만난 도사공의 안과 / 엊그제 / 임 여흰 나의 안이사 / 엇다가 가를하리요,36.0,525.41
KC_TM_JC_PR_S000003,정가,정악,풍류음악,가곡,남창가곡 우조 우락(조다가 낚시대를),홍창남,남창,Ab / Fm,10점16박,48/8,140.0,"에너지 넘치는(3), 진지한(2), 강력한(1), 기품 있는(1), 긴장감 넘치는(1), 단아한(1), 명상적인(1), 부드러운(1), 애정 어린(1), 어두운(1), 열정적인(1), 웅대한(1), 잔잔한(1), 장엄한(1), 품위 있는(1), 향토적인(1), 활기찬(1)","묵직한(3), 머금은 듯한(2), 걸쭉한(1), 단단한(1), 담백한(1), 선명한(1), 시원한(1), 진한(1)","남창가곡 우조 우락은 정악의 풍류음악 장르에 속하는 곡으로, 우조 낙시조의 준말로 남창과 여창 모두 부르는 평조선법의 가곡이다. 이 곡은 낮은 음으로 시작하여 담담하고 유려한 멋을 자아내며, 16박 장단을 사용하여 차분한 분위기를 조성한다. 남창 가창자 홍창남의 목소리는 이 곡을 이끌어가는 중심축으로 작용하며, 그의 발성은 안정적이고 유려하다. 홍창남은 가창 시 시김새를 적절히 활용하여 멜로디의 흐름을 자연스럽게 표현하며, 음의 높낮이를 조절하여 곡의 구조를 명확히 드러낸다. 그의 성량은 곡의 전개에 따라 조절되며, 호흡 또한 곡의 리듬에 맞춰 유기적으로 이어진다. 10점16박의 리듬 위에서 홍창남은 각 박자에 맞춰 정교하게 흐름을 타며, 호흡을 통해 곡의 마무리를 장식한다. 이러한 요소들은 가곡의 장르적 완성도를 높이며, 전체적인 음악적 경험을 풍부하게 만든다.","The Namchang gagok Ujo Urak is a piece belonging to the genre of jeongak's pungnyu music, and it is a gagok sung in the pyeongjo melodic style by both male and female singers, abbreviated from Ujo nakshijo. This piece begins in a low register, evoking a calm and graceful aesthetic, and employs a 16-beat jangdan to create a serene atmosphere. The voice of the male vocalist Hong Chang-nam serves as the central axis guiding the piece, characterized by its stable and fluid quality. During his performance, Hong Chang-nam skillfully utilizes vocal embellishments to express the melody's flow naturally, adjusting the pitch to clearly delineate the structure of the piece. His vocal volume is modulated according to the progression of the music, and his breath is organically aligned with the rhythm of the piece. Over the 10-point 16-beat rhythm, Hong Chang-nam intricately navigates the flow with precision, using his breath to elegantly conclude the piece. These elements enhance the genre's artistic completeness and enrich the overall musical experience.","조다가 낚싯대를 잃고 춤추다가 도롱이를 잃희
늙은이 망령으란 백구야 웃지 마라
십리에 도화발하니 춘흥 겨워하노라
조다가 낚싯대를 잃고 춤추다가 도롱이를 잃희
늙은이 망령으란 백구야 웃지 마라
십리에 도화발하니 춘흥 겨워하노라",조다가 / 낚싯대를 잃고 / 춤추다가 / 도롱이를 잃희 / 늙은이 / 망령으란 / 백구야 / 웃지 마라 / 십리에 / 도화발하니 / 춘흥 겨워 / 하노라 / 조다가 / 낚싯대를 잃고 / 춤추다가 / 도롱이를 잃희 / 늙은이 / 망령으란 / 백구야 / 웃지 마라 / 십리에 / 도화발하니 / 춘흥 겨워 / 하노라,24.0,545.18
KC_TM_JC_PR_S000004,정가,정악,풍류음악,가곡,남창가곡 우조 언락(벽사창이 어룬커늘),홍창남,남창,Ab / Fm,10점16박,48/8,140.0,"에너지 넘치는(4), 품위 있는(2), 강력한(1), 다이내믹한(1), 부드러운(1), 생기 있는(1), 신비로운(1), 애절한(1), 엄숙한(1), 열정적인(1), 영웅적인(1), 유쾌한(1), 의례적인(1), 장엄한(1), 진지한(1), 평온한(1), 표현적인(1), 활기찬(1)","단단한(2), 묵직한(2), 뻗어 나가는(2), 힘 있는(2), 담백한(1), 두터운(1), 밀도 있는(1), 쇳소리 나는(1), 진한(1), 콧소리 나는(1)","남창가곡 우조 언락은 정악의 풍류음악 장르에 속하는 곡으로, '지르는 낙시조'라는 의미를 지니며 우락에서 파생된 특징이 있다. 이 곡은 남창 전용으로, 힘차게 높은 음을 질러내는 것이 두드러진다. '벽사창'과 '백구는' 같은 시조시를 노랫말로 하여 곡의 매력을 더하며, 변화무쌍하고 유려한 흐름을 지닌다. 가창자 홍창남의 목소리는 이 곡의 핵심적인 요소로 작용하며, 에너지 넘치는 분위기를 통해 청중을 이끌어간다. 그의 발성은 강렬하고 힘찬 음을 전달하며, 시김새를 적절히 사용하여 곡의 감정을 효과적으로 표현한다. 성량이 풍부하여 멜로디의 각 음을 확실히 드러내며, 호흡 조절이 뛰어나 곡의 흐름에 잘 맞춰진다. 특히, 10점16박의 리듬 위에서 가창자는 자연스럽게 곡의 흐름을 타며, 각 박자에 맞춘 호흡이 곡의 마무리를 세련되게 장식한다. 이러한 요소들은 남창가곡의 장르적 완성도를 높이며, 홍창남의 가창력이 곡의 에너지를 더욱 강조한다.","The male vocal genre of Namchang Gagok, specifically the Eunjak style, belongs to the traditional court music category known as Jeongak and carries the meaning of ""powerfully belting out a Naksijo."" This piece is exclusively for male singers and is characterized by the striking delivery of high notes. Utilizing lyrics from Sijo poems such as ""Byeoksachang"" and ""Baekgunun,"" it enhances the song's appeal while exhibiting a dynamic and fluid progression. The voice of the vocalist Hong Chang-nam serves as a pivotal element of this piece, guiding the audience through an energetic atmosphere. His vocalization conveys intense and powerful tones, effectively expressing the song's emotions through the appropriate use of vocal embellishments. With a rich vocal timbre that clearly articulates each note of the melody and exceptional breath control that aligns seamlessly with the song's flow, the vocalist naturally rides the rhythm of the 10-point 16-beat structure. His breath, timed perfectly with each beat, elegantly concludes the piece. These elements elevate the genre's artistic completeness, while Hong Chang-nam's vocal prowess further emphasizes the energy of the composition.","벽사창이 어룬어룬커늘 임만 여겨 펄떡 뛰어 나가보니
임은 아니 오고 명월이 만정한데 벽오동 젖은 잎에 봉황이 와서 긴 목을 후여다가 깃 다듬는 그림자로다
마초아 밤일세망정 행여 낮이런들 남 우일뻔하여라
벽사창이 어룬어룬커늘 임만 여겨 펄떡 뛰어 나가보니
임은 아니 오고 명월이 만정한데 벽오동 젖은 잎에 봉황이 와서 긴 목을 후여다가 깃 다듬는 그림자로다
마초아 밤일세망정 행여 낮이런들 남 우일뻔하여라",벽사창이 / 어룬어룬커늘 / 임만 여겨 / 펄떡 뛰어 나가보니 / 임은 아니 오고 / 명월이 만정한데 / 벽오동 젖은 잎에 봉황이 와서 / 긴 목을 후여다가 / 깃 다듬는 그림자로다 / 마초아 / 밤일세망정 / 항여 낮이런들 / 남우일번허여라 / 벽사창이 / 어룬어룬커늘 / 임만 여겨 / 펄떡 뛰어 나가보니 / 임은 아니 오고 / 명월이 만정한데 / 벽오동 젖은 잎에 봉황이 와서 / 긴 목을 후여다가 / 깃 다듬는 그림자로다 / 마초아 / 밤일세망정 / 항여 낮이런들 / 남우일번허여라,26.0,687.89
KC_TM_JC_PR_S000005,정가,정악,풍류음악,가곡,남창가곡 우조 소용이(불아니 땔지도도),이동영,남창,Ab / Fm,10점16박,48/8,140.0,"경쾌한(2), 가볍고 신비로운(1), 강렬한(1), 강한(1), 기품 있는(1), 몽환적인(1), 사색적인(1), 생기 있는(1), 서사적인(1), 쓸쓸한(1), 애절한(1), 에너지 넘치는(1), 열정적인(1), 영웅적인(1), 장엄한(1), 절제된(1), 즐거운(1), 진심 어린(1), 편안한(1)","묵직한(2), 거친(1), 긁히는(1), 날카로운(1), 단단한(1), 담백한(1), 머금은 듯한(1), 밝은(1), 뻗어 나가는(1), 선명한(1), 직진의(1), 탁 트인(1), 힘 있는(1)","이 곡은 남창 가곡 우조 소용이로, 정악의 풍류음악 장르에 속하는 곡이다. '시끄럽게 솟구친다'는 의미를 지닌 소용은 활기차고 파격적인 느낌을 주며, 삼수대엽의 가락을 옥타브 위로 변주하여 구성된다. 이 곡은 우조와 계면조 두 가지 형태를 가지며, 가곡 한바탕의 정격에서 파격으로 넘어가는 분수령 역할을 하여 소가곡으로의 전환을 알린다. 남창 가창자 이동영의 목소리는 곡의 전개에서 중요한 역할을 하며, 그의 발성은 고음역에서의 안정성과 저음역에서의 깊이를 동시에 갖춘다. 시김새를 통해 곡의 감정을 섬세하게 표현하며, 각 음을 명확하게 구분하여 전달한다. 성량은 곡의 흐름에 따라 조절되며, 호흡은 각 구절의 마무리를 부드럽게 연결하는 데 기여한다. 10점16박의 리듬 위에서 가창자는 곡의 리듬을 타며 유연하게 멜로디를 전개하고, 호흡을 통해 곡의 마무리를 장식하여 장르적 완성도를 높인다. 전체적으로 이동영의 목소리는 곡의 구조적 특징을 잘 살리며, 가곡의 본질을 전달하는 데 중점을 둔다.","This piece is a Namchang gagok in the Ujo style, belonging to the genre of Jeongak's Pungnyu music. The term ""so-yong,"" which means ""to burst forth loudly,"" conveys a vibrant and unconventional feeling, and the composition is structured by varying the melody of Samsudaeyeop an octave higher. This piece possesses two forms, Ujo and Gye-myeonjo, serving as a turning point that transitions from the formal structure of gagok to a more unconventional style, signaling the shift to sogagok. The voice of the Namchang vocalist Lee Dong-young plays a crucial role in the development of the piece, with his vocalization exhibiting stability in the high range and depth in the low range simultaneously. He delicately expresses the emotions of the piece through vocal embellishments, clearly distinguishing and conveying each note. The volume is adjusted according to the flow of the piece, and his breath contributes to smoothly connecting the endings of each phrase. Over a rhythm of 10 beats and 16 subdivisions, the vocalist flexibly develops the melody while riding the rhythm, and his breath enhances the conclusion of the piece, elevating its genre-specific completeness. Overall, Lee Dong-young's voice effectively highlights the structural characteristics of the piece, focusing on conveying the essence of gagok.","불 아니 땔지라도 절로 익는 솟과 여무죽 아니 먹여도 크고 살져 한 것는 말과
길삼 잘하는 여기첩과 술 샘는 주전자와 양부로 낳는 감은 암소
평생에 이 다섯 가지를 두량이면 부러울 것이 없에라",불 아니 땔지라도 / 절로 익는 솥과 / 여무죽 아니 먹여도 / 크고 살져 한 것는 말과 / 길삼 잘하는 여기첩과 / 술 샘는 주전자와 / 양부로 낳는 감은 / 암소 / 평생에 / 이 다섯 가지를 두량이면 / 부러울 것이 / 없에라,12.0,232.75
KC_TM_JC_PR_S000006,정가,정악,풍류음악,가곡,남창가곡 우조 우롱(삼월삼일 이백도홍),이동영,남창,Ab / Fm,10점16박,48/8,140.0,"쓸쓸한(3), 엄숙한(3), 부드러운(2), 기품 있는(1), 긴장감 넘치는(1), 다이내믹한(1), 명상적인(1), 사색적인(1), 어두운(1), 웅대한(1), 잔잔한(1), 장엄한(1), 차분한(1), 표현적인(1), 품위 있는(1), 향토적인(1)","담백한(2), 뻗어 나가는(2), 울리는(2), 정제된(2), 맑은(1), 묵직한(1), 비강 울림이 있는(1), 선명한(1), 안쪽에서 울리는(1)","남창 가곡 우조 우롱은 정악의 풍류음악에 속하는 곡으로, '우조로 부르는 농'이라는 뜻을 지니며, 중간에 변조 없이 우조로 끝까지 이어지는 특징이 있다. 이 곡은 '맑은 개울에 비단을 빨 듯'이라는 표현처럼 흥청거리는 멋을 지니고 있으며, 가곡의 특성을 잘 드러내는 작품으로, 계면조 곡들을 생략하고 바로 우락이나 언락으로 넘어갈 때 연결 고리로 사용되기도 한다. 남창 가창자 이동영의 목소리는 이 곡의 흐름을 자연스럽게 이끌어가며, 발성과 시김새에서 전통적인 가곡의 기법을 충실히 따르고 있다. 그의 발음은 명확하며, 각 음의 길이를 조절하여 멜로디의 유려함을 강조한다. 특히, 시김새를 적절히 사용하여 음의 높낮이를 섬세하게 조절하며, 이는 곡의 감정을 전달하는 데 중요한 역할을 한다. 성량 또한 안정적이며, 호흡을 통해 곡의 전개를 부드럽게 이어가며, 각 구절의 마무리를 세련되게 장식한다. 10점16박의 리듬 위에서 가창자는 리듬의 흐름을 타며, 호흡을 적절히 조절하여 곡의 긴장감을 유지하고 마무리 부분에서 여운을 남긴다. 이러한 요소들이 결합되어 곡의 장르적 완성도를 높이며, 전통 가곡의 매력을 잘 전달한다.","The male vocal piece ""Ujo Urong"" belongs to the genre of Jeongak's elegant music and carries the meaning of ""a song sung in Ujo."" It is characterized by a seamless continuation in Ujo without modulation throughout the piece. This composition embodies a lively charm, akin to the expression ""like washing silk in a clear stream,"" and serves as an exemplary work that highlights the characteristics of Gagok. It is often used as a connecting link when transitioning directly from Gye-myeonjo pieces to Urak or Eonrak. The voice of the male vocalist Lee Dong-young naturally guides the flow of this piece, adhering faithfully to the traditional techniques of Gagok in both vocalization and ornamentation. His pronunciation is clear, and he emphasizes the fluidity of the melody by adjusting the length of each note. Notably, he skillfully employs ornamentation to delicately modulate the pitch, which plays a crucial role in conveying the emotions of the piece. His vocal strength is also stable, and through controlled breathing, he smoothly progresses the piece while elegantly embellishing the endings of each phrase. Riding on the rhythm of 10/16, the vocalist navigates the flow of the rhythm, maintaining the tension of the piece through appropriate breath control and leaving a lingering resonance in the concluding section. These elements combine to enhance the genre's completeness and effectively convey the allure of traditional Gagok.","삼월 삼일 이백도홍 구월 구일 황국단풍
청렴에 술이 익고 동정에 추월인저
백옥배 죽엽주 가지고 완월장취 허리라",삼월 삼일 / 이백 / 도홍 / 구월 구일 / 황국단풍 / 청렴에 / 술이 익고 / 동정에 / 추월인저 / 백옥배 / 죽엽주 / 가지고 / 완월장취 / 허리라,14.0,232.75
KC_TM_JC_PR_S000007,정가,정악,풍류음악,가곡,남창가곡 우조 삼수대엽(도화 이화 행화 방초들아),김대윤,남창,Ab / Fm,10점16박,48/8,100.0,"기품 있는(2), 차분한(2), 표현적인(2), 강력한(1), 따뜻한(1), 사색적인(1), 쓸쓸한(1), 엄숙한(1), 에너지 넘치는(1), 여유로운(1), 잔잔한(1), 장엄한(1), 조화로운(1), 진지한(1), 향토적인(1), 활기찬(1)","단단한(2), 매끄러운(2), 맑은(1), 머금은 듯한(1), 묵직한(1), 밝은(1), 뻗어 나가는(1), 시원한(1), 울리는(1), 정제된(1), 직진의(1)","삼수대엽은 조선 후기의 가곡 중 하나로, 정악 > 풍류음악 장르에 속하는 곡이다. 이 곡은 삭대엽에서 파생된 것으로, 초수대엽과 유사한 형식을 가지지만, 선율이 더 높고 화려하게 전개되는 특징이 있다. 특히 남창으로만 전승되는 우조와 계면조의 조화가 돋보이며, 곡의 기상이 '장군이 출정하는 듯하다'는 표현에서 알 수 있듯이 씩씩하고 웅장한 느낌을 자아낸다. 남창 가창자 김대윤의 목소리는 이 곡의 선율을 이끌어가는 데 있어 중요한 역할을 한다. 그의 성별에 맞는 깊이 있는 발성이 곡의 웅장함을 더욱 강조하며, 시김새를 통해 전통적인 요소를 잘 살리고 있다. 또한, 김대윤은 강한 성량을 바탕으로 각 음을 뚜렷하게 표현하며, 호흡 조절을 통해 긴 구절에서도 안정적인 발음을 유지한다. 10점16박의 리듬 위에서 가창자는 각 음절에 적절한 힘을 실어 곡의 흐름을 자연스럽게 이어가며, 특히 호흡의 타이밍을 적절히 조절하여 곡의 마무리를 장식한다. 이러한 호흡은 곡의 전체적인 완성도를 높이며, 청중에게 깊은 여운을 남기는 데 기여한다.","Samsudaeyeop is one of the Gagok from the late Joseon period, belonging to the Jeongak > Pungnyu music genre. This piece is derived from Sakdaeyeop and shares a similar structure with Chosudaeyeop, but is characterized by a higher and more elaborate melody. Notably, the harmony of Ujo and Gyemyeonjo, which is exclusively passed down through male vocalists, stands out, and the piece evokes a vigorous and grand feeling, as expressed in the description that it resembles ""a general preparing for battle."" The voice of the male vocalist Kim Daeyun plays a crucial role in leading the melody of this piece. His deep vocalization, suited to his gender, further emphasizes the grandeur of the composition while effectively preserving traditional elements through his vocal ornamentation. Additionally, Kim Daeyun distinctly articulates each note based on his strong vocal power and maintains stable pronunciation even in long phrases through breath control. Over the rhythm of 10 beats and 16 subdivisions, the vocalist applies appropriate emphasis to each syllable, seamlessly continuing the flow of the piece, and particularly adjusts the timing of his breath to elegantly conclude the composition. This breath control enhances the overall completeness of the piece and contributes to leaving a profound resonance with the audience.","도화 이화 행화 방초들아 일년 춘광을 한치 마라
너희는 그리허여도 여천지무궁이라
우리는 백세뿐이니 그를 설워 허노라",도화 이화 / 행화 / 방초들아 / 일년 / 춘광을 / 한치 마라 / 너희는 / 그리허여도 / 여천지 / 무궁이라 / 우리는 / 백세뿐이니 / 그를 설워 / 허노라,14.0,327.62
KC_TM_JC_PR_S000008,정가,정악,풍류음악,가곡,남창가곡 우조 초수대엽(동창이 밝았느냐),김대윤,남창,Ab / Fm,10점16박,48/8,100.0,"다이내믹한(2), 서사적인(2), 진지한(2), 강렬한(1), 기품 있는(1), 단아한(1), 마음을 울리는(1), 몽환적인(1), 불가사의한(1), 신비로운(1), 엄숙한(1), 유려한(1), 잔잔한(1), 절제된(1), 차분한(1), 평온한(1), 품위 있는(1)","단단한(3), 묵직한(3), 뻗어 나가는(2), 맑은(1), 밀도 있는(1), 울리는(1), 유연한(1), 직진의(1), 진한(1)","남창가곡 우조 초수대엽은 정악의 풍류음악 장르에 속하는 가곡으로, 가곡의 시작을 알리는 중요한 곡이다. 이 곡은 느린 템포와 장중한 분위기를 통해 긴 소매로 춤을 추듯 유장한 멋을 느끼게 하며, 남창으로만 표현되는 우조와 계면조의 조화가 돋보인다. 김대윤 가창자는 이 곡을 통해 점잖은 선비의 풍모를 잘 드러내며, 그의 목소리는 곡의 흐름을 부드럽게 이끌어간다. 김대윤의 발성은 안정적이며, 시김새를 통해 멜로디의 미세한 변화를 섬세하게 표현한다. 호흡의 조절이 뛰어나며, 긴 음을 이어가는 과정에서 자연스럽게 음의 높낮이를 조절하여 곡의 감정을 전달하는 데 중점을 둔다. 그의 성량은 충분히 넓어 곡의 구조적 특징을 잘 살리며, 10점16박의 리듬 위에서 유연하게 흐름을 타고, 각 음절의 발음을 명확히 하여 청중이 곡의 내용을 쉽게 따라갈 수 있도록 한다. 곡의 마지막 부분에서 김대윤의 호흡은 곡을 우아하게 마무리하며, 전체적으로 장르적 완성도를 높이는 데 기여한다.","The male vocal genre of Namchang Gagok, specifically the piece ""Ujo Chosudaeyeop,"" belongs to the traditional court music genre known as Jeongak and serves as an important introductory work for gagok. This piece conveys a sense of elegance akin to a graceful dance with long sleeves through its slow tempo and solemn atmosphere, highlighting the harmonious blend of Ujo and Gyemyeonjo, which are expressed solely through male vocals. The vocalist Kim Daeyun effectively showcases the dignified demeanor of a refined scholar through this piece, as his voice smoothly guides the flow of the music. Kim Daeyun's vocal technique is stable, and he delicately expresses subtle variations in melody through his use of vocal embellishments, or sigimsae. His breath control is exceptional, allowing him to naturally adjust the pitch during sustained notes, thereby emphasizing the emotional conveyance of the piece. His vocal range is sufficiently broad, effectively capturing the structural characteristics of the composition while flowing flexibly over the 10-beat 16-pulse rhythm, ensuring that the pronunciation of each syllable is clear for the audience to easily follow the content of the piece. In the concluding section, Kim Daeyun's breath elegantly wraps up the piece, contributing to the overall artistic completeness of the genre.","동창이 밝았느냐 노고지리 우지진다
소 치는 아희놈은 상긔 아니 일었느냐
재 넘어 사래 긴 밭을 언제 갈려 허느니",동창이 밝았느냐 / 노고지리 우지진다 / 소 치는 아희놈은 / 상긔 아니 일었느냐 / 재 넘어 / 사래 긴 밭을 / 언제 갈려 허느니,7.0,325.82
KC_TM_JC_PR_S000009,정가,정악,풍류음악,가곡,남창가곡 우조 평거(경성출 경운흥하니),김대윤,남창,Ab / Fm,10점16박,48/8,80.0,"애절한(2), 웅대한(2), 진지한(2), 평온한(2), 강력한(1), 기품 있는(1), 긴장감 넘치는(1), 명상적인(1), 몽환적인(1), 신비로운(1), 어두운(1), 엄숙한(1), 여유로운(1), 우울감 있는(1), 잔잔한(1), 장엄한(1), 절제된(1)","단단한(3), 묵직한(2), 뻗어 나가는(2), 공명감 있는(1), 담백한(1), 매끄러운(1), 머금은 듯한(1), 비강 울림이 있는(1), 섬세한(1), 유연한(1), 진한(1)","남창가곡 우조 평거는 정악의 풍류음악 장르에 속하는 곡으로, 전통 가곡의 특징이 잘 드러나는 작품이다. 이 곡은 이수대엽에서 파생된 것으로, 선율이 유사하지만 초수대엽처럼 약간 높은 음으로 시작하는 것이 특징이다. 남창과 여창, 우조와 계면조가 조화를 이루며, 가곡 한바탕 중에서 비교적 늦게 생성된 곡으로, 이수대엽과 두거 사이를 연결하는 가교 역할을 한다. 남창 가창자 김대윤의 목소리는 이 곡을 이끌어가는 중요한 요소로 작용한다. 그의 발성은 전통적인 창법을 기반으로 하며, 시김새를 적절히 활용하여 곡의 감정을 전달한다. 김대윤은 성량을 조절하며 멜로디를 유연하게 표현하고, 호흡을 통해 각 구절의 흐름을 매끄럽게 이어간다. 특히, 그의 호흡은 긴 음의 지속을 가능하게 하여 곡의 전개를 더욱 풍부하게 만든다. 10점16박의 리듬 위에서 김대윤은 유동적인 흐름을 타며, 각 박자에 맞춰 정확하게 음을 조절하고, 곡의 리듬감과 일체감을 높인다. 가창자의 호흡은 곡의 마무리를 장식하며, 전체적인 장르적 완성도를 더욱 높인다.","The male vocal genre of Namchang Gagok in the Ujo mode belongs to the category of Jeongak's refined music and is a work that distinctly showcases the characteristics of traditional Gagok. This piece is derived from Isudaeyeop, featuring a similar melody but characterized by starting at a slightly higher pitch, akin to Chosudaeyeop. It harmonizes male and female vocals, as well as Ujo and Gyemyeonjo, and is relatively late in the development of Gagok, serving as a bridge between Isudaeyeop and Dugyeo. The voice of the male vocalist Kim Daeyun plays a crucial role in leading this piece. His vocalization is based on traditional singing techniques, effectively utilizing ornamentation to convey the emotions of the piece. Kim Daeyun adjusts his vocal volume to express the melody flexibly, and through his breath control, he smoothly connects the flow of each phrase. Notably, his breath enables the sustained delivery of long notes, enriching the development of the composition. Riding on the rhythm of 10 beats and 16 divisions, Kim Daeyun navigates a fluid flow, accurately adjusting pitches to match each beat, enhancing the rhythmic sense and unity of the piece. The vocalist's breath adorns the conclusion of the piece, further elevating the overall genre's completeness.","경성출 향운흥하니 일월이 광화이로다
삼왕예악이요 오제의 문물이라
사해로 태평주 비져내여 만성동취 허리라",경성출 / 향운흥하니 / 일월이 / 광화이로다 / 삼왕예악이요 / 오제의 / 문물이라 / 사해로 / 태평주 / 비져내여 만성동취 / 허리라,11.0,407.28
KC_TM_JC_PR_S000010,정가,정악,풍류음악,가곡,남창가곡 우조 두거(구름이 무심탄 말이),홍창남,남창,Ab / Fm,10점16박,48/8,140.0,"강한(2), 기품 있는(2), 단아한(2), 장엄한(2), 표현적인(2), 다이내믹한(1), 생기 있는(1), 서사적인(1), 애정 어린(1), 에너지 넘치는(1), 영감을 주는(1), 절제된(1), 조화로운(1), 평온한(1), 해학적인(1), 향토적인(1)","담백한(2), 단단한(1), 매끄러운(1), 머금은 듯한(1), 묵직한(1), 뻗어 나가는(1), 쇳소리 나는(1), 시원한(1), 정제된(1), 진한(1), 청아한(1)","남창가곡 우조 두거는 정악의 풍류음악 장르에 속하며, 가곡의 특징이 잘 드러나는 곡이다. 이 곡은 '머리를 들어낸다'는 의미를 지닌 두거 창법을 사용하여 이수대엽보다 높고 경쾌한 시작이 특징이다. 남창 가창자 홍창남의 목소리는 곡의 흐름을 주도하며, 그의 발성은 안정적이고 강력하여 곡의 시작부터 청중을 사로잡는다. 그는 시김새를 적절히 활용하여 멜로디를 더욱 풍부하게 표현하며, 각 음의 길이를 조절하여 감정의 변화를 섬세하게 전달한다. 성량이 크고 호흡이 균형 잡혀 있어 긴 구절도 자연스럽게 이어지며, 리듬감 있게 흐르는 10점16박의 장단을 타고 유연하게 움직인다. 홍창남은 곡의 전개에 따라 호흡을 조절하며, 각 마디의 끝에서의 호흡 처리로 곡의 마무리를 장식하고, 전체적인 장르적 완성도를 높인다. 그의 창법은 곡의 구조적 특징을 잘 살리며, 청중에게 깊은 인상을 남기는 역할을 한다.","The male vocal genre of Gugak known as Namchang Gagok, specifically the Ujo Dugeo, belongs to the realm of Jeongak's elegant music and exemplifies the characteristics of Gagok well. This piece employs the Dugeo singing technique, which means ""to raise the head,"" and is marked by a higher and more lively beginning compared to Isudaeyeop. The voice of the male vocalist Hong Chang-nam leads the flow of the piece, with a stable and powerful vocalization that captivates the audience from the outset. He skillfully utilizes vocal embellishments to enrich the melody and adjusts the length of each note to convey emotional nuances delicately. With a strong vocal presence and balanced breath control, he seamlessly connects long phrases while moving fluidly with the rhythmic 10-point 16-beat Jangdan. Hong Chang-nam modulates his breath according to the development of the piece, elegantly concluding each phrase with careful breath management, thereby enhancing the overall genre's completeness. His singing technique effectively highlights the structural features of the piece, leaving a profound impression on the audience.","구름이 무심탄 말이 아마도 허랑하다
중천에 떠 있어 임의로 다니면서
구태여 광명한 날빛을 덮어 무삼하리요
구름이 무심탄 말이 아마도 허랑하다
중천에 떠 있어 임의로 다니면서
구태여 광명한 날빛을 덮어 무삼하리요",구름이 / 무심탄 말이 / 아마도 허랑하다 / 중천에 / 떠 있어 임의로 / 다니면서 / 구태여 / 광명한 / 날빛을 덮어 / 무삼하리요 / 구름이 / 무심탄 말이 / 아마도 허랑하다 / 중천에 / 떠 있어 임의로 / 다니면서 / 구태여 / 광명한 / 날빛을 덮어 / 무삼하리요,20.0,543.89
KC_TM_JC_PR_S000011,정가,정악,풍류음악,가곡,남창가곡 우조 중거(인심은 터이 되고),홍창남,남창,Ab / Fm,10점16박,48/8,80.0,"강렬한(2), 기품 있는(2), 긴장된(2), 진지한(2), 강한(1), 공포스러운(1), 다이내믹한(1), 드라마틱한(1), 마음을 울리는(1), 불가사의한(1), 불안한(1), 어두운(1), 우울한(1), 웅대한(1), 진심 어린(1), 침울한(1), 표현적인(1), 향수 어린(1)","묵직한(4), 쇳소리 나는(2), 걸쭉한(1), 공명감 있는(1), 담백한(1), 밀도 있는(1), 뻗어 나가는(1), 울리는(1)","남창가곡 우조 중거인 '인심은 터이 되고'는 정악의 풍류음악 장르에 속하는 곡으로, 가곡의 특성을 잘 드러낸다. 이 곡은 중거라는 파생곡으로, 이수대엽의 선율을 바탕으로 하여 템포가 빠르고 중간 선율이 높아지는 것이 특징이다. 남녀창과 우조, 계면조가 모두 포함되어 있으며, 특히 여창 중거는 속소리를 빈번히 사용하여 섬세한 맛을 더한다. 남창 가창자 홍창남의 목소리는 곡의 진행을 이끌어가는 중요한 요소로, 묵직한 음색을 바탕으로 강한 성량과 안정된 호흡을 유지하며 선율을 표현한다. 그의 발성은 명확하고 힘이 있으며, 시김새를 통해 한국 전통 음악의 감성을 잘 전달한다. 가창자는 멜로디의 흐름에 따라 유연하게 변화를 주며, 고음과 저음을 적절히 조화롭게 배치하여 곡의 구조를 더욱 풍부하게 만든다. 10점16박의 리듬에 따라 홍창남은 곡의 흐름을 자연스럽게 타며, 각 음절에 적절한 호흡을 넣어 리듬감을 살린다. 그의 호흡은 곡의 마무리를 장식하며, 전체적인 완성도를 높이는 데 기여한다.","The male vocal genre of 'Inshim-eun Teoi Doego,' belonging to the Jeongak style of refined music, exemplifies the characteristics of Gagok. This piece is a derived form known as Junggeo, characterized by a fast tempo and a rising middle melody based on the melody of Isudaeyeop. It incorporates both male and female vocals, as well as the modes of Ujo and Gye-myeonjo, with the female Junggeo particularly enhancing the delicacy through frequent use of soft sounds. The voice of the male vocalist Hong Chang-nam is a crucial element that drives the progression of the piece, maintaining a strong vocal quality and stable breath while expressing the melody with a rich timbre. His vocalization is clear and powerful, effectively conveying the emotional nuances of traditional Korean music through ornamentation. The vocalist flexibly adapts to the flow of the melody, harmoniously balancing high and low notes to enrich the structure of the piece. Following the rhythm of 10 beats and 16 subdivisions, Hong Chang-nam naturally rides the flow of the music, incorporating appropriate breath into each syllable to enhance the sense of rhythm. His breathing adorns the conclusion of the piece, contributing to the overall completeness of the performance.","인심은 터이 되고 효제충신 기동 되어
예의염치로 가즉이 예었으니
천만년 풍우를 만난 들 기울 줄이 있으랴",인심은 터이 되고 / 효제충신 기동 되어 / 예의염치로 / 가즉이 예었으니 / 천만년 / 풍우를 만난 들 / 기울 줄이 있으랴,7.0,411.79
KC_TM_JC_PR_S000012,정가,정악,풍류음악,가곡,남창가곡 우조 이수대엽(강호에 기약을 두고),홍창남,남창,Ab / Fm,10점16박,48/8,80.0,"공포스러운(3), 어두운(2), 엄숙한(2), 진지한(2), 차분한(2), 강렬한(1), 강한(1), 긴장감 넘치는(1), 긴장된(1), 따뜻한(1), 부드러운(1), 불가사의한(1), 사색적인(1), 쓸쓸한(1), 열정적인(1), 우아한(1), 장엄한(1), 침울한(1), 향토적인(1)","묵직한(3), 거친(2), 걸쭉한(2), 밀도 있는(2), 울리는(2), 공명감 있는(1), 단단한(1), 담백한(1), 매끄러운(1), 쇳소리 나는(1), 역동적인(1)","이수대엽은 가곡 한바탕의 두 번째 곡으로, 느린 템포와 '긴 것'이라는 별칭을 지닌 정악 > 풍류음악 장르의 곡이다. 이 곡은 초수대엽에서 파생된 것으로, 첫머리를 숙여 내는 독특한 창법을 통해 남녀창과 우조, 계면조가 조화를 이루며 '공자가 은행나무 아래서 설법하는 듯'한 평온함을 자아낸다. 남창 가창자 홍창남의 목소리는 이 곡의 흐름을 이끌어가며, 그의 발성은 곡의 구조적 특징과 잘 어우러진다. 홍창남은 멜로디를 표현하는 과정에서 시김새를 적절히 사용하여 곡의 전개에 깊이를 더하며, 성량은 곡의 각 구절을 안정적으로 지탱한다. 호흡 또한 중요하게 작용하여, 곡의 긴장감을 유지하면서도 부드러운 연결을 이루어낸다. 10점16박의 리듬 위에서 가창자는 각 박자를 정확히 타며 곡의 흐름을 자연스럽게 이어가고, 그의 호흡은 곡의 마무리를 장식하며 장르적 완성도를 높이는 데 기여한다.","Isudaeyeop is the second piece of a Gagok performance, characterized by a slow tempo and the nickname ""long one,"" belonging to the Jeongak > Pungnyu music genre. This piece is derived from Chosudaeyeop and evokes a sense of tranquility reminiscent of ""Confucius lecturing beneath a ginkgo tree"" through its unique vocal technique, which begins with a bow and harmonizes male and female singing in Ujo and GyeMyeonJo. The male vocalist Hong Chang-nam leads the flow of the piece with his voice, which blends well with the structural characteristics of the composition. In expressing the melody, Hong Chang-nam appropriately employs sigimsae, adding depth to the development of the piece, while his vocal strength reliably supports each phrase. Breath control plays a crucial role, maintaining the tension of the piece while creating smooth transitions. Over a rhythm of 10 beats and 16 subdivisions, the vocalist accurately aligns with each beat, seamlessly continuing the flow of the piece, and his breath enhances the conclusion, contributing to the overall artistic completeness of the genre.","강호에 기약을 두고 십 년을 분주하니
그 모른 백구는 더디 온다 하려니와
성은이 지중하시매 갚고 갈려 하노라",강호에 / 기약을 / 두고 / 십 년을 / 분주하니 / 그 모른 / 백구는 / 더디 온다 / 하려니와 / 성은이 / 지중하시매 / 갚고 갈려 / 하노라,13.0,411.79
KC_TM_JC_PR_S000013,정가,정악,풍류음악,가사,매화가,김대윤,남창,Eb / Cm,도드리(6박),18/8,180.0,"감상적인(2), 에너지 넘치는(2), 장엄한(2), 품위 있는(2), 경쾌한(1), 다정한(1), 단아한(1), 생기 있는(1), 신나는(1), 어두운(1), 엄숙한(1), 절제된(1), 진지한(1), 평화로운(1), 표현적인(1), 활기찬(1)","단단한(4), 맑은(2), 고운(1), 담백한(1), 묵직한(1), 밝은(1), 비강 울림이 있는(1), 뻗어 나가는(1), 선명한(1), 역동적인(1)","매화가는 정악 중 풍류음악에 속하는 곡으로, 매화에 얹어 북경 사신 역관과의 사랑을 갈구하는 내용의 가사를 담고 있다. 이 곡은 12가사 중 하나로, '그물을 맺고 푸는'이라는 반복적인 구절이 특징이며, 경쾌한 6박 장단이 곁들여져 있다. 19세기부터 불리기 시작한 이 곡은 민속악적 색채가 짙어 잡가로도 분류되며, 서도소리와 유사한 선율적 특징을 보인다. 남창 가창자 김대윤의 목소리는 매화가의 매력을 한층 더 돋보이게 한다. 그의 목소리는 단단한 음색을 지니며, 곡의 리듬과 가사를 효과적으로 전달한다. 김대윤은 발성을 통해 각 음을 명확히 구분하며, 시김새를 적절히 사용하여 곡의 감정선을 부각시킨다. 성량은 안정적이며, 호흡은 자연스럽게 이어져 곡의 흐름을 방해하지 않는다. 도드리 장단의 6박 리듬 위에서 그는 리드미컬하게 움직이며, 가창의 각 부분을 유기적으로 연결한다. 김대윤의 호흡은 곡의 마무리를 장식하며, 전체적인 장르적 완성도를 높이는 데 기여한다. 그의 목소리는 매화가의 이야기를 생동감 있게 전달하며, 청중에게 깊은 인상을 남긴다.","Maehuaga is a piece belonging to the genre of Pungnyu music within the realm of Jeongak, featuring lyrics that express a longing for love with a Beijing envoy, symbolized by the plum blossom. This piece is one of the twelve lyrics, characterized by the repetitive phrase ""weaving and unweaving,"" and is accompanied by a lively 6-beat Jangdan. Having begun to be performed in the 19th century, this piece exhibits a strong folk music color, allowing it to be classified as a Jangga, and it displays melodic characteristics similar to Seodo sori. The voice of the male vocalist Kim Daeyun further enhances the charm of Maehuaga. His voice possesses a solid timbre and effectively conveys the rhythm and lyrics of the piece. Kim Daeyun clearly distinguishes each note through his vocalization and appropriately employs vocal embellishments to highlight the emotional line of the song. His vocal power is stable, and his breath flows naturally, not interrupting the progression of the piece. Over the 6-beat rhythm of the Doduri Jangdan, he moves rhythmically, organically connecting each section of the performance. Kim Daeyun's breath adorns the conclusion of the piece, contributing to the overall genre's completeness. His voice vividly conveys the story of Maehuaga, leaving a profound impression on the audience.","매화야 옛등걸에 봄철이 돌아를온다
옛피었든 가지마다 피염즉도 허다마는
성천이라 동의주를 이리로 접첨 저리로 접첨 접첨 접첨 개어놓고 한손에는 방추들고
또 한손에는 물박들고 흐르는 청수를 드립떠 덤석 이리로 솰솰 저리로 솰솰 출렁 출척
안 남산에 밖 남산에 개암을 심어라 심어라 못다먹는 저 다람의 안과",매화야 / 옛등걸에 / 봄철이 / 돌아를온다 / 옛피었든 / 가지마다 / 피염즉도 / 허다마는 / 성천이라 동의주를 / 이리로 접첨 저리로 접첨 / 접첨 접첨 개어놓고 / 한손에는 방추들고 / 또 한손에는 물박들고 / 흐르는 청수를 드립떠 덤석 / 이리로 솰솰 저리로 솰솰 / 출렁 출척 / 안 남산에 / 밖 남산에 / 개암을 심어라 심어라 / 못다먹는 / 저 다람의 안과,21.0,245.04
KC_TM_JC_PR_S000014,정가,정악,풍류음악,가사,매화가,김희영,여창,Eb / Cm,도드리(6박),18/8,180.0,"단아한(2), 몽환적인(2), 생기 있는(2), 표현적인(2), 가볍고 신비로운(1), 그리운(1), 마음을 울리는(1), 명랑한(1), 부드러운(1), 사색적인(1), 신비로운(1), 아정한(1), 애절한(1), 애정 어린(1), 여유로운(1), 우아한(1), 유려한(1), 편안한(1), 평온한(1), 행복한(1)","깨끗한(3), 여린(3), 맑은(2), 청아한(2), 콧소리 나는(2), 가는(1), 고운(1), 담백한(1), 매끄러운(1), 머금은 듯한(1), 밝은(1), 시원한(1), 유연한(1), 탁 트인(1), 투명한(1), 화사한(1), 힘 있는(1)","매화가는 정악의 풍류음악 장르에 속하는 곡으로, 매화에 얹어 북경 사신 역관과의 사랑을 갈구하는 내용을 담고 있다. 이 곡은 12가사 중 하나로, 반복적인 가사와 경쾌한 6박 장단이 특징이며, 19세기부터 불리기 시작하여 민속악적 색채가 짙어 잡가로 분류되기도 했다. 여창 가창자 김희영의 목소리는 이 곡을 이끌어가는 중요한 요소로, 그녀는 매화가의 멜로디를 섬세하게 표현하며 가사에 담긴 감정을 전달한다. 김희영은 발성과 시김새를 통해 곡의 흐름을 잘 살리며, 성량을 적절히 조절하여 각 구절의 강조점을 명확히 한다. 그녀의 호흡은 곡의 리듬과 조화를 이루며, 도드리 장단의 경쾌한 흐름 속에서 유연하게 이어진다. 이러한 호흡의 조절은 곡의 마무리를 장식하는 데 중요한 역할을 하며, 전체적인 장르의 완성도를 높이는 데 기여한다. 김희영의 창법은 매화가의 특성을 잘 살리며, 청중에게 깊은 인상을 남기는 요소로 작용한다.","Maehuaga is a piece belonging to the genre of Jeongak, characterized by its elegant musical style, and it conveys the longing for love with a Beijing envoy set against the backdrop of plum blossoms. This piece is one of the twelve lyrics, notable for its repetitive lyrics and lively 6-beat Jangdan, and it began to be performed in the 19th century, gradually acquiring a folk music quality that led to its classification as a Jangdan. The voice of the female vocalist Kim Hee-young is a crucial element in guiding this piece, as she delicately expresses the melody of Maehuaga while conveying the emotions embedded in the lyrics. Kim Hee-young skillfully maintains the flow of the piece through her vocalization and expressive techniques, appropriately adjusting her volume to clarify the emphasis of each phrase. Her breath harmonizes with the rhythm of the piece, flowing seamlessly within the lively tempo of the Doduri Jangdan. This control of breath plays an important role in embellishing the conclusion of the piece and contributes to enhancing the overall quality of the genre. Kim Hee-young's singing style effectively captures the essence of Maehuaga, leaving a profound impression on the audience.","매화야 옛등걸에 봄철이 돌아를온다
옛피었든 가지마다 피염즉도 허다마는
성천이라 동의주를 이리로 접첨 저리로 접첨 접첨 접첨 개어놓고
한손에는 방추들고 또 한손에는 물박들고
흐르는 청수를 드립떠 덤석 이리로 솰솰 저리로 솰솰 출렁 출척
안 남산에 밖 남산에 개암을 심어라 심어라 못다먹는 저 다람의 안과",매화야 옛등걸에 / 봄철이 / 돌아를온다 / 옛피었든 / 가지마다 / 피염즉도 허다마는 / 성천이라 동의주를 / 이리로 접첨 저리로 접첨 / 접첨 접첨 개어놓고 / 한손에는 방추들고 / 또 한손에는 물박들고 / 흐르는 청수를 드립떠 덤석 / 이리로 솰솰 저리로 솰솰 출렁 출척 / 안 남산에 / 밖 남산에 / 개암을 심어라 심어라 / 못다먹는 / 저 다람의 안과,18.0,248.04
KC_TM_JC_PR_S000015,정가,정악,풍류음악,가사,백구사,조일하,여창,Eb / Cm,도드리(6박),18/8,80.0,"서사적인(2), 그리운(1), 기품 있는(1), 단아한(1), 명상적인(1), 몽환적인(1), 비통한(1), 시적인(1), 쓸쓸한(1), 애정 어린(1), 에너지 넘치는(1), 여유로운(1), 우아한(1), 우울한(1), 절제된(1), 진심 어린(1), 표현적인(1), 품위 있는(1)","여린(2), 콧소리 나는(2), 가는(1), 날 선(1), 단단한(1), 묵직한(1), 밀도 있는(1), 울리는(1), 청아한(1), 힘 있는(1)","백구사는 정악의 풍류음악 장르에 속하는 가사로, 벼슬에서 물러난 선비가 자연 속에서 백구와 함께하는 한가로운 심정을 담고 있는 곡이다. 이 곡은 도드리장단을 기반으로 하며, 계면조 음계를 사용하여 아름다운 봄 경치를 묘사하는 내용이 특징이다. 여창 가창자 조일하의 목소리는 이 곡의 감정과 내용을 효과적으로 전달하며, 발성에서 가성을 많이 사용하는 특징이 두드러진다. 조일하는 섬세한 시김새로 멜로디를 표현하며, 각 음의 길이와 강약을 조절하여 곡의 흐름을 매끄럽게 이끌어간다. 그녀의 성량은 곡의 다양한 구간에서 적절하게 조절되어, 고음과 저음을 오가며 자연스럽게 연결된다. 또한, 호흡의 조절이 뛰어나 곡의 리듬에 잘 맞춰져 있으며, 도드리장단의 6박 리듬 위에서 유연하게 흐름을 타는 모습을 보여준다. 조일하의 호흡은 곡의 마무리 부분에서 여유롭게 이어지며, 전체적인 장르의 완성도를 높이는 데 기여한다.","Baekgusa is a lyrical piece belonging to the genre of Jeongak's Pungnyu music, encapsulating the leisurely sentiments of a scholar who has retired from official duties and finds solace in nature alongside a white crane. This composition is based on the Doduri Jangdan and employs the Gye-myeonjo scale, characterized by its depiction of beautiful spring scenery. The voice of the female vocalist Jo Il-ha effectively conveys the emotions and content of the piece, prominently featuring the use of falsetto in her vocalization. Jo Il-ha expresses the melody with delicate embellishments, skillfully adjusting the length and dynamics of each note to create a smooth flow throughout the piece. Her vocal range is appropriately modulated across various sections, seamlessly connecting high and low pitches. Additionally, her breath control is exceptional, aligning well with the rhythm of the piece, and she demonstrates a fluidity that rides gracefully on the 6-beat rhythm of the Doduri Jangdan. Jo Il-ha's breath extends leisurely in the concluding part of the composition, contributing to the overall completeness of the genre.","나지마라 너 잡을 내 아니로다 성상이 버리시니 너를 좇아 예 왔노라
오류춘광 경 좋은데 백마금편 화류가자
운침벽계화홍유록한데 만학천봉 비천새라 호중천지 별건곤이 여기로다
고봉만장 청기울한데 녹죽창송은 높기를 다퉈 명사십리에 해당화만 다퓌여서
모진 광풍을 견디지 못허여 뚝뚝 떨어져서 아주 펄펄 날아나니 긘들 아니 경일러냐",나지마라 / 너 잡을 / 내 아니로다 / 성상이 버리시니 / 너를 좇아 예 왔노라 / 오류춘광 / 경 좋은데 / 백마금편 / 화류가자 / 운침벽계 / 화홍유록한데 / 만학천봉 / 비츤새뤄 / 호중천지에 / 별건곤이 여기로다 / 고봉만장 / 청기울한데 / 녹죽창송은 / 높기를 다퉈 / 명사십리에 / 해당화만 다퓌여서 / 모진 광풍을 / 견디지 못허여 / 뚝뚝 떨어져서 / 아주 펄펄 / 날아나니 / 긘들 아니 경일러냐,27.0,429.79
KC_TM_JC_PR_S000016,정가,정악,풍류음악,가사,백구사,홍창남,남창,Ab / Fm,도드리(6박),18/8,80.0,"기품 있는(3), 다이내믹한(2), 진지한(2), 표현적인(2), 강렬한(1), 드라마틱한(1), 부드러운(1), 생기 있는(1), 쓸쓸한(1), 에너지 넘치는(1), 우아한(1), 웅대한(1), 편안한(1), 향토적인(1)","담백한(2), 거친(1), 단단한(1), 매끄러운(1), 묵직한(1), 뻗어 나가는(1), 쇳소리 나는(1), 시원한(1), 역동적인(1), 진한(1), 힘 있는(1)","백구사는 정악의 풍류음악 장르에 속하는 가사로, 벼슬에서 물러난 선비가 자연 속에서 백구와 함께하는 한가로운 심정을 노래한 곡이다. 이 곡은 아름다운 봄 경치를 묘사하며, 작자 미상이나 홍국영이 지었다는 설이 전해진다. 남창 가창자 홍창남은 이 곡을 통해 곡의 서정성을 잘 표현하며, 가사의 내용과 감정을 깊이 있게 전달한다. 그의 목소리는 도드리장단의 6박 리듬에 맞춰 유연하게 흐르며, 가성을 많이 사용하는 발성법을 통해 곡의 감성을 더욱 부각시킨다. 홍창남은 멜로디를 부드럽게 표현하며, 시김새를 적절히 사용하여 곡의 전개를 풍부하게 만든다. 그의 성량은 곡의 각 구절에서 자연스럽게 변화하며, 호흡은 긴 음을 이어가는 데 중요한 역할을 한다. 도드리의 리듬 위에서 그는 안정적인 호흡으로 곡의 흐름을 타며, 마무리 부분에서는 호흡을 통해 곡의 완성도를 높인다. 이러한 요소들은 백구사가 단순한 노래를 넘어, 청중에게 깊은 감동을 주는 작품으로 자리잡게 한다.","Baekgusa belongs to the genre of Jeongak's Pungnyu music and is a song that expresses the leisurely feelings of a scholar who has retired from official duties, spending time in nature alongside a white crane. This piece vividly depicts the beautiful scenery of spring, with its authorship attributed to an unknown writer, though there is a tradition suggesting it was composed by Hong Guk-yeong. The male vocalist Hong Chang-nam effectively conveys the lyrical quality of the song, deeply communicating the content and emotions of the lyrics. His voice flows flexibly in accordance with the 6-beat rhythm of the Doduri Jangdan, and the use of falsetto enhances the emotional depth of the piece. Hong Chang-nam expresses the melody softly and employs appropriate vocal embellishments to enrich the development of the song. His vocal range naturally varies throughout each phrase, with breath control playing a crucial role in sustaining long notes. Riding the rhythm of Doduri, he maintains stable breath support, which elevates the overall quality of the piece, especially in the concluding section where breath contributes to the song's sense of completion. These elements establish Baekgusa as a work that transcends mere song, leaving a profound impact on the audience.","나지마라 너 잡을 내 아니로다
성상이 버리시니 너를 좇아 예 왔노라
오류춘광 경 좋은데 백마금편 화류가자	 운침벽계화홍유록한데 만학천봉 비천새라  호중천지 별건곤이 여긔로다
고봉만장 청기울한데 녹죽창송은 높기를 다퉈
명사십리에 해당화만 다퓌여서
모진 광풍을 견디지 못허여 뚝뚝 떨어져서
아주 펄펄 날아나니 긘들 아니 경일러냐",나지마라 너 잡을 / 내 아니로다 / 성상이 버리시니 너를 좇아 / 예 왔노라 / 오류춘광 경 좋은데 / 백마금편 화류가자 / 운침벽계화홍유록한데 / 만학천봉 비천새라 / 호중천지 별건곤이 여긔로다 / 고봉만장 청기울한데 녹죽창송은 높기를 다퉈 / 명사십리에 / 해당화만 다퓌여서 / 모진 광풍을 / 견디지 못허여 뚝뚝 떨어져서 / 아주 펄펄 날아나니 / 긘들 아니 경일러냐,16.0,429.79
KC_TM_JC_PR_S000017,정가,정악,풍류음악,가사,죽지사,김희영,여창,D / Bm,도드리(6박),18/8,100.0,"가볍고 신비로운(2), 몽환적인(2), 우아한(2), 낭만적인(1), 다이내믹한(1), 다정한(1), 단아한(1), 명랑한(1), 부드러운(1), 생기 있는(1), 서사적인(1), 신비로운(1), 애절한(1), 애정 어린(1), 장엄한(1), 평온한(1)","유연한(2), 가는(1), 고운(1), 깨끗한(1), 맑은(1), 매끄러운(1), 밝은(1), 비강 울림이 있는(1), 여린(1), 울리는(1), 청아한(1), 콧소리 나는(1)","죽지사는 정악 중 풍류음악에 속하는 가사로, 18세기 선비들의 풍류방에서 시작되어 유흥적인 공간으로 확산된 곡이다. 이 곡은 5음 음계 평조로 구성되어 있으며, 각 장단이 6박으로 이루어져 있는 독특한 구조를 지닌다. 여창 가창자 김희영의 목소리는 이 곡을 이끌어가는 중요한 요소로, 그녀는 멜로디를 표현하는 데 있어 전통적인 창법을 충실히 따르며, 시김새를 적절히 활용하여 곡의 흐름을 자연스럽게 이어간다. 김희영은 특히 후렴구에서 입타령으로 된 부분을 통해 노래의 길이를 늘려 주며, 창법의 다양성을 보여준다. 그녀의 성량은 곡의 각 장을 감싸며, 호흡 조절을 통해 긴장감과 이완을 적절히 조화시킨다. 도드리(6박)의 리듬 위에서 김희영은 곡의 흐름을 타며, 가창의 리듬감이 잘 드러나도록 한다. 그녀의 호흡은 곡의 마무리를 섬세하게 장식하며, 전체적인 장르적 완성도를 더욱 높인다.","Jukjisa is a lyrical piece belonging to the genre of Jeongak, specifically within the realm of Pungnyu music, originating in the 18th century from the leisure rooms of scholars and subsequently spreading to more recreational spaces. This piece is structured around a five-note scale in Pyeongjo, featuring a unique arrangement where each Jangdan consists of six beats. The voice of the female vocalist Kim Hee-young serves as a crucial element in guiding the piece, as she faithfully adheres to traditional singing techniques while skillfully employing vocal embellishments to create a seamless flow throughout the composition. Notably, in the refrain, she extends the length of the song through the use of a vocalization technique known as Iptaryeong, showcasing the diversity of her singing style. Her vocal range envelops each section of the piece, and through careful breath control, she harmonizes tension and relaxation effectively. Riding on the rhythm of Doduri (six beats), Kim Hee-young allows the rhythmic quality of her singing to shine through. Her breath delicately adorns the conclusion of the piece, further enhancing the overall genre's completeness.","건곤이 불로월장재허니 적막강산이 금백년 이로구나
어희요 이히요 이히야 어 일심정념은 극락나무아미상 이로구나 야루느니나 야루나
책보다가 창 퉁탕 열치니 강호 둥덩실 백구 둥 떴다
어희요 이히요 이히야 어 일심정념은 극락나무아미상 이로구나 야루느니나 야루나",건곤이 불로월장재허니 / 적막강산이 / 금백년 이로구나 / 어희요 이히요 이히야 / 어 일심정념은 / 극락나무아미상 / 이로구나 야루느니나 야루나 / 책보다가 창 퉁탕 열치니 / 강호 / 둥덩실 백구 둥 떴다 / 어희요 이히요 이히야 / 어 일심정념은 / 극락나무아미상 / 이로구나 야루느니나 야루나,14.0,345.62
KC_TM_JC_PR_S000018,정가,정악,풍류음악,가사,죽지사,이동영,남창,Ab / Fm,도드리(6박),18/8,100.0,"에너지 넘치는(2), 진지한(2), 강한(1), 기품 있는(1), 낭만적인(1), 마음을 울리는(1), 몽환적인(1), 비통한(1), 생기 있는(1), 애절한(1), 여유로운(1), 영웅적인(1), 우아한(1), 평온한(1), 표현적인(1), 품위 있는(1), 활기찬(1)","뻗어 나가는(3), 시원한(2), 공명감 있는(1), 단단한(1), 매끄러운(1), 밀도 있는(1), 비강 울림이 있는(1), 선명한(1), 울리는(1), 진한(1), 탁 트인(1)","죽지사는 12가사 중 하나로, 중국 악부의 영향을 받아 18세기 선비들의 풍류방에서 연행되던 곡으로, 점차 유흥적인 공간으로 확산된 노래이다. 이 곡은 정악의 풍류음악 장르에 속하며, 가사적 특징이 잘 드러나는 작품으로, 총 4장으로 구성되어 있으며 각 장단은 6박으로 이루어져 있다. 특히 제1장과 후렴의 선율이 반복되는 유절 형식을 취하고 있어, 전통적인 한국 가사의 특성을 잘 보여준다. 남창 가창자 이동영의 목소리는 이 곡을 이끌어가는 중요한 요소로, 그의 발성은 명확하고 안정적이며, 각 음을 정확하게 전달한다. 이동영은 시김새를 적절히 활용하여 곡의 감정을 표현하며, 성량을 조절하여 곡의 다양한 구간에서 변화감을 부여한다. 또한, 그의 호흡은 곡의 흐름을 자연스럽게 이어주며, 각 구절의 끝을 매끄럽게 장식한다. 도드리(6박)의 리듬 위에서 가창자는 안정적인 박자를 유지하며, 리듬과 호흡의 조화로 곡의 완성도를 높인다. 이러한 요소들은 죽지사의 전통적인 매력을 잘 전달하며, 가창자가 곡의 구조와 리듬을 효과적으로 살려내는 데 기여한다.","Jukjisa is one of the twelve songs of the traditional repertoire, influenced by Chinese musical forms, and was performed in the leisure halls of scholars during the 18th century, gradually spreading into more recreational spaces. This piece belongs to the genre of Jeongak, characterized by its lyrical features, and is composed of four sections, each structured in a six-beat Jangdan. Notably, the first section and the refrain adopt a strophic form, effectively showcasing the characteristics of traditional Korean lyrics. The male vocalist Lee Dong-young plays a crucial role in guiding the piece, with a voice that is clear and stable, accurately conveying each note. Lee Dong-young skillfully employs vocal embellishments to express the emotions of the piece and adjusts his vocal volume to create a sense of variation throughout different sections. Additionally, his breath control seamlessly connects the flow of the music, elegantly embellishing the ends of each phrase. Over the rhythm of Doduri (six beats), the vocalist maintains a steady tempo, enhancing the overall quality of the piece through the harmony of rhythm and breath. These elements effectively convey the traditional charm of Jukjisa, with the vocalist contributing to the effective realization of the song's structure and rhythm.","건곤이 불로월장재허니 적막강산이 금백년 이로구나
어희요 이히요 이히야 어 일심정념은 극락나무아미상 이로구나 야루느니나 야루나
하날이 높아 구진 비 오니 산과 물과는 만계로 돈다
어희요 이히요 이히야 어 일심정념은 극락나무아미상 이로구나 야루느니나 야루나",건곤이 불로월장재허니 / 적막강산이 / 금백년 이로구나 / 어희요 이히요 이히야 / 어 일심정념은 / 극락나무아미상 / 이로구나 야루느니나 야루나 / 하날이 높아 구진 비 오니 / 산과 물과는 만계로 돈다 / 어희요 이히요 이히야 / 어 일심정념은 / 극락나무아미상 / 이로구나 야루느니나 야루나,13.0,343.82
KC_TM_JC_PR_S000019,정가,정악,풍류음악,가사,어부사,조일하,여창,Eb / Cm,도드리(6박),18/8,80.0,"그리운(2), 유려한(2), 차분한(2), 가볍고 신비로운(1), 기품 있는(1), 낭만적인(1), 다이내믹한(1), 명상적인(1), 몽환적인(1), 신비로운(1), 애정 어린(1), 우아한(1), 우울한(1), 잔잔한(1), 조화로운(1), 표현적인(1), 향수 어린(1)","콧소리 나는(3), 가는(2), 비강 울림이 있는(2), 걸쭉한(1), 고운(1), 깨끗한(1), 날 선(1), 단단한(1), 머금은 듯한(1), 여린(1), 유연한(1), 청아한(1), 탁 트인(1)","어부사는 이현보의 '어부가'와 윤선도의 '어부사시사'를 재구성하여 만든 정악 > 풍류음악 장르의 곡으로, 어부의 한가로운 삶을 그린 가사와 함께 규칙적인 6박 장단을 특징으로 한다. 이 곡은 반복되는 후렴구를 통해 흥겨운 분위기를 자아내며, 가사의 구절과 음악적 구절이 잘 맞아떨어지는 규격화된 형식을 갖추고 있다. 여창 가창자 조일하의 목소리는 이 곡을 이끌어가는 중심적인 요소로, 그녀의 발성은 전통적인 창법을 잘 살려내며, 시김새를 적절히 활용하여 감정을 전달한다. 그녀의 성량은 곡의 흐름에 맞춰 조절되며, 호흡 또한 안정적으로 유지되어 긴 구절을 부드럽게 이어간다. 특히, 여창의 창법은 도드리(6박)의 리듬에 잘 맞춰져 있으며, 각 박자에 맞춘 발음과 시김새의 변화를 통해 리듬감을 더욱 강조한다. 조일하의 호흡은 곡의 전개에 따라 유연하게 변화하며, 곡의 마무리 부분에서는 긴장을 풀어주고 자연스럽게 정리하는 역할을 한다. 이처럼, 가창자는 곡의 구조와 리듬을 잘 이해하고 이를 바탕으로 창법을 구사하여 장르적 완성도를 높인다.","Eobusa is a jeongak piece restructured from Lee Hyun-bo's 'Eobuga' and Yoon Seon-do's 'Eobusa Sisa,' belonging to the genre of pungnyu music, characterized by its regular 6-beat jangdan and lyrics that depict the leisurely life of fishermen. This piece creates a lively atmosphere through its repetitive refrain, featuring a standardized format where the lyrical phrases align harmoniously with the musical passages. The voice of the female vocalist Jo Il-ha serves as a central element driving the piece, as her vocalization effectively embodies traditional singing techniques while appropriately utilizing embellishments to convey emotion. Her vocal volume is adjusted to match the flow of the piece, and her breath control is maintained steadily, allowing for smooth transitions through long phrases. Notably, her singing technique aligns well with the rhythm of doduri (6 beats), emphasizing the sense of rhythm through variations in pronunciation and embellishments corresponding to each beat. Jo Il-ha's breath adapts flexibly throughout the progression of the piece, playing a role in easing tension and providing a natural conclusion in the final section. In this manner, the vocalist demonstrates a deep understanding of the structure and rhythm of the piece, employing her singing technique to enhance the genre's overall completeness.","설빈어옹이 주포간허여 자언거수승거산을
배 띄여라 배 띄여라 조조재락만조래라
지국총지국총어사와허니 의선어부일견고라
청고엽상량풍기허고 홍요화변백로한을",설빈어옹이 / 주포간허여 / 자언거수 / 승거산을 / 배 띄여라 / 배 띄여라 / 조조재락 / 만조래라 / 지국총 / 지국총 / 어사와허니 / 의선어부 / 일견고라 / 청고엽상 / 량풍기허고 / 홍요화 / 변백로한을,17.0,294.79
KC_TM_JC_PR_S000020,정가,정악,풍류음악,가사,어부사,김대윤,남창,Ab / Fm,도드리(6박),18/8,80.0,"몽환적인(2), 진지한(2), 표현적인(2), 감상적인(1), 기품 있는(1), 낭만적인(1), 다이내믹한(1), 마음을 울리는(1), 부드러운(1), 사색적인(1), 애절한(1), 에너지 넘치는(1), 우아한(1), 조화로운(1), 차분한(1), 편안한(1)","뻗어 나가는(2), 진한(2), 깨끗한(1), 단단한(1), 맑은(1), 밝은(1), 시원한(1), 유연한(1), 직진의(1)","어부사는 이현보의 '어부가'와 윤선도의 '어부사시사'를 재구성하여 만든 12가사 중 하나로, 정악 > 풍류음악 장르에 속하는 곡이다. 이 곡은 어부의 한가로운 삶을 주제로 하며, 규칙적인 6박 장단에 맞춰 '지국총', '배 띄어라' 같은 반복되는 후렴구로 흥겹게 노래된다. 가사의 구절과 음악적 구절이 잘 어우러지는 구조적 특징을 가지고 있어, 전통적인 가사의 매력을 잘 드러낸다. 남창 가창자 김대윤의 목소리는 이 곡의 흐름을 자연스럽게 이끌어가며, 발성의 안정성과 함께 시김새를 적절히 사용하여 가사의 의미를 효과적으로 전달한다. 김대윤은 고유의 창법으로 멜로디를 표현하며, 각 구절에서의 성량 조절과 호흡의 리듬감을 통해 곡의 전개를 매끄럽게 이어간다. 도드리(6박)의 리듬 위에서 가창자는 각 박자에 맞춰 일관되게 흐름을 타며, 호흡을 적절히 조절하여 곡의 마무리를 장식한다. 이러한 호흡의 조화는 장르적 완성도를 높이며, 청중에게 깊은 인상을 남긴다.","Eobusa is one of the twelve lyrics reconstructed from Lee Hyun-bo's 'Eobuga' and Yoon Seon-do's 'Eobusasisasa,' belonging to the genre of Jeongak > Pungnyu music. This piece centers on the leisurely life of a fisherman and is joyfully sung with repetitive refrains such as 'Jigukchong' and 'Bae Ttieora' in accordance with a regular 6-beat Jangdan. It features a structural characteristic where the lyrical phrases and musical phrases harmoniously blend, effectively showcasing the charm of traditional lyrics. The voice of the male vocalist Kim Dae-yoon naturally guides the flow of the piece, using stable vocalization and appropriate embellishments to convey the meaning of the lyrics effectively. Kim Dae-yoon expresses the melody with his unique singing style, smoothly transitioning the development of the piece through control of volume and rhythmic breathing in each phrase. Over the Doduri (6-beat) rhythm, the vocalist consistently maintains the flow in accordance with each beat, skillfully adjusting his breath to conclude the piece. This harmony of breath enhances the genre's completeness and leaves a profound impression on the audience.","설빈어옹이 주포간허여 자언거수승거산을
배 띄여라 배 띄여라 조조재락만조래라
지국총지국총 어사와허니 의선어부일견고라
청고엽상량풍기허고 홍요화변 백로한을",설빈어옹이 / 주포간허여 / 자언거수승거산을 / 배 띄여라 / 배 띄여라 / 조조재락만조래라 / 지국총지국총 / 어사와허니 / 의선어부 / 일견고라 / 청고엽상량 / 풍기허고 / 홍요화변 백로한을,13.0,294.79
KC_TM_JC_PR_S000021,정가,정악,풍류음악,가사,황계사,조일하,여창,Eb / Cm,도드리(6박),18/8,80.0,"몽환적인(2), 가볍고 신비로운(1), 그루브감 있는(1), 그리운(1), 기품 있는(1), 단아한(1), 명랑한(1), 부드러운(1), 생기 있는(1), 서사적인(1), 신비로운(1), 쓸쓸한(1), 아정한(1), 애정 어린(1), 우아한(1), 유려한(1), 차분한(1), 표현적인(1), 환상적인(1)","고운(2), 비강 울림이 있는(2), 콧소리 나는(2), 가는(1), 단단한(1), 매끄러운(1), 뻗어 나가는(1), 역동적인(1), 울리는(1), 청아한(1)","황계사는 임과의 이별 후 허전하고 쓸쓸한 마음을 노래한 고려가요 '청산별곡'과 유사한 정악 > 풍류음악 장르의 곡이다. 이 곡은 12가사 중 하나로, 독특한 음계와 민요풍의 요성법을 사용하여 가사가 여러 고사에 인용되며 후렴구와 본절이 교차되는 형식을 취하고 있다. 여창 가창자 조일하의 목소리는 이 곡의 감정을 효과적으로 이끌어내며, 그녀의 발성은 부드럽고 유연하게 멜로디를 표현한다. 조일하는 복잡한 시김새를 활용하여 가사의 의미를 더욱 부각시키며, 각 음절에 대한 섬세한 접근으로 청중의 귀를 사로잡는다. 성량은 적절하게 조절되며, 호흡은 곡의 흐름을 자연스럽게 이어주고 긴장감과 여유를 적절히 배분하여 곡의 구조적 완성도를 높인다. 도드리(6박)의 리듬 위에서 가창자는 안정된 호흡을 통해 리듬의 흐름을 잘 타고 있으며, 곡의 마무리에서는 호흡을 통해 여운을 남기며 청중에게 깊은 여운을 전한다. 이러한 요소들이 결합되어 황계사는 정교한 창법으로 곡의 매력을 한층 더한다.","Hwanggye-sa is a piece within the genre of Jeongak > Pungnyu music, similar to the Goryeo song ""Cheongsanbyeolgok,"" which expresses a sense of emptiness and loneliness following a separation from a loved one. This piece is one of the twelve lyrics, employing a unique scale and a folk song-style vocal technique, with lyrics that reference various historical anecdotes and a structure that alternates between the refrain and the main verse. The voice of the female vocalist Jo Il-ha effectively conveys the emotions of the piece, with her vocalization expressing the melody in a soft and flexible manner. Jo Il-ha utilizes complex ornamentation to further highlight the meaning of the lyrics, captivating the audience with her delicate approach to each syllable. Her vocal volume is appropriately controlled, and her breath seamlessly connects the flow of the piece, skillfully balancing tension and relaxation to enhance the structural completeness of the work. Riding on the rhythm of Doduri (6 beats), the vocalist maintains stable breath control, effectively navigating the rhythmic flow, and in the conclusion of the piece, she leaves a lingering resonance through her breath, imparting a profound aftertaste to the audience. These elements combine to elevate Hwanggye-sa's charm through its intricate vocal technique.","일조낭군 이별후에 소식조차 돈절허다 지화자 좋을시고
좋을 좋을 좋은 경에 얼시구 좋다 경이로다 지화자 좋을시고
한곳을 들어가니 육관대사 성진이는 팔선녀 다리고 희롱헌다
얼시고 좋다 경이로다 지화자 좋을시고
황혼 저문날 기약 두고 어디를 가고서 날 아니 찾나 지화자 좋을시고",일조낭군 / 이별후에 / 소식조차 / 돈절허다 / 지화자 / 좋을시고 / 좋을 / 좋을 / 좋은 / 경에 / 얼시구 좋다 / 경이로다 / 지화자 / 좋을시고 / 한곳을 / 들어가니 / 육관대사 / 성진이는 / 팔선녀 다리고 / 희롱헌다 / 얼시고 좋다 / 경이로다 / 지화자 / 좋을시고 / 황혼 / 저문날 / 기약 두고 / 어디를 / 가고서 / 날 아니 찾나 / 지화자 / 좋을시고,32.0,375.79
KC_TM_JC_PR_S000022,정가,정악,풍류음악,가사,황계사,이동영,남창,Ab / Fm,도드리(6박),18/8,100.0,"웅대한(3), 기품 있는(2), 장엄한(2), 강한(1), 도취된(1), 명상적인(1), 생기 있는(1), 에너지 넘치는(1), 여유로운(1), 잔잔한(1), 절제된(1), 진심 어린(1), 진지한(1), 침울한(1), 평온한(1)","단단한(4), 콧소리 나는(3), 묵직한(2), 걸쭉한(1), 밀도 있는(1), 비강 울림이 있는(1), 유연한(1)","황계사는 임과의 이별 후 허전한 마음을 노래한 정악 > 풍류음악의 곡으로, 고려가요 '청산별곡'과 유사한 요소를 지니고 있다. 이 곡은 독특한 음계와 민요풍의 요성법을 사용하며, 여러 고사가 인용된 가사와 후렴구, 본절이 교차되는 형식을 통해 깊이 있는 내용을 전달한다. 남창 가창자 이동영의 목소리는 단단한 음색으로 곡의 감정을 강하게 전달하며, 발성과 시김새를 통해 멜로디를 섬세하게 표현한다. 그의 성량은 곡 전체에 걸쳐 안정적이며, 호흡 조절이 뛰어나 긴 구절에서도 일관성을 유지한다. 특히, 시김새의 사용은 전통적인 창법을 잘 살리며, 각 음의 뉘앙스를 효과적으로 드러낸다. 도드리(6박)의 리듬 위에서 이동영은 안정적인 템포를 유지하며, 호흡의 흐름을 통해 곡의 전개를 자연스럽게 이어간다. 그의 호흡은 곡의 마무리를 부드럽게 장식하며, 전체적인 장르의 완성도를 높이는 데 기여한다.","Hwanggyeongsa is a Jeongak piece that expresses a sense of emptiness following parting from a loved one, and it shares similar elements with the Goryeo folk song ""Cheongsanbyeolgok."" This composition employs a unique scale and the folk song style of Yosungbeop, conveying profound content through a format that intertwines lyrics quoting various historical tales, a refrain, and the main verses. The voice of the male vocalist Lee Dong-young delivers the emotions of the piece with a solid timbre, expressing the melody delicately through his vocalization and embellishments. His vocal range remains stable throughout the entire piece, showcasing excellent breath control that maintains consistency even in long phrases. Notably, the use of embellishments effectively preserves traditional singing techniques, revealing the nuances of each note. Over the rhythm of Doduri (6 beats), Lee Dong-young maintains a steady tempo and naturally progresses the development of the piece through the flow of his breath. His breath gracefully adorns the conclusion of the composition, contributing to the overall completeness of the genre.","일조낭군 이별후에 소식조차 돈절허다 지화자 좋을시고
좋을 좋을 좋은 경에 얼시구 좋다 경이로다 지화자 좋을시고
한 곳을 들어가니 육관대사 성진이는 팔선녀 다리고 희롱헌다
얼시고 좋다 경이로다 지화자 좋을시고
황혼 저문날 기약 두고 어디를 가고서 날 아니 찾나 지화자 좋을시고",일조낭군 이별후에 / 소식조차 돈절허다 / 지화자 좋을시고 / 좋을 좋을 좋은 경에 / 얼시구 좋다 경이로다 / 지화자 좋을시고 / 한 곳을 들어가니 / 육관대사 성진이는 / 팔선녀 다리고 희롱헌다 / 얼시고 좋다 경이로다 / 지화자 좋을시고 / 황혼 저문날 기약 두고 / 어디를 가고서 날 아니 찾나 / 지화자 좋을시고,14.0,300.62
KC_TM_JC_PR_S000023,정가,정악,풍류음악,가사,수양산가,조일하,여창,Eb / Cm,도드리(6박),18/8,80.0,"가볍고 신비로운(3), 강렬한(1), 경쾌한(1), 귀여운(1), 단아한(1), 명랑한(1), 생기 있는(1), 서사적인(1), 시적인(1), 신비로운(1), 쓸쓸한(1), 에너지 넘치는(1), 절제된(1), 조화로운(1), 진심 어린(1), 편안한(1), 표현적인(1), 향토적인(1)","날카로운(3), 맑은(2), 가는(1), 고운(1), 매끄러운(1), 선명한(1), 섬세한(1), 쇳소리 나는(1), 시원한(1), 울리는(1), 청아한(1), 콧소리 나는(1), 탁 트인(1)","수양산가는 정악 중 풍류음악에 속하는 가사 곡으로, 세상사를 잊고 오늘을 즐기자는 주제를 담고 있다. 이 곡은 19세기 중후반에 발생하여 유흥적인 성격을 띠며, 12가사 중 하나로 구성되어 있다. 여창 가창자 조일하의 목소리는 이 곡의 독특한 매력을 이끌어내는 중요한 요소이다. 조일하는 발성에서 안정감을 유지하며, 곡의 흐름에 맞춰 유연하게 음을 조절한다. 그녀는 시김새를 통해 곡의 감정을 표현하고, 멜로디의 변화를 섬세하게 전달한다. 성량이 풍부하여 곡의 다양한 음역대를 소화하며, 호흡을 적절히 조절하여 각 구절의 마무리를 자연스럽게 이어간다. 도드리장단의 6박 리듬 위에서 조일하의 목소리는 경쾌하게 흐름을 타며, 리듬의 변화를 감각적으로 받아들여 곡에 생동감을 부여한다. 그녀의 호흡은 곡의 마지막을 장식하며, 전체적인 장르적 완성도를 높이는 데 기여한다.","Suyangsangga is a lyrical piece belonging to the genre of Pungnyu music within the realm of Jeongak, encapsulating the theme of forgetting worldly matters and enjoying the present moment. This composition emerged in the mid to late 19th century and carries a playful character, being one of the twelve lyrical pieces. The voice of the female vocalist Jo Il-ha is a crucial element that brings out the unique charm of this piece. Jo Il-ha maintains a sense of stability in her vocalization while flexibly adjusting her pitch in accordance with the flow of the music. Through her use of sigimsae, she conveys the emotions of the piece and delicately communicates the changes in melody. With a rich vocal timbre, she navigates the various ranges of the composition and skillfully manages her breath to seamlessly connect the endings of each phrase. Over the 6-beat rhythm of Doduri Jangdan, Jo Il-ha's voice flows with a lively cadence, sensibly responding to the rhythmic changes and infusing the piece with vitality. Her breath adorns the conclusion of the composition, contributing to the overall genre's completeness.","수양산에 고사리를 꺾어 위수빈에 고기를 낚아
의적의 빚은 술 이태백 밝은 달이 등왕각 높은 집에
장건이 승사허고 달 구경 가는 말명을 청허자
바람 불고 눈비 오랴는가 동녘을 바라보니
자미봉 자각봉 자청청 밝은 달이 벽소백운이
층층방곡이 절로 검어 휜들휘휜들
네로 니네로 노느니나 네헤루니루허고
나루니루허고 네루나니 나루나루니루허고 네루네니
느니나노 느흐니나니 나느니나노 느니나노 노느니나",수양산에 / 고사리를 꺾어 / 위수빈에 / 고기를 낚아 / 의적의 빚은 술 / 이태백 밝은 달이 / 등왕각 높은 집에 / 장건이 승사허고 / 달 구경 가는 말명을 청허자 / 바람 불고 눈비 오랴는가 / 동녘을 바라보니 / 자미봉 자각봉 / 자청청 밝은 달이 / 벽소백운이 / 층층방곡이 절로 검어 / 휜들휘휜들 / 네로 니네로 / 노느니나 네헤루니루허고 / 나루니루허고 네루나니 / 나루나루니루허고 네루네니 / 느니나노 / 느흐니나니 / 나느니나노 / 느니나노 노느니나,24.0,321.79
KC_TM_JC_PR_S000024,정가,정악,풍류음악,가사,수양산가,홍창남,남창,C / Am,도드리(6박),18/8,80.0,"표현적인(3), 아정한(2), 열정적인(2), 향토적인(2), 가볍고 신비로운(1), 경쾌한(1), 그루브감 있는(1), 도취된(1), 부드러운(1), 생기 있는(1), 쓸쓸한(1), 애절한(1), 에너지 넘치는(1), 영감을 주는(1), 영웅적인(1), 진지한(1), 활기찬(1)","단단한(2), 맑은(2), 걸쭉한(1), 긁히는(1), 매끄러운(1), 머금은 듯한(1), 시원한(1), 안쪽에서 울리는(1), 울리는(1), 유연한(1), 힘 있는(1)","수양산가는 정악 중에서도 풍류음악의 한 갈래로, 세상사를 잊고 현재를 즐기자는 메시지를 담고 있는 가사 곡이다. 이 곡은 19세기 중후반에 발생하여 유흥적인 성격이 강하며, 백이숙제와 같은 중국의 고사를 인용하여 그 배경을 형성한다. 남창 가창자 홍창남의 목소리는 이 곡을 이끌어가는 중요한 요소로, 그의 발성은 명확하고 힘이 있으며, 각 음절을 정확하게 전달하는 데 중점을 둔다. 홍창남은 시김새를 적절히 활용하여 곡의 감정을 표현하며, 전통적인 창법을 통해 깊이 있는 해석을 보여준다. 그의 성량은 곡의 흐름에 맞춰 조절되며, 호흡의 리듬 또한 곡의 전개에 자연스럽게 녹아들어 있다. 도드리장단의 6박 리듬 위에서 그는 안정적인 호흡으로 멜로디의 흐름을 타고, 각 구절의 마무리를 부드럽게 장식하여 곡의 완성도를 높인다. 이러한 요소들은 수양산가가 지닌 정악의 특성을 잘 드러내며, 홍창남의 가창은 이 곡의 매력을 더욱 부각시킨다.","Suyangsangga is a lyrical piece within the genre of jeongak, representing a branch of pungsu music that conveys a message of enjoying the present while forgetting worldly affairs. This piece emerged in the mid to late 19th century and possesses a strong entertainment character, drawing upon historical anecdotes from China, such as the tale of Baek Yi-sukje, to form its background. The voice of the male vocalist Hong Chang-nam serves as a crucial element in guiding this piece, characterized by clarity and strength, with a focus on accurately conveying each syllable. Hong Chang-nam effectively utilizes vocal embellishments to express the emotions of the piece, demonstrating a profound interpretation through traditional singing techniques. His vocal volume is adjusted in accordance with the flow of the piece, and the rhythm of his breathing naturally integrates into the development of the music. Riding on the 6-beat rhythm of the doduri jangdan, he maintains a stable breath to navigate the melody, gracefully embellishing the endings of each phrase to enhance the overall quality of the piece. These elements distinctly highlight the characteristics of jeongak inherent in Suyangsangga, while Hong Chang-nam's singing further accentuates the charm of this work.","수양산에 고사리를 꺾어 위수빈에 고기를 낚아
의적의 빚은 술 이태백 밝은 달이 등왕각 높은 집에
장건이 승사허고 달 구경 가는 말명을 청허자
바람 불고 눈비 오랴는가 동녘을 바라보니
자미봉 자각봉 자청청 밝은 달이 벽소백운이
층층방곡이 절로 검어 휜들휘휜들
네로 니네로 노느니나 네헤루니루허고
나루니루허고 네루나니 나루나루니루허고 네루네니
느니나노 느흐니나니 나느니나노 느니나노 노느니나",수양산에 / 고사리를 꺾어 / 위수빈에 / 고기를 낚아 / 의적의 빚은 술 / 이태백 밝은 달이 / 등왕각 높은 집에 / 장건이 승사허고 / 달 구경 가는 / 말명을 청허자 / 바람 불고 눈비 오랴는가 / 동녘을 바라보니 / 자미봉 자각봉 / 자청청 밝은 달이 / 벽소백운이 층층방곡이 / 절로 검어 / 휜들휘휜들 / 네로 니네로 / 노느니나 네헤루니루허고 / 나루니루허고 네루나니 / 나루나루니루허고 네루네니 / 느니나노 느흐니나니 / 나느니나노 느니나노 / 노느니나,24.0,321.79
KC_TM_JC_PR_S000025,정가,정악,풍류음악,가곡,여창가곡 평조 우락(바람은 지동치듯 불고),조일하,여창,A / Gbm,10점16박,48/8,120.0,"마음을 울리는(3), 신비로운(3), 우아한(3), 그리운(2), 다이내믹한(2), 몽환적인(2), 평화로운(2), 다정한(1), 단아한(1), 따뜻한(1), 명랑한(1), 생기 있는(1), 서사적인(1), 시적인(1), 애절한(1), 유려한(1), 조화로운(1), 진지한(1), 행복한(1), 향수 어린(1), 환상적인(1)","여린(3), 단단한(2), 머금은 듯한(2), 비강 울림이 있는(2), 콧소리 나는(2), 화사한(2), 가는(1), 고운(1), 공명감 있는(1), 깨끗한(1), 맑은(1), 매끄러운(1), 뻗어 나가는(1), 섬세한(1), 정제된(1), 청아한(1), 탁 트인(1), 투명한(1)","여창가곡 평조 우락은 정악의 풍류음악 장르에 속하며, '우조에 의한 낙시조'라는 의미를 지닌 곡으로, 남창과 여창의 두 가지 방식으로 불리는 특징이 있다. 이 곡은 낮은 음으로 시작하는 남창과 높은 음으로 시작하는 여창의 대조적인 창법을 통해 맑고 깨끗한 기상을 표현하는데, 특히 '바람은 지동치듯 불고'라는 시조시를 노랫말로 삼아 자연의 흐름을 담아낸다. 여창 가창자 조일하는 이 곡의 흐름을 이끌어가며, 그녀의 목소리는 높은 음역을 통해 선명한 멜로디를 전달한다. 조일하의 창법은 발성이 뚜렷하고, 시김새를 적절히 사용하여 곡의 감정을 효과적으로 표현한다. 그녀는 곡의 구조에 맞춰 음의 높낮이를 조절하며, 성량을 통해 각 음절에 생동감을 불어넣는다. 호흡은 안정적이며, 필요에 따라 적절히 숨을 고르면서도 곡의 리듬을 유지하는 데 기여한다. 10점16박의 리듬 위에서 조일하는 곡의 흐름을 자연스럽게 타며, 그녀의 호흡은 곡의 마무리를 부드럽게 장식하고, 전체적인 장르적 완성도를 높이는 역할을 한다.","The female vocal piece ""Pyeongjo Urak"" belongs to the genre of Jeongak, which is characterized as a refined form of traditional Korean music. The title translates to ""Naksijo based on Ujo,"" and it is notable for being performed in two distinct styles: Namchang (male vocal) and Yeochang (female vocal). This piece expresses a clear and pristine atmosphere through the contrasting vocal techniques of the low-pitched Namchang and the high-pitched Yeochang, particularly utilizing the lyrics from the Sijo poem ""The wind blows as if it stirs the earth"" to capture the essence of nature's flow. The Yeochang vocalist, Jo Il-ha, leads the progression of the piece, her voice conveying a clear melody through its higher register. Jo Il-ha's singing technique features distinct vocalization and effectively employs ornamentation (sigimsae) to express the emotions of the piece. She adjusts the pitch according to the structure of the composition, infusing each syllable with vitality through her dynamic vocal strength. Her breath control is stable, allowing her to take appropriate pauses while maintaining the rhythm of the piece. Riding smoothly on the rhythm of 10/16, Jo Il-ha's breath gracefully embellishes the conclusion of the piece, enhancing the overall genre's completeness.","바람은 지동치듯 불고 구진 비는 붓드시 온다
눈 정에 거룬 님을 오날밤 서로 만나자 하고 판 척 처서 맹세 받았더니 이 풍우 중에 제 어이오리
진실로 오기 곧 오량이면 연분인가 하노라",바람은 / 지동치듯 / 불고 / 구진 비는 / 붓드시 온다 / 눈 정에 거룬 님을 / 오날밤 서로 만나자 하고 / 판 척 처서 맹세 받았더니 / 이 풍우 중에 / 제 어이오리 / 진실로 / 오기 곧 오량이면 / 연분인가 / 하노라,14.0,319.54
KC_TM_JC_PR_S000026,정가,정악,풍류음악,가곡,여창가곡 계면조 계락(청산도 절로절로),박진희,여창,Ab / Fm,10점16박,48/8,140.0,"가볍고 신비로운(4), 우아한(2), 유려한(2), 기품 있는(1), 단아한(1), 도취된(1), 몽환적인(1), 쓸쓸한(1), 애절한(1), 여유로운(1), 진지한(1), 차분한(1), 표현적인(1), 환상적인(1)","고운(2), 맑은(2), 매끄러운(1), 머금은 듯한(1), 뻗어 나가는(1), 여린(1), 유연한(1), 정제된(1), 청아한(1), 콧소리 나는(1), 투명한(1), 화사한(1)","여창가곡 계면조 계락은 정악의 풍류음악 장르에 속하는 곡으로, 계면조에 의한 낙시조로 우락과 대를 이루는 독특한 배경을 가진다. 이 곡은 남창과 여창의 조화로운 가창을 통해 가곡의 특징이 잘 드러나며, 특히 여창 가창자 박진희의 목소리는 곡의 흐름을 매끄럽게 이끌어간다. 박진희는 애잔하면서도 유려한 선율을 통해 계면조의 특성을 잘 살리며, 창법에서의 섬세한 시김새와 발성으로 곡의 감정을 전달한다. 그녀의 목소리는 가볍고 신비로운 분위기를 자아내며, 각 음을 부드럽게 이어가면서도 강한 성량을 바탕으로 청중의 귀를 사로잡는다. 호흡의 조절이 뛰어나고, 멜로디의 흐름에 따라 자연스럽게 리듬을 타며 곡의 긴장감을 조절한다. 특히 10점16박의 리듬 위에서 박진희의 목소리는 유연하게 움직이며, 각 박자의 흐름에 맞춰 호흡을 조절하여 곡의 마무리를 아름답게 장식한다. 이러한 요소들은 곡의 장르적 완성도를 높이며, 청중에게 깊은 여운을 남긴다.","The female vocal piece ""Gye-myeonjo Gye-rak"" belongs to the genre of Jeongak, which is characterized by its elegant musical style. This composition features a unique background that contrasts the Gye-myeonjo with the Nak-sijo, creating a harmonious interplay between male and female vocals. The distinctive qualities of the song are well-expressed through the balanced singing of the male and female voices, particularly highlighted by the performance of female vocalist Park Jin-hee, whose voice smoothly guides the flow of the piece. Park Jin-hee effectively captures the essence of Gye-myeonjo through her poignant yet fluid melodies, conveying the emotions of the piece with delicate nuances and vocal techniques. Her voice evokes a light and mysterious atmosphere, seamlessly connecting each note while captivating the audience with a strong timbre. Her exceptional breath control allows her to naturally ride the rhythm in accordance with the melodic flow, adjusting the tension of the piece. Notably, over the 10-beat 16 rhythm, Park Jin-hee's voice moves with flexibility, regulating her breath to beautifully conclude the composition. These elements enhance the genre's artistic completeness and leave a profound resonance with the audience.","청산도 절로절로 녹수라도 절로절로
산 절로절로 수 절로절로 산수간에 나도 절로절로  우리도 절로절로 자라난 몸이니 늙기도 절로절로 늙으리라",청산도 절로절로 / 녹수라도 절로절로 / 산 절로절로 수 절로절로 / 산수간에 나도 절로절로 / 우리도 / 절로절로 자란몸이니 늙기도 / 절로절로 늙으리라,7.0,235.32
KC_TM_JC_PR_S000027,정가,정악,풍류음악,가곡,여창가곡 계면조 평롱(북두칠성),박진희,여창,Ab / Fm,10점16박,48/8,140.0,"우아한(3), 몽환적인(2), 생기 있는(2), 서사적인(2), 신비로운(2), 가볍고 신비로운(1), 낭만적인(1), 드라마틱한(1), 따뜻한(1), 마음을 울리는(1), 부드러운(1), 쓸쓸한(1), 애절한(1), 유려한(1), 즐거운(1), 환상적인(1)","맑은(4), 가는(2), 고운(2), 깨끗한(2), 청아한(2), 투명한(2), 선명한(1), 여린(1), 유연한(1)","여창가곡 계면조 평롱은 정악의 풍류음악 장르에 속하는 곡으로, '평롱'이라는 이름은 '평평하고 낮게 부르는 농'을 의미하며, 높은 음으로 지르는 얼롱과 대조되는 특징을 지닌다. 이 곡은 남녀창 모두 부를 수 있으며, 가곡의 한 바탕에서 우조와 계면조를 연결하는 가교 역할을 하거나 곡태가 흥청거리는 멋을 보여준다. 박진희의 목소리는 이 곡에서 맑은 음색으로 청아함을 더하며, 전통적인 창법을 통해 멜로디를 섬세하게 표현한다. 그녀는 발성에서 명확한 음정을 유지하면서도 시김새를 적절히 활용하여 곡의 감정을 전달한다. 성량은 안정적이며, 호흡은 길고 느긋하게 이어져 각 음절에 여유를 주어 청중이 자연스럽게 곡의 흐름에 몰입할 수 있도록 한다. 10점16박의 리듬 위에서 그녀의 목소리는 부드럽게 흐르며, 각 음의 연결이 매끄러워 리듬의 변화를 자연스럽게 받아들이게 한다. 호흡은 곡의 마무리에서 중요한 역할을 하며, 마지막 음을 길게 끌어주어 곡의 완성도를 높이고 청중에게 깊은 여운을 남긴다.","The female vocal piece ""Gye-myeonjo Pyeongrong"" belongs to the genre of Jeongak's Pungnyu music, with the name 'Pyeongrong' signifying 'a low and flat singing style,' contrasting with the high-pitched and forceful 'Eollong.' This piece can be performed by both male and female singers and serves as a bridge connecting the Ujo and Gye-myeonjo within the framework of the Gagok, while also showcasing the lively character of the musical form. Jeong Jin-hee's voice adds clarity and purity to the piece, delicately expressing the melody through traditional singing techniques. She maintains precise pitch in her vocalization while skillfully employing ornamentation to convey the emotions of the piece. Her vocal strength is stable, and her breath control is long and relaxed, allowing each syllable to breathe, enabling the audience to immerse themselves naturally in the flow of the music. Over a 10-beat 16-unit rhythm, her voice flows smoothly, with seamless connections between notes that facilitate a natural acceptance of rhythmic changes. Breath plays a crucial role in the conclusion of the piece, extending the final note to enhance the overall quality of the performance and leaving a profound resonance with the audience.","북두칠성 하나 둘 셋 넷 다섯 여섯 일곱 분께 민망한 발괄 소지 한 장 아뢰나이다
그리든 님을 만나 정옛말쌈 채 못하여 날이 쉬 새니 글로 민망
밤 중만 삼태성 차사 놓아 샛별 없이 하소서",북두칠성 하나 둘 / 셋 넷 다섯 여섯 / 일곱 분께 / 민망한 발괄 소지 / 한 장 아뢰나이다 / 그리든 님을 만나 / 정옛말쌈 채 못하여 / 날이 쉬 새니 / 글로 민망 / 밤 중만 / 삼태성 차사 / 놓아 / 샛별 없이 / 하소서,14.0,257.18
KC_TM_JC_PR_S000028,정가,정악,풍류음악,가곡,남창가곡 계면조 삼수대엽(석양에 취흥을 겨워),김대윤,남창,Ab / Fm,10점16박,48/8,100.0,"기품 있는(2), 부드러운(2), 영웅적인(2), 강력한(1), 강렬한(1), 단아한(1), 도취된(1), 명랑한(1), 사색적인(1), 에너지 넘치는(1), 여유로운(1), 진지한(1), 차분한(1), 표현적인(1), 향수 어린(1), 활기찬(1)","묵직한(2), 울리는(2), 담백한(1), 뻗어 나가는(1), 선명한(1), 시원한(1), 정제된(1), 직진의(1), 탁 트인(1), 힘 있는(1)","남창가곡 계면조 삼수대엽은 정악의 풍류음악 장르에 속하며, 가곡의 특징이 잘 드러나는 곡이다. 이 곡은 삭대엽에서 파생된 것으로, 초수대엽과 유사한 형식을 가지면서도 선율이 더 높게 진행되어 남창의 특성을 잘 표현하고 있다. 특히 '장군이 출정하는 듯한' 씩씩한 기상이 느껴지는 이 곡은 화려하고 웅장한 남성적 매력을 지닌다. 남창 가창자 김대윤의 목소리는 이 곡의 선율을 이끌어가며, 발성과 시김새에서 전통적인 창법의 특징을 잘 드러낸다. 그의 목소리는 곡의 구조에 따라 고음에서 안정적으로 발음되며, 시김새를 통해 감정의 변화를 섬세하게 표현한다. 성량이 풍부하여 곡의 각 구절을 강하게 전달하며, 호흡의 조절이 뛰어나 리듬의 흐름을 자연스럽게 이어간다. 이 곡의 10점16박 리듬 위에서 김대윤은 유연하게 흐름을 타며, 각 음절의 끝을 잘 살려 곡의 긴장감을 유지한다. 그의 호흡은 곡의 마무리를 장식하며, 전통 가곡의 완성도를 높이는 데 기여한다.","The male vocal genre of Gagok in the Gye-myeon-jo mode, specifically the Sam-su-dae-yeop, belongs to the realm of Jeongak's refined music and is a piece that distinctly showcases the characteristics of Gagok. This composition is derived from the Sak-dae-yeop and shares a similar structure with the Cho-su-dae-yeop, yet it progresses with a higher melody that effectively expresses the traits of male singing. Notably, the piece conveys a vigorous spirit reminiscent of a 'general heading into battle,' exuding a splendid and grand masculine charm. The voice of male vocalist Kim Dae-yun leads the melody of this piece, revealing the characteristics of traditional singing techniques through his vocalization and ornamentation. His voice is pronounced stably in the high register according to the structure of the piece, delicately expressing emotional changes through ornamentation. With a rich vocal timbre, he powerfully conveys each phrase of the composition, and his exceptional breath control seamlessly maintains the flow of rhythm. Over the 10-beat 16-pulse rhythm, Kim Dae-yun fluidly navigates the musical flow, skillfully emphasizing the ends of each syllable to sustain the piece's tension. His breath adorns the conclusion of the composition, contributing to the overall completeness of traditional Gagok.","석양에 취흥을 겨워 나귀 등에 실렸으니
십리 계산이 몽리에 지나거다
어디서 수성 어적이 잠든 나를 깨오느니",석양에 / 취흥을 / 겨워 / 나귀 등에 / 실렸으니 / 십리계산이 / 몽리에 / 지나거다 / 어듸서 / 수성어적이 / 잠든 나를 / 깨우느니,12.0,327.62
KC_TM_JC_PR_S000029,정가,정악,풍류음악,가곡,남창가곡 계면조 초수대엽(청석령 지나거다),이동영,남창,Ab / Fm,10점16박,48/8,140.0,"진지한(2), 강렬한(1), 기품 있는(1), 다이내믹한(1), 마음을 울리는(1), 몽환적인(1), 사색적인(1), 서사적인(1), 신비로운(1), 영웅적인(1), 웅대한(1), 잔잔한(1), 차분한(1), 침울한(1), 편안한(1), 평온한(1), 평화로운(1), 표현적인(1), 향수 어린(1)","묵직한(2), 유연한(2), 콧소리 나는(2), 탁 트인(2), 단단한(1), 담백한(1), 머금은 듯한(1), 밀도 있는(1), 뻗어 나가는(1), 정제된(1), 진한(1)","초수대엽은 가곡 한바탕의 첫 번째 곡으로, 모든 가곡의 장단, 형식, 사설 붙임의 기본이 되는 원곡이다. 이 곡은 정악 > 풍류음악 장르에 속하며, 점잖고 유장한 멋을 지니고 있어 남창으로만 우조와 계면조가 존재한다. 가곡의 정수를 보여주는 대표적인 곡으로, 예전 선비들이 수양을 위해 즐겨 불렀던 곡 중 하나이다. 남창 가창자 이동영의 목소리는 이 곡의 깊이와 정수를 잘 이끌어내며, 전통적인 창법을 통해 가곡의 특성을 충실히 전달한다. 그의 발성은 안정적이며, 시김새를 적절히 사용하여 멜로디의 흐름을 자연스럽게 표현한다. 이동영은 가창 중에 성량을 조절하며, 각 음절을 명확하게 발음하여 청중이 가사의 의미를 느낄 수 있도록 돕는다. 호흡의 조절 또한 뛰어나, 긴 음을 이어가는 동안에도 안정감을 유지하며 곡의 리듬을 잘 타고 흐른다. 이 곡의 기반이 되는 10점16박의 리듬 위에서 가창자는 고유의 리듬감을 살리며, 곡의 흐름을 유려하게 이어간다. 그의 호흡은 곡의 마무리를 장식하며, 전통 가곡의 완성도를 높이는 데 기여한다.","Chosudaeyeop is the first piece of a Gagok performance, serving as the foundational original work for the Jangdan, form, and lyrical attachments of all Gagok. This piece belongs to the Jeongak > Pungnyu music genre and possesses a dignified and graceful elegance, featuring only Ujo and Gyemyeonjo in male vocal performances. It is a representative piece that exemplifies the essence of Gagok, traditionally sung by scholars for self-cultivation. The voice of male vocalist Lee Dong-young effectively conveys the depth and essence of this piece, faithfully delivering the characteristics of Gagok through traditional singing techniques. His vocalization is stable, and he appropriately employs embellishments to express the flow of the melody naturally. During his performance, Lee Dong-young adjusts his vocal volume and articulates each syllable clearly, helping the audience to grasp the meaning of the lyrics. His breath control is also remarkable, maintaining stability even while sustaining long notes and smoothly navigating the rhythm of the piece. On the rhythmic foundation of 10 beats and 16 divisions, the vocalist preserves the unique sense of rhythm, seamlessly continuing the flow of the piece. His breath embellishes the conclusion of the song, contributing to the overall completeness of traditional Gagok.","청석령 지나거다 초하구 어디메오
호풍도 참도 찰사 구진 비는 무엄 일고
뉘라서 내 행색 그려내어 님 계신데 드리리",청석령 / 지나거다 / 초하구 / 어디메오 / 호풍도 참도 / 찰사 구진 비는 / 무엄 일고 / 뉘라서 / 내 행색 / 그려내어 / 님 계신데 드리리,11.0,232.75
KC_TM_JC_PR_S000030,정가,정악,풍류음악,가곡,남창가곡 계면조 두거(악양루에 올라 앉어),이동영,남창,Ab / Fm,10점16박,48/8,140.0,"잔잔한(2), 절제된(2), 차분한(2), 긴장된(1), 다이내믹한(1), 불가사의한(1), 생기 있는(1), 애절한(1), 우아한(1), 의례적인(1), 장엄한(1), 진심 어린(1), 진지한(1), 평온한(1), 표현적인(1)","매끄러운(2), 머금은 듯한(2), 걸쭉한(1), 고운(1), 담백한(1), 묵직한(1), 밀도 있는(1), 뻗어 나가는(1), 역동적인(1), 정제된(1), 콧소리 나는(1)","남창가곡 계면조 두거는 정악의 풍류음악 장르에 속하는 곡으로, 이수대엽보다 선행하여 파생된 곡이며 '머리를 들어낸다'는 의미를 지닌다. 이 곡은 가곡의 특징이 잘 드러나며, 경쾌한 느낌을 통해 한바탕의 분위기를 고조시키는 역할을 한다. 남창 가창자 이동영의 목소리는 이 곡의 첫 선율을 높게 질러내며 곡을 이끌어가는 중요한 요소이다. 이동영은 남창의 특성을 살려 발성을 하며, 시김새를 적절히 사용하여 멜로디를 표현한다. 그의 성량은 곡의 흐름을 자연스럽게 이어주며, 호흡의 조절이 뛰어나 곡의 긴장을 유지하는 데 기여한다. 10점16박의 리듬 위에서 가창자는 정확한 박자를 타며, 각 음의 길이를 조절하여 리듬감을 살린다. 이동영의 호흡은 곡의 마무리를 장식하며, 전체적인 장르적 완성도를 높이는 데 중요한 역할을 한다.","The male vocal genre of Gagok titled ""Gyeomyeonjo Dugeo"" belongs to the realm of Jeongak, the traditional elegant music of Korea, and is a piece that evolved prior to ""Isudaeyeop,"" carrying the meaning of ""to raise one's head."" This composition distinctly showcases the characteristics of Gagok and serves to elevate the atmosphere through its lively essence. The voice of the male vocalist Lee Dong-young prominently delivers the initial melody, making it a crucial element in guiding the piece. Lee Dong-young employs the unique qualities of male vocalization, skillfully utilizing vocal embellishments to express the melody. His vocal range seamlessly connects the flow of the piece, and his exceptional breath control contributes to maintaining the tension throughout the composition. Over a rhythm of 10 beats and 16 subdivisions, the vocalist accurately adheres to the tempo, adjusting the length of each note to enhance the rhythmic feel. Lee Dong-young's breath embellishes the conclusion of the piece, playing a significant role in elevating the overall genre's completeness.","악양루에 올라앉어 동정호 칠백리를 둘러보니
낙하여고목제비요 추수 공장천일색이로다
어즈버 만강추흥이 수성 어적뿐일러라",악양루에 / 올라앉어 / 동정호 칠백리를 / 둘러보니 / 낙하여 고목제비요 / 추수공장천일색이로다 / 어즈버 / 만강추흥이 / 수성어적 / 뿐일러라,10.0,234.02
KC_TM_JC_PR_S000031,정가,정악,풍류음악,가곡,여창가곡 평조 두거(일각이 삼추라허니),조일하,여창,A / Gbm,10점16박,48/8,100.0,"생기 있는(2), 신비로운(2), 애절한(2), 다이내믹한(1), 마음을 울리는(1), 몽환적인(1), 사색적인(1), 서사적인(1), 쓸쓸한(1), 여유로운(1), 우아한(1), 우울감 있는(1), 조화로운(1), 평화로운(1), 표현적인(1), 향토적인(1)","섬세한(2), 가는(1), 고운(1), 깨끗한(1), 맑은(1), 밝은(1), 선명한(1), 역동적인(1), 유연한(1), 청아한(1), 콧소리 나는(1), 화사한(1)","여창가곡 평조 두거는 정악의 풍류음악에 속하는 곡으로, 가곡의 특징이 잘 드러나는 작품이다. 이 곡은 '머리를 들어낸다'는 의미를 지닌 두거로, 이수대엽보다 빠르고 경쾌한 느낌을 주며 가곡의 분위기를 고조시키는 역할을 한다. 여창 가창자 조일하의 목소리는 이 곡의 흐름을 이끌어가는 중요한 요소로, 그녀의 발성은 고음의 선율을 정확하게 질러내며 곡의 시작을 알린다. 조일하의 창법은 시김새를 적절하게 활용하여 전통적인 가곡의 매력을 극대화하며, 성량은 곡의 전개에 따라 유연하게 변화한다. 그녀는 호흡을 잘 조절하여 각 구절의 끝을 자연스럽게 마무리하며, 긴 음을 통해 곡의 구조적 완성도를 높인다. 10점16박의 리듬 위에서 조일하의 목소리는 곡의 흐름을 타고 유기적으로 연결되며, 그녀의 호흡은 곡의 마무리를 장식하는 데 중요한 역할을 한다. 이러한 요소들은 곡의 전반적인 완성도를 더욱 높이고, 가곡의 전통적인 아름다움을 잘 표현한다.","The Yeochang Gagok in Pyeongjo Dugeo belongs to the genre of Jeongak's elegant music and is a piece that distinctly showcases the characteristics of Gagok. This composition, which carries the meaning of ""lifting the head,"" offers a faster and more lively sensation compared to Isudaeyeop, thereby enhancing the overall atmosphere of the Gagok. The voice of the female vocalist Jo Il-ha serves as a crucial element in guiding the flow of this piece, as her vocalization accurately pierces through the high melodies, signaling the beginning of the composition. Jo Il-ha's singing technique effectively utilizes embellishments to maximize the charm of traditional Gagok, while her vocal volume flexibly adapts according to the development of the piece. She skillfully manages her breath to naturally conclude each phrase, enhancing the structural completeness of the composition through sustained notes. Riding on the rhythm of 10jeon 16bak, Jo Il-ha's voice organically connects with the flow of the piece, and her breath plays a significant role in embellishing the conclusion. These elements further elevate the overall completeness of the composition and beautifully express the traditional elegance of Gagok.","일각이 삼추라 하니 열흘이면 몇 삼추요
제 마음 즐겁거니 남의 시름 생각하랴
천 리에 임 이별하고 잠 못 일워 하노라",일각이 삼추라 / 하니 / 열흘이면 몇 삼추요 / 제 마음 즐겁거니 / 남의 시름 생각허리 / 천 리에 / 임 이별하고 / 잠 못 일워 하노라,8.0,325.82
KC_TM_JC_PR_S000032,정가,정악,풍류음악,가곡,여창가곡 계면조 두거(임술지 추칠월 긔망에),조일하,여창,A / Gbm,10점16박,48/8,100.0,"감상적인(3), 가볍고 신비로운(2), 기품 있는(2), 우아한(2), 다이내믹한(1), 단아한(1), 따뜻한(1), 몽환적인(1), 사색적인(1), 생기 있는(1), 쓸쓸한(1), 절제된(1), 진지한(1), 편안한(1), 환상적인(1)","공명감 있는(2), 고운(1), 단단한(1), 맑은(1), 매끄러운(1), 머금은 듯한(1), 비강 울림이 있는(1), 여린(1), 유연한(1), 콧소리 나는(1), 투명한(1)","여창가곡 계면조 두거는 정악의 풍류음악 장르에 속하는 곡으로, '머리를 들어낸다'는 의미를 지닌 두거의 특성을 잘 드러낸다. 이 곡은 이수대엽보다 빠르고 경쾌한 리듬을 통해 가곡의 분위기를 고조시키며, 남여창이 구별되는 점과 우조 및 계면조의 존재로 인해 더욱 다채로운 표현이 가능하다. 여창 가창자 조일하의 목소리는 이 곡의 선율을 이끌어가는 중요한 요소로, 그녀는 첫 선율을 높게 질러내며 곡의 에너지를 전달한다. 조일하는 발성을 통해 명확한 음정과 함께 시김새를 적절히 사용하여 전통적인 가곡의 특징을 잘 살리며, 성량이 풍부하게 펼쳐져 곡의 전개에 힘을 더한다. 그녀의 호흡은 곡의 흐름에 따라 유연하게 조절되며, 특정 구간에서의 호흡 조절은 멜로디의 긴장감을 더욱 강조하는 역할을 한다. 10점16박의 리듬 위에서 조일하는 정확한 박자 감각은 곡의 전체적인 구조를 안정적으로 유지하며, 그녀의 호흡은 각 구절의 마무리를 세련되게 장식하여 장르적 완성도를 높인다. 이러한 요소들이 결합되어 여창가곡 계면조 두거는 전통 가곡의 매력을 잘 드러내는 작품으로 완성된다.","The Yeochang Gagok in Gye-myeonjo Dugeo belongs to the genre of Jeongak's elegant music, effectively showcasing the characteristics of Dugeo, which means ""to raise one's head."" This piece elevates the atmosphere of the Gagok through a faster and more lively rhythm compared to Isudaeyeop, and the distinction between male and female singers, along with the presence of Ujo and Gye-myeonjo, allows for a richer variety of expression. The voice of the female vocalist, Jo Il-ha, is a crucial element that leads the melody of this piece; she delivers the initial melody with a high pitch, conveying the energy of the composition. Through her vocalization, Jo Il-ha employs clear intonation and appropriately uses sigimsae, effectively preserving the characteristics of traditional Gagok, while her abundant vocal range adds strength to the progression of the piece. Her breath is flexibly adjusted according to the flow of the music, and the control of her breathing at specific sections serves to emphasize the tension of the melody. Jo Il-ha's precise sense of rhythm over the 10-beat 16-division maintains the overall structure of the piece in a stable manner, and her breath elegantly adorns the conclusion of each phrase, enhancing the genre's completeness. These elements combine to make the Yeochang Gagok in Gye-myeonjo Dugeo a work that beautifully reveals the charm of traditional Gagok.","임술지추 칠월 기망에 배를 타고 금릉에 나려
손조 고기 낚아 고기 주고 술을 사니
지금에 소동파 없으니 놀 이 적어 하노라",임술지 추칠월 / 기망에 / 배를 타고 / 금릉에 나려 / 손조 고기 낚아 / 고기 주고 술을 사니 / 지금에 / 소동파 없으니 / 놀리적어 허노라,9.0,325.82
KC_TM_JC_PR_S000033,정가,정악,풍류음악,가곡,남창가곡 계면조 평거(반넘어 늙었으니),홍창남,남창,Ab / Fm,10점16박,48/8,120.0,"불가사의한(2), 진지한(2), 긴장된(1), 다이내믹한(1), 다정한(1), 따뜻한(1), 마음을 울리는(1), 명상적인(1), 부드러운(1), 사색적인(1), 생기 있는(1), 슬픈(1), 시적인(1), 신비로운(1), 엄숙한(1), 여유로운(1), 열정적인(1), 표현적인(1), 향토적인(1)","담백한(2), 긁히는(1), 단단한(1), 두터운(1), 머금은 듯한(1), 묵직한(1), 밀도 있는(1), 비강 울림이 있는(1), 쇳소리 나는(1), 울리는(1), 정제된(1), 진한(1), 콧소리 나는(1)","남창가곡 계면조 평거는 정악의 풍류음악 장르에 속하며, 이수대엽에서 파생된 곡으로서 남창과 여창, 우조와 계면조가 모두 갖춰진 가곡의 후반부에 생성된 곡이다. 이 곡은 '막드는 자진한잎'이라는 별칭으로도 알려져 있으며, 이수대엽의 유장함과 두거의 경쾌함 사이를 이어주는 역할을 한다. 남창 가창자 홍창남의 목소리는 이 곡을 이끌어가는 중요한 요소로, 그의 발성은 전통적인 남창의 특징을 잘 드러내며, 강한 성량과 함께 선율을 명확하게 전달한다. 그는 멜로디를 표현하는 방식에서 시김새를 적절히 사용하여 곡의 흐름을 자연스럽게 이어가며, 각 음을 정교하게 다루어 감정의 깊이를 더한다. 호흡은 안정적이며, 곡의 구조에 따라 적절히 조절되어 리듬의 변화를 잘 반영한다. 10점16박의 리듬 위에서 홍창남은 유연하게 흐름을 타며, 각 마디의 끝에서 호흡을 조절하여 곡의 마무리를 장식한다. 이러한 호흡의 조화는 곡의 장르적 완성도를 높이며, 청중에게 깊은 여운을 남기는 역할을 한다.","The male vocal piece ""Gye-myeon-jo Pyeonggeo"" belongs to the genre of Jeongak's refined music and is derived from the I-sudaeyeop repertoire, emerging in the latter part of a Gagok that encompasses both male and female singing, as well as the U-jo and Gye-myeon-jo modes. This piece is also known by the nickname ""Makdeun-eun Jajinhanip,"" serving as a bridge between the elegance of I-sudaeyeop and the liveliness of Dugeo. The voice of the male vocalist Hong Chang-nam is a crucial element that drives this piece, as his vocalization distinctly showcases the characteristics of traditional male singing, delivering the melody with strong resonance and clarity. He adeptly employs embellishments in his interpretation of the melody, seamlessly guiding the flow of the piece while meticulously handling each note to enhance its emotional depth. His breath control is stable and appropriately adjusted according to the structure of the piece, effectively reflecting the changes in rhythm. Over the 10-point 16-beat rhythm, Hong Chang-nam flows gracefully, regulating his breath at the end of each measure to elegantly conclude the piece. This harmonious breath control elevates the genre's completeness and leaves a profound resonance with the audience.","반넘어 늙었으니 다시 젊든 못하여도
이후란 늙지 말고 매양 이만 하였과저
백발이 제 짐작하여 더디 늙게 하여라",반넘어 / 늙었으니 / 다시 젊든 / 못하여도 / 이후란 늙지 말고 / 매양 이만 하였과저 / 백발이 / 제 짐작하여 / 더듸 늙게 / 하여라,10.0,274.54
KC_TM_JC_PR_S000034,정가,정악,풍류음악,가곡,여창가곡 평조 평거(일소 백미생이),조일하,여창,A / Gbm,10점16박,48/8,80.0,"사색적인(4), 단아한(2), 명상적인(2), 가볍고 신비로운(1), 기품 있는(1), 마음을 울리는(1), 몽환적인(1), 부드러운(1), 불가사의한(1), 생기 있는(1), 애절한(1), 애정 어린(1), 여유로운(1), 우울감 있는(1), 절제된(1), 진지한(1), 평화로운(1), 표현적인(1), 품위 있는(1), 희망적인(1)","청아한(2), 가는(1), 고운(1), 깨끗한(1), 날 선(1), 맑은(1), 뻗어 나가는(1), 섬세한(1), 쇳소리 나는(1), 여린(1), 진한(1), 투명한(1)","여창가곡 평조 평거는 정악의 풍류음악 장르에 속하는 곡으로, 이수대엽에서 파생된 독특한 선율을 지닌다. 이 곡은 남창과 여창, 우조와 계면조가 모두 갖춰져 있는 가곡의 후반부에 생성된 것으로, 전통적인 가곡의 특징을 잘 보여준다. 여창 가창자 조일하의 목소리는 이 곡의 핵심적인 요소로, 평조의 선율을 통해 사색적인 분위기를 자아낸다. 그녀의 발성은 안정적이며, 고음과 저음을 자유롭게 오가며 곡의 흐름을 매끄럽게 이어간다. 조일하는 시김새를 적절히 활용하여 감정을 표현하며, 각 음절에 생동감을 불어넣는다. 특히, 그녀의 호흡은 곡의 리듬과 잘 어우러져, 10점16박의 리듬 위에서 자연스럽게 흐름을 타며 청중을 몰입하게 만든다. 곡이 진행됨에 따라 조일하의 호흡은 점차 깊어지고, 마무리 부분에서는 여유롭게 음을 끌어올리며 곡의 완성도를 높인다. 이러한 창법은 평거의 유장함과 경쾌함을 동시에 전달하며, 전통 가곡의 매력을 더욱 부각시킨다.","The female vocal piece ""Pyeongjo Pyeongeo"" belongs to the genre of Jeongak's elegant music and features a unique melody derived from the ""Isudaeyeop."" This piece was created in the latter half of the Gagok, which encompasses both male and female vocals as well as the modes of Ujo and GyeMyeonJo, effectively showcasing the characteristics of traditional Gagok. The voice of the female vocalist Jo Il-ha is a core element of this piece, evoking a contemplative atmosphere through the melody of Pyeongjo. Her vocalization is stable, effortlessly transitioning between high and low notes, thereby maintaining a smooth flow throughout the piece. Jo Il-ha skillfully employs ornamentation to express emotions, infusing vitality into each syllable. Notably, her breath aligns harmoniously with the rhythm, allowing her to flow naturally over the 10-beat 16th rhythm, captivating the audience. As the piece progresses, Jo Il-ha's breathing deepens, and in the concluding section, she leisurely raises the pitch, enhancing the overall completeness of the piece. This singing style conveys both the elegance and liveliness of Pyeongeo, further highlighting the charm of traditional Gagok.","일소백미생이 태진의 여질이라
명황도 이러므로 만리행촉하였느니
지금에 마외방초를 못내 설워 하노라",일소백미생이 / 태진의 / 여질이라 / 명황도 이러므로 / 만리행촉하였느니 / 지금에 / 마외방초를 / 못내 설워 하노라,8.0,400.54
KC_TM_JC_PR_S000035,정가,정악,풍류음악,가곡,여창가곡 계면조 평거(초강 어부들아),김희영,여창,Ab / Fm,10점16박,48/8,120.0,"명상적인(2), 부드러운(2), 사색적인(2), 우아한(2), 잔잔한(2), 차분한(2), 가볍고 신비로운(1), 감상적인(1), 경쾌한(1), 단아한(1), 마음을 울리는(1), 몽환적인(1), 생기 있는(1), 서사적인(1), 아정한(1), 애정 어린(1), 절제된(1), 진심 어린(1), 편안한(1), 평온한(1), 평화로운(1), 환상적인(1), 활기찬(1)","가는(3), 유연한(3), 고운(2), 여린(2), 깨끗한(1), 매끄러운(1), 머금은 듯한(1), 밝은(1), 비강 울림이 있는(1), 섬세한(1), 청아한(1), 콧소리 나는(1)","여창가곡 계면조 평거는 정악 중 풍류음악에 속하는 곡으로, 이수대엽에서 파생된 곡이다. 이 곡은 남창과 여창, 우조와 계면조가 모두 어우러져 있으며, 가곡의 후반부에서 생성된 점에서 그 특징을 잘 드러낸다. 여창 가창자 김희영의 목소리는 이 곡을 이끌어가는 중요한 요소로, 그녀는 곡의 선율을 부드럽게 표현하며 청중을 사로잡는다. 발성에서는 안정적인 호흡을 바탕으로, 각 음을 명확히 발음하며 감정의 흐름을 섬세하게 전달한다. 시김새는 전통 가곡의 특징을 살리며 유연하게 변화하고, 각 구절의 끝을 장식하는 데 효과적으로 사용된다. 특히, 초장 첫머리의 3박 생략은 곡의 리듬에 자연스럽게 녹아들어, 곡의 전개를 매끄럽게 이어준다. 10점16박의 리듬 위에서 가창자는 각 음절의 길이를 조절하며, 리듬의 흐름을 타고 유동적인 느낌을 준다. 호흡은 곡의 마무리를 장식하는 중요한 역할을 하며, 안정적인 호흡을 통해 자연스럽고 부드러운 여운을 남긴다. 이러한 요소들이 결합되어 여창가곡 계면조 평거는 전통적인 가곡의 매력을 잘 드러내며, 김희영의 가창은 이 곡의 완성도를 높이는 데 기여한다.","The Yeochang Gagok in Gye-myeonjo Pyeonggeo is a piece that belongs to the genre of Pungnyu music within Jeongak, derived from the I-sudae-yeop. This composition harmoniously integrates male and female vocal styles, as well as the Gye-myeonjo and Ujo modes, effectively showcasing its characteristics, particularly in the latter half of the piece. The voice of the female vocalist Kim Hee-young serves as a crucial element in guiding the piece, as she expresses the melody with a gentle touch that captivates the audience. Her vocalization is marked by stable breath control, allowing for clear articulation of each note while delicately conveying the emotional flow. The use of sigimsae preserves the traditional characteristics of the Gagok, flexibly transforming and effectively embellishing the ends of each phrase. Notably, the omission of three beats at the beginning of the first stanza seamlessly integrates into the rhythm of the piece, facilitating a smooth progression. Over a 10-jeom 16-beat rhythm, the vocalist adjusts the length of each syllable, imparting a fluid sensation that rides the rhythmic flow. Breath plays a significant role in concluding the piece, leaving a natural and soft resonance through stable breath control. These elements combine to highlight the charm of traditional Gagok, with Kim Hee-young's singing contributing to the overall completeness of the piece.","초강 어부들아 고기 낚아 삶지마라
굴삼려 충혼이 어복리에 들었느니
아무리 정확에 삶은들 익을줄이 있으랴",초강 어부들아 / 고기 낚아 / 삶지마라 / 굴삼려 충혼이 / 어복리에 들었느니 / 아무리 / 정확에 삶은들 / 익을줄이 있으랴,8.0,276.02
KC_TM_JC_PR_S000036,정가,정악,풍류음악,가곡,계면조 태평가(이려도 태평성대),조일하,여창,A / Gbm,10점16박,48/8,80.0,"단아한(2), 몽환적인(2), 애절한(2), 진심 어린(2), 강렬한(1), 경쾌한(1), 공포스러운(1), 그루브감 있는(1), 긴장된(1), 다이내믹한(1), 드라마틱한(1), 명랑한(1), 신비로운(1), 엄숙한(1), 여유로운(1), 웅대한(1), 활기찬(1)","가는(2), 깨끗한(2), 섬세한(2), 청아한(2), 날 선(1), 날카로운(1), 맑은(1), 뻗어 나가는(1), 시원한(1), 유연한(1)","태평가는 정악의 풍류음악에 속하는 가곡으로, 남녀가 함께 부르는 병창 형식을 통해 태평성대를 기원하는 내용을 담고 있다. 이 곡은 가곡의 대미를 장식하며 장중하고 화려한 분위기를 자아내는 특징이 있다. 여창 가창자 조일하는 이 곡에서 목소리로 멜로디를 이끌어가며, 발성에서부터 섬세한 시김새를 활용하여 전통적인 창법의 아름다움을 잘 드러낸다. 조일하의 목소리는 유려하게 흐르며, 곡의 선율에 맞춰 다양한 음역을 자유롭게 오가고, 시김새를 통해 감정을 섬세하게 표현한다. 성량은 곡의 전체적인 흐름을 견고하게 지탱하며, 호흡은 자연스럽고 안정적으로 이어져 곡의 전개에 기여한다. 10점16박의 리듬 위에서 가창자는 각 박자를 정확히 살리며, 리듬의 흐름을 따라가는 동시에 곡의 긴장감을 조절한다. 가창자의 호흡은 곡의 마무리에서 중요한 역할을 하며, 곡의 완성도를 높이는 데 기여하여 태평가의 장엄함을 더욱 돋보이게 한다.","Taepyeongga is a gagok that belongs to the genre of jeongak, characterized by its use of the byeongchang format, where both men and women sing together to express wishes for a peaceful and prosperous era. This piece serves as a grand finale for gagok, evoking a majestic and splendid atmosphere. The female vocalist, Jo Il-ha, leads the melody with her voice, skillfully employing delicate embellishments from the very beginning of her vocalization, which beautifully showcases the elegance of traditional singing techniques. Jo Il-ha's voice flows gracefully, navigating a wide range of pitches in accordance with the melody, while her embellishments convey emotions with subtlety. Her vocal strength firmly supports the overall flow of the piece, and her breath control is natural and stable, contributing to the development of the composition. Singing over a 10-beat 16-pulse rhythm, the vocalist precisely articulates each beat while simultaneously managing the tension of the piece. The singer's breath plays a crucial role in the conclusion of the song, enhancing its overall quality and further highlighting the grandeur of Taepyeongga.","태평성대 저려도 성대로다
요지일월이요 순지건곤이로다
우리도 태평성대니 놀고 놀려 하노라",태평성대 / 저려도 / 성대로다 / 요지일월이요 / 순지건곤이로다 / 우리도 / 태평성대니 / 놀고 놀려 / 하노라,9.0,382.54
KC_TM_JC_PR_S000037,정가,정악,풍류음악,가곡,계면조 태평가(이려도 태평성대),홍창남,남창,C / Am,10점16박,48/8,100.0,"기품 있는(2), 다이내믹한(2), 강력한(1), 강렬한(1), 강한(1), 신비로운(1), 아정한(1), 애절한(1), 엄숙한(1), 에너지 넘치는(1), 의례적인(1), 잔잔한(1), 장엄한(1), 절제된(1), 즐거운(1), 편안한(1), 표현적인(1)","단단한(3), 고운(1), 담백한(1), 매끄러운(1), 섬세한(1), 쇳소리 나는(1), 울리는(1), 직진의(1), 진한(1), 콧소리 나는(1)","계면조 태평가(이려도 태평성대)는 정악의 풍류음악 장르에 속하는 가곡으로, 남녀가 함께 부르는 병창 형식을 통해 태평성대를 기원하는 내용을 담고 있다. 이 곡은 가곡의 대미를 장식하는 만큼 장중하고 화려한 특징을 지니며, 남창 가창자 홍창남의 목소리는 이러한 곡의 특성을 잘 살려내고 있다. 홍창남은 발성에서 안정적인 음역대를 유지하며, 곡의 선율을 정확하게 표현한다. 그의 목소리는 각 음절의 길이를 조절하여 시김새를 섬세하게 구사하고, 적절한 강약을 통해 곡의 흐름을 이끌어간다. 또한, 호흡의 조절이 뛰어나며, 긴 구절에서도 끊김 없이 자연스러운 흐름을 유지한다. 곡의 장단인 10점16박의 리듬 위에서 가창자는 리듬감을 잘 살리며, 음의 상승과 하강을 통해 곡의 전개를 매끄럽게 이어간다. 홍창남의 호흡은 곡의 마무리에서 특히 중요한 역할을 하며, 마지막 음을 길게 늘여서 여운을 주는 방식으로 청중에게 깊은 인상을 남긴다. 이러한 가창자의 기술적 특징들은 곡의 장르적 완성도를 높이며, 태평가의 아름다움을 더욱 부각시킨다.","Gye Myeon Jo Tae Pyeong Ga (also known as I Ryeo Do Tae Pyeong Seong Dae) is a genre of Gagok that belongs to the traditional court music category, characterized by the collaborative singing format known as Byeong Chang, which conveys wishes for peace and prosperity. This piece is marked by its grand and splendid qualities, serving as a culmination of the Gagok repertoire, and the male vocalist Hong Chang Nam effectively embodies these characteristics. Hong Chang Nam maintains a stable vocal range throughout his performance, accurately expressing the melody of the piece. His voice skillfully adjusts the length of each syllable, allowing for delicate ornamentation, and he guides the flow of the music through appropriate dynamics. Additionally, his breath control is exceptional, enabling him to sustain a natural flow even through long phrases without interruption. Over the rhythmic foundation of the Jangdan, which is 10-jeom 16-bak, the vocalist adeptly enhances the sense of rhythm, smoothly connecting the development of the piece through rises and falls in pitch. Hong Chang Nam's breath plays a particularly crucial role in the conclusion of the piece, as he elongates the final note to leave a lingering impression on the audience. These technical attributes of the vocalist elevate the genre's overall completeness and further highlight the beauty of Tae Pyeong Ga.","태평성대 저랴도 성대로다
요지일월이요 순지건곤이로다
우리도 태평성대니 놀고놀려 허노라",태평성대 / 저려도 / 성대로다 / 요지일월이요 / 순지건곤이로다 / 우리도 / 태평성대니 / 놀고놀려 / 허노라,9.0,306.02
KC_TM_JC_PR_S000038,정가,정악,풍류음악,가곡,남창가곡 계면조 중거(청풍 북창하에),홍창남,남창,C / Am,10점16박,48/8,100.0,"강한(3), 명상적인(2), 시적인(2), 절제된(2), 차분한(2), 감상적인(1), 긴장된(1), 사색적인(1), 신비로운(1), 우울감 있는(1), 웅대한(1), 유려한(1), 잔잔한(1), 장엄한(1), 편안한(1), 품위 있는(1)","단단한(3), 뻗어 나가는(3), 묵직한(2), 공명감 있는(1), 두터운(1), 매끄러운(1), 머금은 듯한(1), 밀도 있는(1), 안쪽에서 울리는(1), 울리는(1), 유연한(1)","남창가곡 계면조 중거는 정악의 풍류음악에 속하는 곡으로, 이수대엽의 파생곡으로서 그 선율은 유사하지만 템포가 더 빠르고 중간 선율이 높은 특징이 있다. 이 곡은 남녀창과 우조, 계면조가 모두 포함된 가곡으로, 남창 가창자 홍창남이 부른 계면조 중거는 그 중에서도 남창의 매력을 잘 드러내는 작품이다. 홍창남의 목소리는 곡의 빠른 템포와 높은 선율을 능숙하게 소화하며, 발성에 있어 안정적인 호흡과 함께 시김새를 적절히 활용하여 곡의 구조를 풍부하게 만든다. 특히, 그는 전통적인 가창법을 바탕으로 고음역에서의 유연한 발음과 강한 성량을 통해 멜로디를 표현하며, 리듬의 흐름을 자연스럽게 타고 넘어간다. 10점16박의 리듬 속에서 홍창남은 각 음절에 맞춰 정확한 타이밍으로 호흡을 조절하며, 곡의 전개에 따라 긴장감과 이완을 조화롭게 이루어내어 청중에게 깊은 몰입감을 제공한다. 그의 호흡은 곡이 마무리되는 순간에 절제된 힘을 실어주며, 전체적인 장르의 완성도를 높이는 중요한 요소로 작용한다.","The male vocal piece ""Gye-myeon-jo Junggeo"" belongs to the genre of Jeongak, which is characterized by its elegant musical style. As a derivative work of ""Isudaeyeop,"" it shares a similar melody but features a faster tempo and a higher intermediate melody. This piece includes male and female vocals, as well as both Ujo and Gye-myeon-jo modes, with the rendition by male vocalist Hong Chang-nam particularly showcasing the charm of male singing. Hong Chang-nam's voice adeptly navigates the rapid tempo and high melody, utilizing stable breath control and appropriate ornamentation to enrich the structure of the piece. Notably, he expresses the melody through flexible articulation and strong vocal power in the upper register, seamlessly riding the rhythm's flow. Within the 10-beat 16-pulse rhythm, Hong Chang-nam adjusts his breath with precise timing for each syllable, harmonizing tension and relaxation throughout the piece's progression, thereby providing the audience with a profound sense of immersion. His breath imbues the concluding moments of the piece with restrained strength, serving as a crucial element that enhances the overall quality of the genre.","청풍 북창하에 갈건을 기우쓰고
희황 벼게우에 일없이 지였으니
석양에 단발초동이 농저환을 허더라",청풍 북창 / 하에 / 갈건을 / 기우쓰고 / 희황 벼게우에 / 일없이 지였으니 / 석양 / 에 / 단발초 / 동이 / 농저환 / 을 / 허더라,13.0,311.42
KC_TM_JC_PR_S000039,정가,정악,풍류음악,가곡,여창가곡 평조 중거(청조야 오도고야),김희영,여창,Ab / Fm,10점16박,48/8,80.0,"다이내믹한(2), 단아한(2), 신비로운(2), 잔잔한(2), 차분한(2), 평온한(2), 가볍고 신비로운(1), 명상적인(1), 몽환적인(1), 부드러운(1), 사색적인(1), 슬픈(1), 아정한(1), 우아한(1), 우울감 있는(1), 진지한(1), 표현적인(1), 향수 어린(1)","가는(3), 유연한(3), 고운(2), 청아한(2), 맑은(1), 여린(1), 투명한(1), 화사한(1)","여창가곡 평조 중거(청조야 오도고야)는 정악의 풍류음악 장르에 속하는 곡으로, 이수대엽의 파생곡으로서 그 선율이 유사하나 템포가 더 빠르고 중간 선율이 높은 특징을 가진다. 이 곡은 남녀창과 우조, 계면조가 모두 포함되어 있으며, 여창 가객이 부른 평조 중거로서 특히 여창의 요성이 두드러지며 선율에 굴곡이 많아 남창에는 없는 속소리를 빈번히 사용하는 점이 특징이다. 여창 가창자 김희영의 목소리는 이 곡의 선율을 우아하게 이끌어가며, 발성에서는 고음역대를 유연하게 소화하고 시김새를 통해 전통적인 한국 음악의 미를 잘 표현한다. 그녀의 성량은 곡의 전개에 따라 적절하게 조절되며, 호흡의 흐름은 멜로디의 변화를 자연스럽게 이어주어 청중을 매료시킨다. 특히 10점16박의 리듬 위에서 김희영은 곡의 흐름을 타며, 각 박자에 맞춰 호흡을 조절하여 리듬감을 강조한다. 이러한 호흡의 조화는 곡의 마무리에서 더욱 돋보이며, 전통 가곡의 완성도를 높이는 데 기여한다.","The Yeochanggagok Pyeongjo Junggeo (Cheongjoya Odogoya) is a piece belonging to the genre of Jeongak's Pungnyu music, derived from the I Suddaeyeob, sharing a similar melody but characterized by a faster tempo and a higher intermediate melody. This piece includes both male and female vocals, as well as Ujo and Gye-myeonjo, and as a Yeochang performance, it particularly highlights the unique qualities of female singing, featuring many melodic curves and frequently employing subtle vocal nuances not found in male singing. The voice of the Yeochang vocalist Kim Hee-young elegantly leads the melody, demonstrating flexibility in the high vocal range and effectively expressing the beauty of traditional Korean music through her ornamentation. Her vocal volume is appropriately adjusted according to the progression of the piece, and the flow of her breath seamlessly connects the changes in melody, captivating the audience. Notably, over the rhythm of 10 points and 16 beats, Kim Hee-young rides the flow of the piece, adjusting her breath to emphasize the rhythmic feel with each beat. This harmony of breath becomes particularly prominent in the conclusion of the piece, contributing to the overall completeness of the traditional song.","청조야 오도고야 반갑다 임의소식
약수 삼천리를 네 어이 건너온다
우리님 만단정회를 네 다 알까 하노라",청조야 / 오도고야 / 반갑다 / 임의 / 소식 / 약수 / 삼천리를 / 네 어이 / 건너온다 / 우리님 / 만단정회를 / 네 / 다 / 알까 / 하노라,15.0,409.54
KC_TM_JC_PR_S000040,정가,정악,풍류음악,가곡,여창가곡 계면조 중거(서산에 일모하니),박진희,여창,Ab / Fm,10점16박,48/8,120.0,"기품 있는(2), 감상적인(1), 낭만적인(1), 다정한(1), 단아한(1), 몽환적인(1), 서사적인(1), 신비로운(1), 애정 어린(1), 엄숙한(1), 여유로운(1), 우울한(1), 유려한(1), 잔잔한(1), 조화로운(1), 진지한(1), 평온한(1), 평화로운(1), 표현적인(1)","청아한(2), 날 선(1), 담백한(1), 매끄러운(1), 머금은 듯한(1), 묵직한(1), 밀도 있는(1), 뻗어 나가는(1), 여린(1), 울리는(1), 진한(1), 콧소리 나는(1), 투명한(1)","여창가곡 계면조 중거(서산에 일모하니)는 정악의 풍류음악 장르에 속하는 곡으로, 가곡의 특징이 잘 드러나는 작품이다. 이 곡은 중거의 특성을 가지고 있으며, 이수대엽에서 두거로 넘어가는 과정에서 음악적 변화를 주는 중요한 역할을 한다. 여창 가창자 박진희는 이 곡을 통해 곡의 전통적인 요소를 현대적으로 해석하며, 그녀의 목소리는 곡의 선율을 자연스럽게 이끌어간다. 박진희는 여창의 특성에 맞춰 요성이 심하고 선율에 굴곡이 많은 창법을 구사하며, 남창에 비해 빈번히 사용되는 속소리를 통해 곡의 다채로운 표현을 이끌어낸다. 그녀는 발성을 통해 음의 높낮이를 자유롭게 조절하며, 시김새를 적절히 활용하여 선율의 흐름을 부드럽게 이어간다. 또한, 성량을 조절하여 각 구절의 감정과 의미를 명확히 전달하며, 호흡을 적절히 조절하여 곡의 리듬에 맞춰 자연스럽게 이어지는 멜로디를 표현한다. 이 곡의 10점16박의 리듬 위에서 박진희는 흐름을 타며, 호흡을 통해 곡의 마무리를 장식하고, 장르적 완성도를 높인다. 그녀의 창법은 곡의 전체적인 구조와 조화를 이루며, 청중에게 깊은 인상을 남기는 요소로 작용한다.","The song ""Jeongak Gyeomyeonjo Junggeo (Seosan-e Ilmo-hani)"" belongs to the genre of Pungnyu music within the realm of Jeongak and is a work that distinctly showcases the characteristics of Gagok. This piece possesses the traits of Junggeo and plays a crucial role in introducing musical changes during the transition from Iseudaeyeop to Dugeo. The female vocalist Park Jin-hee interprets the traditional elements of the piece in a modern context, and her voice naturally guides the melody. Park Jin-hee employs a singing style that aligns with the characteristics of female vocal music, utilizing a rich vocal timbre and a highly undulating melodic line, while frequently incorporating rapid vocalizations compared to male singing, which enhances the piece's diverse expressions. Through her vocal technique, she freely adjusts the pitch and effectively employs ornamentation to ensure a smooth flow of the melody. Additionally, she modulates her vocal volume to clearly convey the emotions and meanings of each phrase, while appropriately controlling her breath to express a melody that seamlessly aligns with the rhythm of the piece. Riding on the 10-beat 16-pulse rhythm, Park Jin-hee embellishes the conclusion of the piece with her breath, thereby enhancing its genre-specific completeness. Her singing style harmonizes with the overall structure of the piece, serving as an element that leaves a profound impression on the audience.","서산에 일모하니 천지에 가이없다
이화에 월백하니 임생각이 새로워라
두견아 너는 누굴 그려 밤새도록 우느니",서산에 일모하니 / 천지에 가이없다 / 이화에 월백하니 / 임생각이 새로워라 / 두견아 / 너는 누굴 그려 / 밤새도록 우느니,7.0,276.02
KC_TM_JC_PR_S000041,정가,정악,풍류음악,가곡,남창가곡 계면조 이수대엽(잘새는 날아들고),홍창남,남창,Ab / Fm,10점16박,48/8,100.0,"명상적인(2), 쓸쓸한(2), 엄숙한(2), 강렬한(1), 기품 있는(1), 다이내믹한(1), 도취된(1), 마음을 울리는(1), 사색적인(1), 서사적인(1), 시적인(1), 신비로운(1), 어두운(1), 영웅적인(1), 우울감 있는(1), 우울한(1), 유려한(1), 진지한(1), 표현적인(1), 향토적인(1), 환상적인(1)","공명감 있는(2), 긁히는(2), 진한(2), 걸쭉한(1), 단단한(1), 두터운(1), 묵직한(1), 밀도 있는(1), 뻗어 나가는(1), 안쪽에서 울리는(1), 울리는(1), 정제된(1), 콧소리 나는(1)","남창가곡 계면조 이수대엽은 정악 중 풍류음악에 속하는 곡으로, 가곡의 특성을 잘 드러내는 작품이다. 이 곡은 느린 템포와 유장한 흐름을 통해 깊은 정서를 표현하며, 남창 가창자 홍창남의 목소리가 곡의 중심을 이룬다. 홍창남은 이수대엽의 첫머리를 숙여 내는 독특한 창법을 통해 곡의 시작을 부드럽게 이끌어가며, 그 과정에서 남창의 특성을 살린 발성과 시김새를 적절히 사용한다. 그의 목소리는 가곡의 멜로디를 섬세하게 전달하며, 각 음의 길이를 조절해 곡의 유연함을 더한다. 또한, 홍창남은 시김새를 활용해 곡의 정서를 더욱 풍부하게 표현하며, 성량을 조절하여 각 구절의 긴장감을 조절한다. 10점16박의 리듬 위에서 그는 자연스럽게 흐름을 타며, 호흡을 통해 곡의 마무리를 장식한다. 그의 호흡은 각 구절의 끝을 부드럽게 이어주며, 전체적인 장르의 완성도를 높이는 역할을 한다. 이수대엽은 홍창남의 창법을 통해 가곡의 깊은 정서를 전달하며, 듣는 이로 하여금 곡의 의미를 더욱 깊이 있게 느끼게 만든다.","The male vocal piece ""Isudaeyop"" in the Gyeongmyeon mode belongs to the genre of Jeongak, specifically within the realm of Pungnyu music, and is a work that effectively showcases the characteristics of Gagok. This piece expresses profound emotions through its slow tempo and flowing structure, with the voice of male vocalist Hong Chang-nam serving as the focal point of the composition. Hong Chang-nam gently leads the beginning of ""Isudaeyop"" with his unique singing technique, which emphasizes the characteristics of male vocal performance through appropriate use of vocalization and ornamentation. His voice delicately conveys the melody of the Gagok, adjusting the length of each note to enhance the piece's fluidity. Furthermore, Hong Chang-nam employs ornamentation to enrich the emotional depth of the piece, skillfully modulating his vocal power to regulate the tension of each phrase. Riding on the rhythm of 10/16, he flows naturally through the music, concluding the piece with his breath. His breathing seamlessly connects the ends of each phrase, contributing to the overall completeness of the genre. ""Isudaeyop,"" through Hong Chang-nam's singing style, conveys the deep emotions of Gagok, allowing listeners to experience the meaning of the piece on a more profound level.","잘 새는 날아들고 새 달이 돋아온다
외나무 다리로 홀로 가는 저 선사야
네 절이 얼마나 허관대 원종성이 들리느니",잘 새는 / 날아들고 / 새 달이 / 돋아온다 / 외나무 / 다리로 / 홀로 가는 / 저 선사야 / 네 절이 / 얼마나 / 허관대 / 원종성이 / 들리느니,13.0,327.62
KC_TM_JC_PR_S000042,정가,정악,풍류음악,가곡,여창가곡 평조 이수대엽(버들은 실이되고),조일하,여창,A / Gbm,10점16박,48/8,60.0,"쓸쓸한(2), 애절한(2), 애정 어린(2), 가볍고 신비로운(1), 기품 있는(1), 긴장감 넘치는(1), 긴장된(1), 몽환적인(1), 비통한(1), 사색적인(1), 서사적인(1), 아정한(1), 우울감 있는(1), 유려한(1), 잔잔한(1), 차분한(1)","고운(2), 섬세한(2), 청아한(2), 가는(1), 공명감 있는(1), 깨끗한(1), 단단한(1), 매끄러운(1), 쇳소리 나는(1), 시원한(1), 울리는(1), 유연한(1), 콧소리 나는(1), 투명한(1)","여창가곡 평조 이수대엽은 정악의 풍류음악 장르에 속하는 곡으로, 가곡의 특성을 잘 드러내는 작품이다. 이 곡은 느리고 유장한 템포로, 깊은 정서를 표현하며, 가창자가 첫머리를 숙여 내는 독특한 창법을 통해 곡의 평온함을 강조한다. 여창 가창자 조일하는 이 곡을 통해 가곡의 전통적인 요소를 잘 살리며, 자신의 목소리로 곡의 흐름을 이끌어간다. 그녀의 발성은 정확하고 안정적이며, 시김새를 적절히 사용하여 곡의 감정을 섬세하게 전달한다. 조일하는 고음과 저음을 자유롭게 넘나들며, 성량을 조절하여 각 구절의 의미를 더욱 부각시킨다. 그녀의 호흡은 긴 음절을 지탱하며, 곡의 흐름을 매끄럽게 이어주고, 10점16박의 리듬 위에서 자연스럽게 어우러진다. 이로 인해 곡의 마무리 부분에서도 호흡의 길이가 적절하게 조절되어 곡 전체의 완성도를 높인다. 조일하의 가창은 이수대엽의 깊은 정서를 효과적으로 표현하며, 전통 가곡의 매력을 잘 드러낸다.","The female vocal piece ""Iseudaeyeop"" in the Pyeongjo mode belongs to the genre of Jeongak's Pungnyu music and is a work that effectively showcases the characteristics of Gagok. This piece is performed at a slow and flowing tempo, expressing deep emotions, while the vocalist emphasizes the tranquility of the piece through a unique singing technique that involves bowing her head at the beginning. The vocalist Jo Il-ha maintains the traditional elements of Gagok well through this piece, guiding the flow with her voice. Her vocalization is precise and stable, and she uses embellishments appropriately to convey the emotions of the piece delicately. Jo Il-ha navigates freely between high and low notes, adjusting her volume to highlight the meaning of each phrase further. Her breath supports the long syllables, ensuring a smooth continuity in the flow of the piece, and it naturally blends with the rhythm of 10 beats and 16 subdivisions. As a result, the length of her breath is appropriately controlled even in the concluding section, enhancing the overall completeness of the piece. Jo Il-ha's singing effectively expresses the deep emotions of ""Iseudaeyeop"" and beautifully reveals the charm of traditional Gagok.","버들은 실이 되고 꾀꼬리는 북이 되어
구십 삼춘에 짜내느니 나의 시름
누구서 녹음방초를 승화시라 하든고",버들은 / 실이 / 되고 / 꾀꼬리 / 는 / 북이 / 되 / 어 / 구십 / 삼춘 / 에 / 짜내느니 / 나의 / 시름 / 누구 / 서 / 녹음 / 방초 / 를 / 승 / 화시 / 라 / 허든고,23.0,543.02
KC_TM_JC_PR_S000043,정가,정악,풍류음악,가곡,여창가곡 계면조 이수대엽(언약이 늦어가니),조일하,여창,A / Gbm,10점16박,48/8,60.0,"쓸쓸한(3), 감상적인(2), 몽환적인(2), 시적인(2), 신비로운(2), 애절한(2), 그리운(1), 기품 있는(1), 다정한(1), 단아한(1), 서사적인(1), 애정 어린(1), 우아한(1), 의례적인(1), 편안한(1), 평온한(1)","고운(3), 유연한(2), 탁 트인(2), 가는(1), 공명감 있는(1), 날 선(1), 날카로운(1), 단단한(1), 맑은(1), 선명한(1), 섬세한(1), 시원한(1), 여린(1), 울리는(1), 정제된(1), 청아한(1), 콧소리 나는(1)","여창가곡 계면조 이수대엽은 정악의 풍류음악 장르에 속하며, 가곡 중에서도 가장 느리고 유장한 템포를 지닌 곡으로, 가곡의 정서를 깊이 있게 표현하는 특징이 있다. 이 곡은 남녀창, 우조, 계면조가 모두 갖춰져 있으며, 특히 여창 가객이 부른 계면조 이수대엽으로, 그 첫머리를 숙여 내는 창법이 두드러진다. 여창 가창자 조일하는 이 곡을 통해 고유의 창법을 잘 드러내며, 발성의 안정성과 함께 시김새를 적절히 활용하여 멜로디를 표현한다. 그녀의 목소리는 곡의 흐름을 부드럽게 이끌며, 각 음을 정교하게 다루어 감정의 깊이를 더한다. 조일하는 특히 호흡을 통해 곡의 유장함을 유지하며, 리듬의 흐름을 자연스럽게 타고 간다. 10점16박의 리듬 위에서 그녀의 목소리는 그 구조적 특성과 조화를 이루며, 호흡의 조절이 곡의 마무리를 우아하게 장식하고, 전반적인 장르적 완성도를 높인다. 이러한 방식으로 조일하는 이수대엽의 정수를 잘 전달하며, 고유의 매력을 발산한다.","The female vocal piece ""Isudaeyeop"" in the Gye-myeonjo mode belongs to the genre of Jeongak's refined music and is characterized as the slowest and most elongated tempo among Gagok, deeply expressing the emotions inherent in Gagok. This piece encompasses male and female vocals, as well as the Ujo and Gye-myeonjo modes, with a particular emphasis on the distinctive vocal technique employed by the female vocalist. Through her performance, Jo Il-han effectively showcases her unique singing style, utilizing stable vocalization and appropriately applying embellishments to convey the melody. Her voice smoothly guides the flow of the piece, intricately handling each note to enhance emotional depth. Jo Il-han particularly maintains the piece's elongation through her breath control, naturally riding the rhythm's flow. Over the 10-beat 16-pulse rhythm, her voice harmonizes with the structural characteristics, and her breath regulation elegantly adorns the conclusion of the piece, elevating the overall genre's completeness. In this manner, Jo Il-han successfully conveys the essence of ""Isudaeyeop,"" radiating its unique charm.","언약이 늦어가니 정매화도 다 지거다
아침에 우든 까치 유신타 하랴마는
그러나 경중아미를 다스려 볼가 하노라",언약이 / 늦어가니 / 정매화도 / 다 지거다 / 아침에 우든 / 까치 유신타 / 하랴마는 / 그러나 / 경중아미를 / 다스려 볼가 하노라,10.0,543.02
KC_TM_JC_PR_S000044,정가,정악,풍류음악,가사,춘면곡,홍창남,남창,C / Am,도드리(6박),18/8,80.0,"차분한(3), 명상적인(2), 사색적인(2), 아정한(2), 표현적인(2), 강렬한(1), 기품 있는(1), 부드러운(1), 서사적인(1), 시적인(1), 에너지 넘치는(1), 우아한(1), 장엄한(1), 진지한(1), 평온한(1), 평화로운(1), 향토적인(1)","단단한(3), 걸쭉한(1), 매끄러운(1), 묵직한(1), 밝은(1), 섬세한(1), 시원한(1), 울리는(1), 진한(1), 콧소리 나는(1)","춘면곡은 정악의 풍류음악 장르에 속하며, 화창한 봄날의 사랑과 이별, 재회의 다짐을 노래한 12가사 중 하나로, 18세기부터 불려온 역사 깊은 곡이다. 이 곡은 가사 문학의 서정성과 음악적 세련미가 잘 드러나는 작품으로, 슬프고 애절한 느낌에서 점차 평조의 분위기로 변화해왔다. 남창 가창자 홍창남의 목소리는 이 곡을 이끌어가는 중요한 요소로, 그의 발성은 전통적인 가창법을 바탕으로 하여 안정적이고 힘 있는 음역을 보여준다. 시김새의 표현이 뚜렷하여 가사의 감정을 효과적으로 전달하며, 각 음절의 발음이 명확하게 드러난다. 홍창남은 성량을 조절하며 곡의 흐름에 따라 부드럽게 음을 이어가고, 호흡은 적절한 타이밍에 이루어져 멜로디의 리듬감을 더욱 강조한다. 도드리 장단의 6박 리듬 위에서 그의 목소리는 자연스럽게 흐름을 타며, 각 마디의 시작과 끝에서의 호흡 조절이 곡의 마무리를 장식하고, 전체적인 장르적 완성도를 높인다. 이러한 요소들이 결합되어 춘면곡은 가창자의 목소리를 통해 깊은 감동을 전달하는 작품으로 자리 잡는다.","Chunmyeonggok belongs to the genre of jeongak, which encompasses refined music, and is one of the twelve lyrics that sing of love, parting, and the promises of reunion on a bright spring day, with a rich history dating back to the 18th century. This piece is a work that beautifully showcases the lyrical quality of its text and the musical sophistication, transitioning from a sorrowful and poignant feeling to a more serene atmosphere. The voice of the male vocalist Hong Chang-nam is a crucial element that guides this piece, as his vocalization is based on traditional singing methods, demonstrating a stable and powerful range. His expression of sigimsae is distinct, effectively conveying the emotions of the lyrics, with each syllable pronounced clearly. Hong Chang-nam skillfully adjusts his vocal volume, smoothly connecting the notes in accordance with the flow of the piece, and his breath is timed appropriately, further emphasizing the rhythmic quality of the melody. Over the 6-beat rhythm of the doduri jangdan, his voice flows naturally, with breath control at the beginnings and ends of each measure enhancing the conclusion of the piece and elevating the overall genre's completeness. These combined elements establish Chunmyeonggok as a work that conveys profound emotion through the voice of the performer.","춘면을 느짓깨어 죽창을 반개허니
정화는 작작헌데 가는 나비를 머무는 듯
안류는 의의허여 성긴 내를 띄웠세라
창전에 덜 고인 술을 이삼배 먹은 후에 호탕하여 미친 흥을",춘면을 / 느짓깨어 / 죽창을 반개허니 / 정화는 / 작작헌데 / 가는 나비를 / 머무는 듯 / 안류는 / 의의허여 / 성긴 내를 띄웠세라 / 창전에 / 덜 고인 술을 / 이삼배 / 먹은 후에 / 호탕하여 / 미친 흥을,16.0,483.79
KC_TM_JC_PR_S000045,정가,정악,풍류음악,가사,춘면곡,조일하,여창,Eb / Cm,도드리(6박),18/8,80.0,"우아한(3), 감상적인(2), 다이내믹한(2), 신비로운(2), 아정한(2), 가볍고 신비로운(1), 기품 있는(1), 단아한(1), 부드러운(1), 서사적인(1), 애절한(1), 유려한(1), 잔잔한(1), 장엄한(1)","여린(2), 유연한(2), 콧소리 나는(2), 가는(1), 고운(1), 맑은(1), 매끄러운(1), 머금은 듯한(1), 직진의(1), 청아한(1)","춘면곡은 18세기부터 불려온 정악 > 풍류음악의 대표적인 곡으로, 사랑과 이별, 재회의 다짐을 노래한 12가사 중 하나이다. 이 곡은 가사 문학의 서정성과 음악적 세련미를 잘 드러내며, 6박 장단으로 구성되어 있다. 여창 가창자 조일하는 이 곡을 통해 복잡한 감정을 전달하는 대신, 창법의 기술적 측면에 집중하여 곡의 서사와 정서를 표현한다. 그녀의 목소리는 섬세한 멜로디를 따라 흐르며, 발성은 명확하고 안정적이다. 시김새를 적절히 활용하여 각 음의 변화를 주며, 리듬에 맞춰 자연스럽게 고저를 조절한다. 성량은 곡의 흐름에 따라 조절되며, 특히 중요한 구절에서는 힘을 주어 강조한다. 호흡은 곡의 전개에 따라 유연하게 이어지며, 긴 구절을 소화할 때는 호흡을 잘 관리하여 안정적인 음을 유지한다. 도드리(6박)의 리듬 위에서 조일하의 목소리는 곡의 리듬감을 잘 살리며, 각 박자에 맞춰 적절히 음을 내어 곡의 흐름을 타고 나아간다. 그녀의 호흡은 곡의 마무리 부분에서도 중요한 역할을 하며, 자연스럽게 음을 줄이면서 곡의 완성도를 높인다. 이러한 요소들이 결합되어 춘면곡은 더욱 깊이 있는 해석과 감동을 주는 곡이 된다.","Chunmyeonggok is a representative piece of Jeongak > Pungnyu music that has been sung since the 18th century, and it is one of the twelve lyrics that express themes of love, separation, and promises of reunion. This piece beautifully showcases the lyrical quality of its textual literature and the musical sophistication, structured in a 6-beat Jangdan. The vocalist, Jo Il-hwa, focuses on the technical aspects of her singing rather than conveying complex emotions, thereby expressing the narrative and sentiment of the piece. Her voice flows delicately along the melody, characterized by clear and stable vocalization. She skillfully employs vocal embellishments to introduce variations in pitch, naturally adjusting the highs and lows in accordance with the rhythm. The volume of her voice is modulated according to the flow of the piece, with particular emphasis on significant phrases. Her breath control is flexible throughout the development of the song, allowing her to maintain a stable tone even during lengthy passages. Over the rhythm of Doduri (6 beats), Jo Il-hwa's voice effectively enhances the rhythmic feel of the piece, producing notes that align with each beat and propelling the flow of the music forward. Her breath also plays a crucial role in the concluding section of the piece, as she gradually diminishes her tone, thereby elevating the overall completeness of the composition. The combination of these elements makes Chunmyeonggok a piece that offers deeper interpretation and emotional resonance.","춘면을 느짓깨어 죽창을 반개허니
정화는 작작헌데 가는 나비를 머무는 듯
안류는 의의허여 성긴 내를 띄웠세라
창전에 덜 고인 술을 이삼배 먹은 후에 호탕하여 미친 흥을",춘면을 / 느짓깨어 / 죽창을 / 반개허니 / 정화는 / 작작헌데 / 가는 나비를 / 머무는 듯 / 안류는 / 의의허여 / 성긴 내를 / 띄웠세라 / 창전에 / 덜 고인 술을 / 이삼배 / 먹은 후에 / 호탕하여 / 미친 흥을,18.0,483.79
KC_TM_JC_PR_S000046,정가,정악,풍류음악,가사,상사별곡,홍창남,남창,Ab / Fm,5박,15/8,80.0,"강한(1), 기품 있는(1), 낭만적인(1), 다이내믹한(1), 마음을 울리는(1), 몽환적인(1), 부드러운(1), 불가사의한(1), 애절한(1), 애정 어린(1), 엄숙한(1), 에너지 넘치는(1), 영웅적인(1), 장엄한(1), 절제된(1), 진지한(1), 침울한(1), 평온한(1), 평화로운(1), 품위 있는(1), 향수 어린(1)","걸쭉한(1), 긁히는(1), 단단한(1), 담백한(1), 매끄러운(1), 묵직한(1), 쇳소리 나는(1), 안쪽에서 울리는(1), 유연한(1), 진한(1), 힘 있는(1)","상사별곡은 독수공방의 외로움과 임에 대한 그리움을 절절하게 표현한 12가사 중 하나로, 4음보 율격의 가사체 노랫말을 시조 형식으로 변형하여 부르는 정악 > 풍류음악 곡이다. 이 곡은 사대부 가사의 전통을 이어받아 문학적으로도 수준 높은 노랫말을 자랑하며, 가창자가 표현하는 가사의 의미가 곡의 흐름을 풍부하게 만든다. 남창 가창자 홍창남은 이 곡을 통해 목소리의 특성을 최대한 활용하여 깊이 있는 표현을 이끌어낸다. 그의 창법은 발성이 안정적이며, 시김새를 적절히 사용하여 가사의 감정을 전달하는 데 중점을 둔다. 성량이 뒷받침되어 곡의 각 부분에서 명확한 음을 유지하며, 호흡 조절을 통해 긴 구절도 자연스럽게 이어간다. 특히, 홍창남은 5박 장단의 리듬을 잘 살리며, 각 음절의 흐름을 타는 데 능숙하다. 그의 호흡은 곡의 마무리 부분에서 여운을 남기며, 장르적 완성도를 높이는 데 기여한다. 이러한 요소들이 결합되어 상사별곡은 깊은 감동을 주는 곡으로 자리매김한다.","Sangsabyeolgok is one of the twelve lyrics that poignantly express the loneliness of a solitary life and the longing for a beloved, characterized by a lyrical structure transformed into the Sijo form with a four-beat rhythmic pattern. This piece, classified as Jeongak > Pungnyu music, inherits the tradition of the literary songs of the yangban class, boasting high-quality lyrics that enhance its artistic merit, while the meaning conveyed by the performer enriches the flow of the composition. The male vocalist Hong Chang-nam maximizes the characteristics of his voice to elicit profound expressions through this piece. His singing technique is marked by stable vocalization, with a focus on effectively conveying the emotions of the lyrics through appropriate use of ornamentation. Supported by a robust vocal range, he maintains clarity in each section of the piece, seamlessly connecting longer phrases through breath control. Notably, Hong Chang-nam skillfully brings out the rhythm of the five-beat Jangdan, adeptly navigating the flow of each syllable. His breath leaves a lingering resonance in the concluding part of the piece, contributing to its overall artistic completeness. These elements combine to establish Sangsabyeolgok as a deeply moving composition.","인간 이별 만사 중에 독수공방 더욱 섧다
상사불견 이내 진정 제 뉘라서 알리 맺힌 시름
이렁저렁이라 흐트러진 근심 다 후루쳐 던져 두고
자나깨나 깨나자나 임을 못 보니 가삼이 답답",인간 이별 / 만사 중에 / 독수공방 / 더욱 섧다 / 상사불견 / 이내 진정을 / 제 뉘라서 알리 / 맺힌 시름 / 이렁저렁이라 / 흐트러진 근심 / 다 후루쳐 / 던져 두고 / 자나깨나 / 깨나자나 / 임을 못 보니 / 가삼이 답답,16.0,346.54
KC_TM_JC_PR_S000047,정가,정악,풍류음악,가사,상사별곡,조일하,여창,Eb / Cm,5박,15/8,80.0,"차분한(3), 가볍고 신비로운(2), 쓸쓸한(2), 애절한(2), 향수 어린(2), 강렬한(1), 그리운(1), 기품 있는(1), 다이내믹한(1), 마음을 울리는(1), 명랑한(1), 몽환적인(1), 아정한(1), 어두운(1), 우울감 있는(1), 조화로운(1), 진심 어린(1)","매끄러운(2), 비강 울림이 있는(2), 울리는(2), 콧소리 나는(2), 가는(1), 깨끗한(1), 날 선(1), 섬세한(1), 정제된(1)","상사별곡은 독수공방의 외로움과 임에 대한 그리움을 절절하게 표현한 12가사 중 하나로, 4음보 율격의 가사체 노랫말을 시조 형식으로 변형하여 부르는 정악 > 풍류음악 곡이다. 이 곡은 사대부 가사의 전통을 이어받아 문학적으로도 수준 높은 노랫말을 자랑하며, 여창 가창자 조일하의 목소리가 이 곡을 이끌어가는 방식이 특히 두드러진다. 조일하의 창법은 섬세한 발성과 함께 다양한 시김새를 사용하여 멜로디를 표현하며, 각 음절에 대한 명확한 발음과 정확한 음정을 유지한다. 그녀의 성량은 곡의 흐름에 맞춰 조절되며, 호흡은 적절한 시점에서 이루어져 긴장감과 여유를 동시에 느끼게 한다. 5박 장단의 리듬 위에서 조일하의 목소리는 유연하게 흐르며, 각 음의 시작과 끝에서 호흡을 통해 곡의 전개를 자연스럽게 이어간다. 이러한 호흡의 활용은 곡의 마무리를 장식하며, 전체적인 장르적 완성도를 높이는 데 기여한다.","Sangsabyeolgok is one of the twelve lyrics that poignantly express the loneliness of the solitary artisan and the longing for a beloved, characterized as a jeongak > pungnyu music piece that is sung in a modified sijo form with lyrics structured in a four-beat meter. This piece inherits the tradition of the literary quality of the yangban (noble class) lyrics, boasting a high level of poetic sophistication, and the way the female vocalist Jo Il-ha leads the performance is particularly striking. Jo Il-ha's singing technique employs delicate vocalization along with various embellishments to convey the melody while maintaining clear pronunciation of each syllable and precise pitch. Her vocal volume is adjusted in accordance with the flow of the piece, and her breathing occurs at appropriate moments, creating a simultaneous sense of tension and ease. Over the rhythm of the five-beat jangdan, Jo Il-ha's voice flows flexibly, seamlessly connecting the development of the piece through breath at the beginning and end of each note. This utilization of breath embellishes the conclusion of the piece and contributes to the overall genre's completeness.","인간 이별 만사 중에 독수공방 더욱 설다
상사불견 이내 진정 제 뉘라서 알리 맺힌 시름
이렁저렁이라 흐트러진 근심 다 후루쳐 던져 두고
자나깨나 깨나자나 임을 못 보니 가삼이 답답",인간 이별 / 만사 중에 / 독수공방이 / 더욱 설다 / 상사불견 / 이내 진정을 / 제 뉘라서 알리 / 맺힌 시름 / 이렁 / 저렁이라 / 흐트러진 / 근심 / 다 후 / 루쳐 / 던져 두고 / 자나 / 깨나 / 깨나 / 자나 / 임을 / 못 보니 / 가삼이 답답,22.0,346.54
KC_TM_JC_PR_S000048,정가,정악,풍류음악,가사,처사가,박진희,여창,D / Bm,5박,15/8,100.0,"다이내믹한(2), 몽환적인(2), 유려한(2), 가볍고 신비로운(1), 강렬한(1), 기품 있는(1), 다정한(1), 마음을 울리는(1), 사색적인(1), 신비로운(1), 엄숙한(1), 우울감 있는(1), 우울한(1), 의례적인(1), 조화로운(1), 편안한(1), 평화로운(1), 표현적인(1), 환상적인(1)","가는(2), 뻗어 나가는(2), 여린(2), 콧소리 나는(2), 공명감 있는(1), 단단한(1), 매끄러운(1), 선명한(1), 시원한(1), 유연한(1), 직진의(1)","처사가는 자연 속에 묻혀 사는 은둔 선비의 삶을 노래한 12가사 중 하나로, 정악의 풍류음악 장르에 속하며 가사의 특징이 잘 드러나는 곡이다. 이 곡은 상사별곡의 선율을 차용하고 시조의 초장과 종장 형식을 빌려 5박 장단으로 구성되어 있으며, 19세기 중후반에 불리기 시작하여 자연에 대한 예찬과 탈속의 경지를 담고 있다. 여창 가창자 박진희는 이 곡을 통해 전통적인 창법을 잘 살려내며, 목소리의 발성에서부터 시김새, 성량에 이르기까지 섬세한 표현을 보여준다. 박진희의 목소리는 곡의 멜로디를 부드럽게 이끌어가며, 전통적인 가사 창법의 특징인 시김새를 적절히 사용하여 곡의 정서를 풍부하게 만든다. 그녀는 호흡을 조절하며 각 음절에 힘을 실어주고, 자연의 아름다움과 은둔 선비의 삶을 노래하는 내용에 맞게 창법을 조화롭게 구성한다. 5박 장단의 리듬 위에서 박진희는 흐름을 타며, 각 박자에 맞춰 음을 조절하고 호흡을 사용하여 곡의 마무리를 장식한다. 그녀의 호흡은 곡의 완성도를 높이며, 전통적인 정악의 매력을 더욱 부각시킨다.","Cheosaganeun is one of the twelve lyrical pieces that sing the life of a reclusive scholar living in harmony with nature, belonging to the genre of jeongak's pyeongnyu music, and it distinctly showcases the characteristics of the lyrics. This piece borrows the melody from Sangsa Byeolgok and adopts the first and last stanza format of Sijo, structured in a 5-beat jangdan. It began to be performed in the mid to late 19th century, encapsulating praises of nature and the realm of transcendence. The female vocalist Park Jin-hee effectively brings forth traditional singing techniques in this piece, demonstrating delicate expressions from vocalization to ornamentation and vocal range. Her voice smoothly guides the melody while appropriately employing the ornamentation characteristic of traditional lyrical singing, enriching the emotional depth of the piece. She skillfully controls her breath, emphasizing each syllable, and harmoniously structures her singing style to align with the content that celebrates the beauty of nature and the life of the reclusive scholar. Riding the rhythm of the 5-beat jangdan, Park Jin-hee adjusts her pitch and breathes in accordance with each beat, beautifully concluding the piece. Her breath enhances the overall quality of the performance, further highlighting the allure of traditional jeongak.","천생아재 쓸데없어 세상공명을 하직하고
양한수명하여 운림처사 되오리라 구승갈포 몸에 걸고
삼절죽장 손에 쥐고 낙조강호 경좋은데 망혜완보로 나려가니
적적송관 닫았는데 요요행원 개 짖는다 경개무궁좋을시고",천생아재 / 쓸데없어 / 세상공명을 / 하직하고 / 양한수명 / 하여 운림처사 / 되오리라 / 구승갈포 / 몸에 걸고 / 삼절죽장 / 손에 쥐고 / 낙조강호 / 경좋은데 / 망혜완보로 / 나려가니 / 적적송관 / 닫았는데 / 요요행원 / 개 짖는다 / 경개무궁 / 좋을시고,21.0,378.02
KC_TM_JC_PR_S000049,정가,정악,풍류음악,가사,처사가,이동영,남창,Ab / Fm,5박,15/8,100.0,"사색적인(2), 잔잔한(2), 장엄한(2), 강한(1), 기품 있는(1), 부드러운(1), 불안한(1), 쓸쓸한(1), 엄숙한(1), 에너지 넘치는(1), 여유로운(1), 영감을 주는(1), 우아한(1), 절제된(1), 진지한(1), 차분한(1), 침울한(1), 활기찬(1)","묵직한(3), 담백한(2), 섬세한(2), 밀도 있는(1), 쇳소리 나는(1), 시원한(1), 탁 트인(1), 투명한(1)","처사가는 정악의 풍류음악 장르에 속하는 가사로, 은둔 선비의 삶을 노래하며 자연에 대한 예찬과 탈속의 경지를 담고 있다. 이 곡은 19세기 중후반에 불리기 시작했으며, 상사별곡의 선율을 차용하고 시조의 초장과 종장 형식을 빌려 5박 장단으로 구성되어 있다. 남창 가창자 이동영의 목소리는 이 곡의 서정성을 잘 이끌어내며, 그의 발성은 안정적이고 균형 잡힌 음역대를 유지한다. 이동영은 시김새를 적절히 활용하여 곡의 감정을 전달하며, 멜로디의 흐름을 부드럽게 이어간다. 그의 성량은 곡의 각 구절에 따라 조절되며, 호흡 또한 자연스럽게 이어져 청중이 곡의 흐름에 몰입할 수 있도록 돕는다. 5박의 리듬 위에서 가창자는 각 박자를 명확히 구분하며, 이를 통해 곡의 구조적 완성도를 높인다. 이동영의 호흡은 곡의 마무리에서 여운을 남기며, 전체적인 곡의 흐름을 더욱 풍부하게 만들어준다.","Cheosaganeun belongs to the genre of Jeongak's Pungnyu music, singing about the life of a reclusive scholar while embodying praise for nature and the realm of transcendence. This piece began to be performed in the mid to late 19th century, borrowing melodies from Sangsa Byeolgok and utilizing the first and last stanzas of Sijo, structured in a 5-beat Jangdan. The voice of the male vocalist Lee Dong-young effectively brings out the lyrical quality of the piece, maintaining a stable and balanced vocal range. Lee Dong-young skillfully employs vocal ornamentation to convey the emotions of the song, smoothly connecting the flow of the melody. His vocal volume is adjusted according to each phrase, and his breathing is naturally sustained, allowing the audience to immerse themselves in the progression of the piece. Over the 5-beat rhythm, the vocalist distinctly articulates each beat, thereby enhancing the structural completeness of the composition. Lee Dong-young's breath leaves a lingering resonance at the conclusion of the piece, enriching the overall flow of the music.","천생아재 쓸데없어 세상공명을 하직허고
양한수명허여 운림처사 되오리라 구승갈포 몸에 걸고
삼절죽장 손에 쥐고 낙조강호경 좋은데 망혜완보로 나려가니
적적송관 닫었는데 요요행원 개 짖는다 경개무궁 좋을시고",천생아재 / 쓸데없어 / 세상공명을 / 하직허고 / 양한수명 / 허여 / 운림처사 / 되오리라 / 구승갈포 / 몸에 걸고 / 삼절죽장 / 손에 쥐고 / 낙조강호 / 경 좋은데 / 망혜완보로 / 나려가니 / 적적송관 / 닫었는데 / 요요행원 / 개 짖는다 / 경개무궁 / 좋을시고,22.0,387.02
KC_TM_JC_PR_S000050,정가,정악,풍류음악,가사,양양가,김희영,여창,Gb / Ebm,5박,15/8,100.0,"가볍고 신비로운(3), 다이내믹한(2), 차분한(2), 감상적인(1), 강렬한(1), 기품 있는(1), 명랑한(1), 명상적인(1), 생기 있는(1), 서사적인(1), 시적인(1), 여유로운(1), 절제된(1), 조화로운(1), 표현적인(1)","청아한(3), 가는(2), 고운(2), 깨끗한(2), 단단한(1), 맑은(1), 밀도 있는(1), 시원한(1)","양양가는 당나라 시인 이백의 한시 '양양가'에 우리말 토를 달아 부르는 12가사 중 하나로, 정악의 풍류음악 장르에 속하며 술과 풍류를 예찬하는 내용을 담고 있다. 이 곡은 19세기 중후반에 등장하여 교방 등에서 널리 불렸으나, 정격 가사에 비해 격조가 낮다는 평을 받기도 했다. 여창 가창자 김희영의 목소리는 이 곡의 매력을 한층 더 부각시키며, 그녀의 발성과 시김새는 곡의 정수를 잘 드러낸다. 김희영은 곡의 멜로디를 부드럽게 풀어내며, 각 음절에 감정을 실어 전달한다. 그녀의 성량은 안정적이며, 호흡 조절이 뛰어나 곡의 흐름을 자연스럽게 이어간다. 특히, 시김새를 활용한 창법은 전통적인 가사의 느낌을 살리면서도 현대적인 감각을 더한다. 5박의 리듬 위에서 김희영은 적절한 호흡과 함께 곡의 흐름을 타며, 리듬에 맞춰 유연하게 변화를 주어 청중을 사로잡는다. 그녀의 호흡은 곡의 마무리를 장식하며, 전체적인 장르적 완성도를 높이는 데 기여한다.","Yangyangga is one of the twelve lyrics sung with Korean commentary to the Tang Dynasty poet Li Bai's poem 'Yangyangga,' belonging to the genre of Jeongak's Pungnyu music, which extols the virtues of wine and elegant pastimes. This piece emerged in the mid to late 19th century and was widely performed in places such as Gyobang; however, it has been critiqued for its lower sophistication compared to the standard lyrics. The voice of the female vocalist Kim Hee-young further accentuates the charm of this piece, with her vocalization and stylistic nuances effectively revealing the essence of the song. Kim Hee-young delivers the melody with a gentle touch, infusing emotion into each syllable. Her vocal power is stable, and her breath control is exceptional, allowing for a seamless flow throughout the piece. Notably, her singing technique, which employs stylistic nuances, preserves the traditional feel of the lyrics while adding a modern sensibility. Riding on a five-beat rhythm, Kim Hee-young navigates the flow of the piece with appropriate breath support, skillfully introducing variations in rhythm that captivate the audience. Her breath beautifully concludes the piece, contributing to the overall genre's completeness.","낙일이 욕몰현산서허니 도착접리화하미라
양양소아제박수허니 난가쟁창백동제라 방인은 차문소하사오
소쇄산옹취사니라 노자작앵무배로 백년삼만육천일을
일일수경삼백배라 요간한수압두록허니 흡사포도 초발배라",낙일이 욕몰 / 현산서허니 / 도착접리 / 화하미라 / 양양소아 / 제박수허니 / 난가쟁창 / 백동제라 / 방인은 차문 / 소하사오 / 소쇄산옹 / 취사니라 / 로자작 앵 / 무배로 / 백년삼만 / 육천일을 / 일일수경 / 삼백배라 / 요간한수 / 압두록허니 / 흡사포도 / 초발배라,22.0,388.82
KC_TM_JC_PR_S000051,정가,정악,풍류음악,가사,양양가,김대윤,남창,Ab / Fm,5박,15/8,80.0,"강한(2), 강력한(1), 다이내믹한(1), 마음을 울리는(1), 몽환적인(1), 신비로운(1), 영웅적인(1), 웅대한(1), 잔잔한(1), 장엄한(1), 절제된(1), 진지한(1), 차분한(1), 표현적인(1), 향토적인(1), 활기찬(1)","묵직한(2), 울리는(2), 진한(2), 걸쭉한(1), 단단한(1), 두터운(1), 머금은 듯한(1), 비강 울림이 있는(1), 정제된(1)","양양가는 당나라 시인 이백의 한시에 우리말 토를 달아 부르는 12가사 중 하나로, 술을 예찬하는 내용을 담고 있다. 이 곡은 정악의 풍류음악 장르에 속하며, 가사의 특징이 잘 드러나는 작품이다. 19세기 중후반 이후 교방에서 널리 불렸고, 하규일은 이를 격조가 낮은 노래로 분류하여 제자들에게 가르치지 않았다는 전통이 있다. 남창 가창자 김대윤은 이 곡을 통해 자신의 목소리로 곡의 흐름을 이끌어간다. 그의 발성은 안정적이며, 시김새를 활용하여 가사의 의미를 더욱 강조한다. 김대윤의 성량은 곡의 전개에 맞춰 적절히 조절되며, 호흡은 긴 구절에서도 일관되게 유지되어 곡의 흐름을 자연스럽게 이어준다. 특히, 그는 멜로디를 표현하는 방식에서 고유의 창법을 통해 전통적인 느낌을 잘 살린다. 5박의 리듬 위에서 가창자는 각 박자를 명확히 구분하며, 리듬의 흐름을 잘 타고 지나간다. 곡의 마무리에서는 호흡을 통해 여운을 남기며, 장르의 완성도를 높이는 데 기여한다. 이러한 요소들이 결합되어 양양가는 단순한 노래 이상의 의미를 지니게 된다.","Yangyangga is one of the twelve lyrics sung with Korean words added to a poem by the Tang dynasty poet Li Bai, and it contains themes praising wine. This piece belongs to the genre of Jeongak's Pungnyu music and is a work that clearly showcases the characteristics of its lyrics. After the mid to late 19th century, it was widely sung in the Gyo-bang, and there is a tradition that Hagyuil classified it as a song of lower refinement, choosing not to teach it to his students. The male vocalist Kim Daeyun leads the flow of the piece with his voice. His vocalization is stable, and he utilizes vocal embellishments to further emphasize the meaning of the lyrics. Kim Daeyun's vocal volume is appropriately adjusted according to the development of the piece, and his breath is consistently maintained even through long phrases, allowing the flow of the song to transition smoothly. In particular, he expresses the melody in a way that preserves a traditional feel through his unique singing style. Over a five-beat rhythm, the vocalist clearly distinguishes each beat and navigates the flow of the rhythm well. In the conclusion of the piece, he leaves a lingering resonance through his breath, contributing to the overall completeness of the genre. These elements combine to give Yangyangga a significance that transcends being merely a song.","낙일이 욕몰현산서허니 도착접리화하미라
양양소아제박수허니 난가쟁창백동제라 방인은 차문소하사오
소쇄산옹취사니라 노자작앵무배로 백년삼만육천일을
일일수경삼백배라 요간한수압두록허니 흡사포도 초발배라",낙일이 욕몰현산서허니 / 도착접리화하미라 / 양양소아제박수허니 / 난가쟁창백동제라 / 방인은 차문소하사오 / 소쇄산옹취사니라 / 노자작앵무배로 / 백년삼만육천일을 / 일일수경 / 삼백배라 / 요간한수압두록허니 / 흡사포도 / 초발배라,13.0,483.79
KC_TM_JC_PR_S000052,정가,정악,풍류음악,시조,평시조 태산이,조일하,여창,D / Bm,5박·8박,3/8,80.0,"몽환적인(3), 우아한(3), 가볍고 신비로운(1), 감상적인(1), 긴장된(1), 낭만적인(1), 명랑한(1), 사색적인(1), 쓸쓸한(1), 아정한(1), 애절한(1), 잔잔한(1), 절제된(1), 진지한(1), 차분한(1), 평온한(1)","청아한(3), 가는(2), 날카로운(1), 매끄러운(1), 묵직한(1), 섬세한(1), 시원한(1), 유연한(1), 콧소리 나는(1), 투명한(1)","평시조 '태산이'는 정악의 풍류음악 장르에 속하는 곡으로, 시조창의 기본형을 잘 나타낸다. 이 곡은 18세기 후반 서울에서 발생한 경제와 지방의 향제를 배경으로 하며, 양사언의 시조 '태산이 높다하되'를 가사로 하여 여창 가객 조일하가 부른다. 시조는 같은 갈래 안에서 표제가 달라도 가락 틀은 같고 사설만 달라지는 경우가 많아, 이 곡 역시 시조의 전통적인 형식을 따르며 그 기본적인 구조를 유지하고 있다. 조일하의 목소리는 곡의 흐름을 매끄럽게 이끌어가며, 시조의 전통적인 창법을 충실히 따르고 있다. 발성 면에서는 중간 음역대에서 안정적으로 소리를 내며, 시김새를 적절하게 사용하여 가사의 의미를 강조한다. 조일하의 성량은 곡의 각 부분에서 균형을 이루며, 호흡의 조절이 뛰어나 리듬의 변화를 자연스럽게 받아들인다. 5박·8박의 리듬 위에서 조일하의 목소리는 곡의 흐름을 유연하게 타고, 호흡을 통해 곡의 마무리를 장식하며 장르적 완성도를 높인다. 이러한 요소들은 모두 조일하가 시조의 전통을 계승하고 발전시키는 데 기여하고 있음을 보여준다.","The Pyeongsijo ""Taesan-i"" belongs to the genre of Jeongak's Pungnyu music and exemplifies the fundamental form of Sijo singing. This piece is set against the backdrop of the economic conditions and local festivals that emerged in Seoul during the late 18th century, and it is performed by the female singer Jo Il-ha, using the lyrics from Yang Sa-eon's Sijo ""Taesan-i nopda hade."" In Sijo, even when the titles differ within the same category, the melodic framework often remains the same while only the lyrics change; thus, this piece adheres to the traditional format of Sijo and maintains its basic structure. Jo Il-ha's voice smoothly guides the flow of the piece, faithfully following the traditional singing style of Sijo. In terms of vocalization, she produces sound stably within the mid-range and effectively employs embellishments to emphasize the meaning of the lyrics. Jo Il-ha's vocal power is balanced throughout the various sections of the piece, and her excellent breath control allows her to naturally accommodate rhythmic changes. Riding on the rhythms of 5-beat and 8-beat patterns, Jo Il-ha's voice flows flexibly with the music, and through her breath, she decorates the conclusion of the piece, enhancing its genre-specific completeness. All these elements demonstrate Jo Il-ha's contribution to the inheritance and development of the Sijo tradition.","태산이 높다하되 하늘아래 뫼이로다
오르고 또오르면 못 오를이 없건만은
사람이 제아니 오르고 뫼만 높다
태산이 높다하되 하늘아래 뫼이로다
오르고 또오르면 못 오를이 없건만은
사람이 제아니 오르고 뫼만 높다",태산이 / 높다하되 / 하늘아래 / 뫼이로다 / 오르고 / 또오르면 / 못 오를이 / 없건만은 / 사람이 / 제아니 오르고 / 뫼만 높다 / 태산이 / 높다하되 / 하늘아래 / 뫼이로다 / 오르고 / 또오르면 / 못 오를이 / 없건만은 / 사람이 / 제아니 오르고 / 뫼만 높다,22.0,400.54
KC_TM_JC_PR_S000053,정가,정악,풍류음악,시조,평시조 태산이,이동영,남창,B / Abm,5박·8박,3/8,100.0,"다이내믹한(2), 영웅적인(2), 웅대한(2), 장엄한(2), 절제된(2), 표현적인(2), 감상적인(1), 그루브감 있는(1), 긴장된(1), 명상적인(1), 부드러운(1), 엄숙한(1), 에너지 넘치는(1), 차분한(1), 해학적인(1), 향토적인(1), 희망적인(1)","단단한(2), 비강 울림이 있는(2), 걸쭉한(1), 깨끗한(1), 담백한(1), 묵직한(1), 밝은(1), 쇳소리 나는(1), 안쪽에서 울리는(1), 울리는(1), 직진의(1), 콧소리 나는(1)","평시조 태산이는 정악의 풍류음악 장르에 속하는 곡으로, 시조창의 기본형을 잘 보여준다. 이 곡은 18세기 후반 서울에서 발생한 경제와 지방의 향제로 나뉘는 시조의 특징을 반영하고 있으며, 특히 양사언의 시조 '태산이 높다하되'를 가삿말로 하여 사람의 노력을 강조하는 내용을 담고 있다. 남창 가창자 이동영의 목소리는 이 곡의 전통적인 시조창의 형식을 충실히 따르며, 중간 음역대에서 평평하게 부르는 창법을 통해 곡의 기본적인 구조를 명확히 드러낸다. 이동영은 발성을 통해 시조의 선율을 부드럽게 표현하며, 시김새를 적절히 사용하여 가사의 의미를 강조한다. 그의 성량은 곡의 흐름을 자연스럽게 이끌어가며, 호흡은 적절한 간격으로 이루어져 곡의 리듬을 잘 유지한다. 특히 5박·8박의 장단에 맞춰 부르는 방식은 가창자가 리듬을 타며 감정을 전달하는 데 큰 역할을 한다. 이동영의 호흡은 곡의 마무리 부분에서 여운을 남기며, 시조의 전통적인 창법을 통해 장르적 완성도를 높인다.","Pyeongsijo Taesani is a piece belonging to the genre of Jeongak's Pungnyu music, showcasing the fundamental form of Sijo singing. This composition reflects the characteristics of Sijo, which were divided between the economy of late 18th-century Seoul and the local hyangjeong, particularly emphasizing human effort through the lyrics of Yang Sa-eon's Sijo ""Taesani nopdahade."" The voice of male singer Lee Dong-young faithfully adheres to the traditional form of Sijo singing, clearly revealing the basic structure of the piece through a flat singing technique in the mid-range. Lee Dong-young expresses the melody of the Sijo smoothly through his vocalization and appropriately employs vocal embellishments to emphasize the meaning of the lyrics. His vocal strength naturally guides the flow of the piece, while his breathing occurs at suitable intervals, effectively maintaining the rhythm of the composition. Notably, the method of singing in accordance with the 5-beat and 8-beat Jangdan plays a significant role in allowing the singer to convey emotions while following the rhythm. Lee Dong-young's breathing leaves a lingering resonance at the conclusion of the piece, enhancing the genre's completeness through the traditional singing style of Sijo.","태산이 높다하되 하늘아래 뫼이로다
오르고 또오르면 못오를리 없것마는
사람이 제아니 오르고 뫼만 높다
태산이 높다하되 하늘아래 뫼이로다
오르고 또오르면 못오를리 없것마는
사람이 제아니 오르고 뫼만 높다",태산이 / 높다하되 / 하늘아래 / 뫼이로다 / 오르고 / 또오르면 / 못오를리 / 없것마는 / 사람이 / 제아니 오르고 / 뫼만 높다 / 태산이 / 높다하되 / 하늘아래 / 뫼이로다 / 오르고 / 또오르면 / 못오를리 / 없것마는 / 사람이 / 제아니 오르고 / 뫼만 높다,22.0,318.02
KC_TM_JC_PR_S000054,정가,정악,풍류음악,시조,평시조 샛별지자,김희영,여창,Gb / Ebm,5박·8박,3/8,100.0,"가볍고 신비로운(2), 기품 있는(2), 다정한(2), 단아한(2), 잔잔한(2), 편안한(2), 낭만적인(1), 마음을 울리는(1), 몽환적인(1), 시적인(1), 쓸쓸한(1), 아정한(1), 애절한(1), 우아한(1), 진심 어린(1), 평온한(1), 평화로운(1), 향수 어린(1), 환상적인(1), 희망적인(1)","가는(3), 고운(3), 맑은(2), 여린(2), 깨끗한(1), 매끄러운(1), 섬세한(1), 청아한(1)","평시조 '샛별지자'는 정악의 풍류음악 장르에 속하는 곡으로, 시조창의 기본형을 잘 보여준다. 이 곡은 18세기 후반 서울에서 발생한 경제와 지방의 향제의 특징을 지닌 중요한 작품으로, 여창 가객인 김희영이 부른다. 김희영의 목소리는 중간 음역대에서 평평하게 부르며, 전통적인 시조의 창법을 충실히 따르면서도 개성을 표현한다. 그녀는 발성을 통해 음의 흐름을 부드럽게 이어가며, 시김새를 적절히 사용하여 가사의 의미를 강조한다. 또한, 성량을 조절하여 각 구절의 끝을 자연스럽게 마무리하며, 호흡의 조절로 긴장감을 유지한다. 이 곡의 장단인 5박·8박의 리듬 위에서 김희영은 안정적인 흐름을 타며, 각 음절을 정확하게 전달한다. 그녀의 호흡은 곡의 마무리를 장식하며, 전통적인 시조의 완성도를 높이는 데 기여한다.","The Pyeongsijo ""Saetbyeoljija"" is a piece belonging to the genre of Jeongak's Pungnyu music, and it exemplifies the basic form of Sijo singing. This work is an important composition that reflects the characteristics of the economy and local customs that emerged in Seoul during the late 18th century, performed by the female singer Kim Hee-young. Kim Hee-young's voice is delivered in a flat manner within the mid-range, faithfully adhering to the traditional Sijo singing style while also expressing her individuality. Through her vocalization, she smoothly connects the flow of notes and appropriately employs stylistic nuances to emphasize the meaning of the lyrics. Additionally, she adjusts her vocal volume to naturally conclude each phrase and maintains tension through breath control. Riding on the rhythm of the Jangdan, which consists of 5 beats and 8 beats, Kim Hee-young conveys each syllable accurately while maintaining a stable flow. Her breath embellishes the conclusion of the piece, contributing to the overall completeness of the traditional Sijo.","샛별 지자 종다리 떴다 호미 메고 사립 나니
긴 수풀 찬 이슬에 베잠방이 다 젖는다
아이야 시절이 좋을손 옷이 젖다
샛별 지자 종다리 떴다 호미 메고 사립 나니
긴 수풀 찬 이슬에 베잠방이 다 젖는다
아이야 시절이 좋을손 옷이 젖다",샛별 지자 / 종다리 떴다 / 호미 메고 / 사립 나니 / 긴 수풀 / 찬 이슬 / 에 베잠방이 / 다 젖는다 / 아이야 / 시절이 좋을손 / 옷이 젖다 / 샛별 지자 / 종다리 떴다 / 호미 메고 / 사립 나니 / 긴 수풀 / 찬 이슬 / 에 베잠방이 / 다 젖는다 / 아이야 / 시절이 좋을손 / 옷이 젖다,22.0,318.62
KC_TM_JC_PR_S000055,정가,정악,풍류음악,시조,평시조 어저,조일하,여창,D / Bm,5박·8박,3/8,80.0,"기품 있는(2), 비통한(2), 애절한(2), 엄숙한(2), 강한(1), 그리운(1), 다이내믹한(1), 단아한(1), 명상적인(1), 부드러운(1), 불가사의한(1), 사색적인(1), 시적인(1), 아정한(1), 어두운(1), 영감을 주는(1), 우울감 있는(1), 우울한(1), 유려한(1), 절제된(1), 진지한(1), 침울한(1), 표현적인(1), 향수 어린(1)","단단한(2), 진한(2), 걸쭉한(1), 날 선(1), 날카로운(1), 담백한(1), 맑은(1), 매끄러운(1), 묵직한(1), 밀도 있는(1), 비강 울림이 있는(1), 선명한(1), 섬세한(1), 시원한(1), 울리는(1), 유연한(1), 힘 있는(1)","평시조 '어저'는 정악의 풍류음악에 속하는 곡으로, 시조창의 기본형을 잘 보여준다. 이 곡은 18세기 후반 서울에서 발생한 경제와 지방의 향제의 차이를 반영하며, 속소리의 사용 여부로 두 가지 스타일을 구분할 수 있다. 특히 이 곡은 황진이의 시조 '어져 내 일이야'를 가사로 하여 여창 가객이 부른 것으로, 임을 떠나보내고 후회하는 여인의 심리를 담고 있다. 여창 가창자 조일하의 목소리는 이 곡의 정서를 깊이 있게 전달하며, 중간 음역대에서 평평하게 부르는 창법이 돋보인다. 조일하의 발성은 안정적이며, 시김새를 적절히 활용하여 감정을 표현한다. 특히, 멜로디의 흐름을 자연스럽게 이어가며, 각 음절에 맞춰 호흡을 조절하는 모습이 인상적이다. 5박·8박의 리듬 위에서 가창자는 유연하게 흐름을 타며, 곡의 구조를 잘 살린다. 조일하의 호흡은 곡의 전개를 부드럽게 이어주며, 마무리 부분에서는 여유 있게 호흡을 조절하여 시조의 전통적인 매력을 더욱 강조한다. 이처럼 조일하의 창법은 평시조의 특성을 잘 살리며, 곡의 완성도를 높인다.","The Pyeongsijo ""Eojeo"" is a piece belonging to the genre of Jeongak, showcasing the fundamental form of Sijo singing. This composition reflects the economic disparities between Seoul and the provinces that emerged in the late 18th century, and it can be distinguished into two styles based on the use of Soksori. Notably, this piece is sung by a female vocalist, drawing on the lyrics of Hwang Jini's Sijo ""Eojyeo Nae Ilgiya,"" encapsulating the sentiments of a woman who laments the departure of her beloved. The voice of the female vocalist Jo Il-ha deeply conveys the emotions of the piece, with her singing technique particularly highlighted by a flat delivery in the mid-range. Jo Il-ha's vocalization is stable, effectively utilizing embellishments to express feelings. Especially impressive is her ability to seamlessly connect the flow of the melody, adjusting her breath to match each syllable. Over the rhythms of 5-beat and 8-beat, the vocalist navigates the flow with flexibility, skillfully maintaining the structure of the piece. Jo Il-ha's breath supports the smooth progression of the composition, and in the concluding section, she leisurely controls her breathing, further emphasizing the traditional charm of Sijo. In this way, Jo Il-ha's singing technique effectively embodies the characteristics of Pyeongsijo, enhancing the overall quality of the piece.","어저 내일이야 그릴 줄을 모르던가
있으랴 하도면 가랴마는 제 구타여
보내고 그리는 정은 나도 몰라
어저 내일이야 그릴 줄을 모르던가
있으랴 하도면 가랴마는 제 구타여
보내고 그리는 정은 나도 몰라",어저 내일이야 / 그릴 줄을 모르던가 / 있으랴 하도면 / 가랴마는 제 구타여 / 보내고 그리는 정은 / 나도 몰라 / 어저 내일이야 / 그릴 줄을 모르던가 / 있으랴 하도면 / 가랴마는 제 구타여 / 보내고 그리는 정은 / 나도 몰라,12.0,384.79
KC_TM_JC_PR_S000056,정가,정악,풍류음악,시조,평시조 동창이,김대윤,남창,B / Abm,5박·8박,3/8,80.0,"진지한(3), 평온한(3), 기품 있는(2), 명상적인(2), 절제된(2), 감상적인(1), 단아한(1), 마음을 울리는(1), 몽환적인(1), 생기 있는(1), 아정한(1), 우아한(1), 웅대한(1), 잔잔한(1), 장엄한(1), 편안한(1), 평화로운(1), 향토적인(1)","단단한(2), 담백한(2), 안쪽에서 울리는(2), 정제된(2), 고운(1), 공명감 있는(1), 매끄러운(1), 머금은 듯한(1), 묵직한(1), 뻗어 나가는(1), 선명한(1), 섬세한(1), 시원한(1), 울리는(1), 유연한(1), 콧소리 나는(1)","평시조 '동창이 밝았느냐'는 정악의 풍류음악 장르에 속하는 곡으로, 18세기 후반 서울에서 발생한 경제와 지방의 향제의 전통을 반영하고 있다. 이 곡은 시조창의 기본형인 단형시조로, 45자 내외의 가사를 중간 음역대에서 평평하게 부르는 것이 특징이다. 남구만의 시조로서 근면성실함의 미덕을 강조하며, 가창자는 남창 가객인 김대윤이다. 김대윤의 목소리는 이 곡의 구조적 특징을 잘 살리며, 발성을 통해 안정적인 음역대를 유지한다. 그는 시김새를 적절하게 활용하여 가사의 의미를 효과적으로 전달하며, 성량이 고르게 분포되어 있어 청중에게 깊은 인상을 남긴다. 호흡은 곡의 흐름을 자연스럽게 이어주며, 각 구절의 끝을 부드럽게 마무리함으로써 전체적인 완성도를 높인다. 5박·8박의 리듬 위에서 김대윤은 리드미컬하게 멜로디를 전개하며, 리듬의 변화를 통해 곡의 다채로운 면모를 보여준다. 그의 호흡은 곡의 마무리에서 중요한 역할을 하며, 시조의 전통적인 아름다움을 더욱 강조한다.","The 평시조 ""Dongchangi Balganungha"" belongs to the genre of Jeongak's refined music and reflects the economic conditions and local traditions of the late 18th century in Seoul. This piece is a basic form of Sijo known as Danhyeong Sijo, characterized by singing lyrics of approximately 45 characters in a flat manner within a mid-range vocal register. As a Sijo by Nam Gum-an, it emphasizes the virtues of diligence and sincerity, with the vocalist being Kim Dae-yun, a male singer. Kim Dae-yun's voice effectively highlights the structural features of the piece, maintaining a stable vocal range through his technique. He skillfully employs vocal embellishments to convey the meaning of the lyrics effectively, and his evenly distributed vocal strength leaves a profound impression on the audience. His breath support naturally connects the flow of the piece, smoothly concluding each phrase, thereby enhancing the overall completeness. Over a 5-beat and 8-beat rhythm, Kim Dae-yun rhythmically develops the melody, showcasing the piece's diverse aspects through rhythmic variations. His breath plays a crucial role in the conclusion of the piece, further emphasizing the traditional beauty of Sijo.","동창이 밝았느냐 노고지리 우지진다
소 치는 아희놈은 상긔 아니 일었느냐
재 넘어 사래 긴 밭을 언제 갈려
동창이 밝았느냐 노고지리 우지진다
소 치는 아희놈은 상긔 아니 일었느냐
재 넘어 사래 긴 밭을 언제 갈려",동창이 밝았느냐 / 노고지리 우지진다 / 소 치는 아희놈은 상긔 / 아니 일었느냐 / 재 넘어 사래 긴 밭을 언제 갈려 / 동창이 밝았느냐 / 노고지리 우지진다 / 소 치는 아희놈은 / 상긔 아니 일었느냐 / 재 넘어 사래 긴 밭을 언제 갈려,10.0,398.28
KC_TM_JC_PR_S000057,정가,정악,풍류음악,시조,중허리시조 인심은,박진희,여창,Gb / Ebm,5박·8박,3/8,100.0,"몽환적인(3), 가볍고 신비로운(2), 단아한(2), 우아한(2), 감상적인(1), 명상적인(1), 비통한(1), 서사적인(1), 시적인(1), 쓸쓸한(1), 아정한(1), 애절한(1), 우울감 있는(1), 의례적인(1), 잔잔한(1), 절제된(1), 평온한(1), 표현적인(1), 품위 있는(1), 향수 어린(1), 환상적인(1)","가는(3), 고운(2), 깨끗한(1), 매끄러운(1), 머금은 듯한(1), 밝은(1), 선명한(1), 섬세한(1), 여린(1), 정제된(1), 청아한(1), 콧소리 나는(1), 투명한(1)","중허리시조 '인심은'은 정악의 풍류음악 장르에 속하는 곡으로, 전통 시조의 특성을 잘 드러내고 있다. 이 곡은 평시조와 유사하지만, 초장 셋째 장단의 첫 박을 높은 속소리로 부르는 것이 특징이다. 이러한 창법은 가곡 '중거'와 성격이 비슷하여 '중거시조'라고도 불리며, 시조의 전통적인 형식 안에서 음악적 변화를 주고 단조로움을 피하는 역할을 한다. 여창 가창자 박진희의 목소리는 이 곡의 전개를 이끌어가는 중요한 요소로, 그녀는 높은 음역에서의 발성과 시김새를 통해 곡의 흐름을 자연스럽게 이어간다. 박진희는 각 장단을 명확하게 구분하면서도, 시조의 전통적인 리듬감을 살려내며, 호흡 조절을 통해 긴장감과 여유를 동시에 표현한다. 특히, 고음역에서의 창법은 높은 속소리의 특징을 잘 살리며, 이를 통해 곡의 감정을 전달하는 데 기여한다. 5박·8박의 리듬 위에서 박진희는 안정적인 호흡으로 곡의 흐름을 타며, 각 음의 연결을 매끄럽게 이어가고, 곡의 마무리에서는 호흡을 통한 여운을 남기며 전통 시조의 완성도를 높인다. 이러한 요소들이 결합되어 중허리시조의 독특한 매력을 잘 드러내는 작품으로 완성된다.","The Jungheorisi Jo ""Inshim-eun"" belongs to the genre of Jeongak's Pungnyu music and effectively showcases the characteristics of traditional Sijo. This piece is similar to Pyeongsijo but is distinguished by the high-pitched singing of the first beat of the third Jangdan in the first stanza. This singing style is akin to that of the Gagok ""Junggeo,"" and it is also referred to as ""Junggeosijo,"" serving to introduce musical variations within the traditional framework of Sijo and to avoid monotony. The voice of the female vocalist Park Jin-hee is a crucial element in the development of this piece, as she seamlessly connects the flow of the music through her vocalization and embellishments in the high range. Park Jin-hee clearly delineates each Jangdan while preserving the traditional rhythmic feel of Sijo, expressing both tension and relaxation through her breath control. In particular, her singing technique in the high register effectively highlights the characteristics of the high-pitched voice, contributing to the emotional delivery of the piece. Riding on the rhythms of 5-beat and 8-beat, Park Jin-hee maintains a stable breath, ensuring smooth connections between the notes, and in the conclusion of the piece, she leaves a lingering resonance through her breath, enhancing the completeness of traditional Sijo. These elements combine to create a work that beautifully reveals the unique charm of Jungheorisi Jo.","인심은 터이 되고 효제충신이 기동 되어
예의염치로 가즉이 예였으니
천만년 풍우를 만난들 기울 줄이
인심은 터이 되고 효제충신이 기동 되어
예의염치로 가즉이 예였으니
천만년 풍우를 만난들 기울 줄이",인심은 / 터이 되고 / 효제충신 / 기동되고 / 예의염치로 / 가즉이 / 예였으니 / 천만년 / 만난들 / 기울 줄이 / 인심은 / 터이 되고 / 효제충신 / 기동되고 / 예의염치로 / 가즉이 / 예였으니 / 천만년 / 만난들 / 기울 줄이,20.0,318.62
KC_TM_JC_PR_S000058,정가,정악,풍류음악,시조,우조시조 월정명,조일하,여창,D / Bm,5박·8박,3/8,80.0,"가볍고 신비로운(1), 경쾌한(1), 기품 있는(1), 드라마틱한(1), 마음을 울리는(1), 명랑한(1), 몽환적인(1), 부드러운(1), 시적인(1), 신비로운(1), 쓸쓸한(1), 애절한(1), 열정적인(1), 우아한(1), 잔잔한(1), 편안한(1), 평온한(1), 품위 있는(1), 해학적인(1), 활기찬(1)","매끄러운(2), 가는(1), 걸쭉한(1), 공명감 있는(1), 날 선(1), 밝은(1), 비강 울림이 있는(1), 선명한(1), 섬세한(1), 울리는(1), 콧소리 나는(1)","우조시조 '월정명'은 정악 중 풍류음악에 속하는 곡으로, 3음계의 평시조와는 달리 5음계를 사용하여 굵고 웅장한 느낌을 자아내는 시조이다. 이 곡은 밝은 달 아래서의 뱃놀이를 노래하는 작자 미상의 시조로, 서울의 우대 지역 가객들에 의해 전승되었다. 특히, 시조는 같은 갈래 안에서 표제가 다르더라도 가락 틀은 유사하며, 사설과 선율의 변주에서 차이를 보인다. 여창 가창자 조일하의 목소리는 이 곡을 이끌어가는 중요한 요소로, 그는 전통적인 시조 창법을 바탕으로 발성을 명확하게 전달하며, 시김새를 적절히 활용하여 곡의 정서를 표현한다. 그의 성량은 곡의 구조에 맞춰 적절히 조절되며, 호흡은 시조의 전통적인 리듬에 잘 맞아떨어진다. 5박·8박의 리듬 위에서 조일하는 목소리는 흐름을 자연스럽게 타며, 각 음절마다의 발음과 호흡 조절이 조화롭게 이루어진다. 이로 인해 곡의 마무리는 가창자의 호흡이 부드럽게 이어지며, 전체적인 장르의 완성도를 높이는 데 기여한다.","The 우조시조 '월정명' is a piece belonging to the genre of Pungnyu music within the realm of Jeongak, distinguished from the 평시조 of the three-note scale by its use of a five-note scale, which evokes a robust and grand sensation. This piece, composed by an unknown author, sings of boat rides under the bright moon and has been passed down through the gagaek of the Udae region in Seoul. Notably, while the titles may differ within the same genre, the melodic framework remains similar, with variations observed in the lyrics and melody. The voice of the female vocalist Jo Il-ha is a crucial element that drives this piece, as he clearly articulates the vocalization based on traditional 시조 singing techniques and appropriately employs 시김새 to convey the emotional essence of the music. His vocal range is adjusted to suit the structure of the piece, and his breathing aligns seamlessly with the traditional rhythms of 시조. The voice, harmonizing with the rhythms of 5-beat and 8-beat, flows naturally, with the pronunciation and breath control of each syllable executed in harmony. As a result, the conclusion of the piece features the vocalist's breath flowing smoothly, contributing to the overall completeness of the genre.","월정명 월정명커늘 배를 타고 추강에 나니
물 아래 하늘이요 하늘 가운데 명월이라
선동아 잠긴 달 건져라 완월장취
월정명 월정명커늘 배를 타고 추강에 나니
물 아래 하늘이요 하늘 가운데 명월이라
선동아 잠긴 달 건져라 완월장취",월정명 / 월정명커늘 / 배를 저어 / 추강에 나니 / 물 아래 / 하늘이요 / 하늘 가운데 / 명월이라 / 선동아 / 잠긴 달 건져라 / 완월장취 / 월정명 / 월정명커늘 / 배를 저어 / 추강에 나니 / 물 아래 / 하늘이요 / 하늘 가운데 / 명월이라 / 선동아 / 잠긴 달 건져라 / 완월장취,22.0,400.54
KC_TM_JC_PR_S000059,정가,정악,풍류음악,시조,우조시조 월정명,홍창남,남창,Ab / Fm,5박·8박,3/8,80.0,"다이내믹한(2), 마음을 울리는(2), 서사적인(2), 애절한(2), 경쾌한(1), 긴장된(1), 비통한(1), 사색적인(1), 어두운(1), 우아한(1), 잔잔한(1), 장엄한(1), 진지한(1), 표현적인(1), 향토적인(1)","쇳소리 나는(3), 담백한(2), 묵직한(2), 걸쭉한(1), 긁히는(1), 매끄러운(1), 머금은 듯한(1), 비강 울림이 있는(1), 콧소리 나는(1), 투명한(1)","우조시조 월정명은 정악의 풍류음악 장르에 속하는 곡으로, '우조격의 평시조'라는 의미를 지닌 우조시조의 특징을 잘 드러낸다. 이 곡은 서울 '우대' 지역의 가객들에 의해 전승되었으며, 밝은 달 아래의 뱃놀이를 노래하는 작자 미상의 시조 '월정명 월정명커늘'을 가사로 하고 있다. 남창 가창자 홍창남이 부른 이 곡은 굵고 웅장한 맛을 지니며, 시조의 구조적 특성상 가락 틀은 동일하나 사설과 선율의 변주를 통해 차별화된 매력을 발산한다. 홍창남의 목소리는 곡의 흐름을 이끌어가며, 시김새를 적절히 활용하여 가사의 감정을 전달한다. 그의 발성은 안정적이며, 각 음절을 명확하게 표현하여 청중이 가사의 내용을 쉽게 이해할 수 있도록 돕는다. 또한, 호흡 조절이 뛰어나 곡의 전개 과정에서 자연스럽게 멜로디를 이어가며, 5박·8박의 리듬에 맞춰 유연하게 흐름을 타는 모습을 보인다. 이러한 호흡은 곡의 마무리에서 중요한 역할을 하며, 가창자가 마지막 음을 길게 끌어주어 곡의 완성도를 높이고, 청중에게 여운을 남기는 효과를 준다.","The piece ""Woljeongmyeong"" in the genre of Jeongak's Pungnyu music is characterized by its meaning of ""Ujo-style Pyeongsijo,"" effectively showcasing the features of Ujo Sijo. This composition has been passed down by singers from the 'Udae' region of Seoul and is based on the lyrics of an anonymous Sijo that sings of a boat ride under the bright moon, titled ""Woljeongmyeong Woljeongmyeonggeureul."" Sung by the male vocalist Hong Chang-nam, this piece possesses a robust and grand quality, and despite the structural uniformity of the Sijo, it exudes a distinct charm through variations in the lyrics and melody. Hong Chang-nam's voice leads the flow of the piece, skillfully utilizing vocal embellishments to convey the emotions of the lyrics. His vocalization is stable, clearly articulating each syllable to aid the audience in easily grasping the content of the lyrics. Additionally, his breath control is exceptional, allowing him to seamlessly continue the melody throughout the progression of the piece, flowing flexibly in accordance with the 5-beat and 8-beat rhythms. This breath control plays a crucial role in the conclusion of the piece, as the vocalist extends the final note, enhancing the overall quality of the composition and leaving a lingering effect on the audience.","월정명 월정명 커늘 배를 저어 추강에 나니
물 아래 하늘이요 하늘 가운데 명월이라
선동아 잠긴 달 건져라 완월장취
월정명 월정명 커늘 배를 저어 추강에 나니
물 아래 하늘이요 하늘 가운데 명월이라
선동아 잠긴 달 건져라 완월장취",월정명 / 월정명 커늘 / 배를 저어 / 추강에 나니 / 물 아래 / 하늘이요 / 하늘 가운데 / 명월이라 / 선동아 / 잠긴 달 건져라 / 완월장취 / 월정명 / 월정명 커늘 / 배를 저어 / 추강에 나니 / 물 아래 / 하늘이요 / 하늘 가운데 / 명월이라 / 선동아 / 잠긴 달 건져라 / 완월장취,22.0,396.02
KC_TM_JC_PR_S000060,정가,정악,풍류음악,시조,지름시조 바람아,이동영,남창,Ab / Fm,5박·8박,3/8,100.0,"기품 있는(3), 에너지 넘치는(2), 장엄한(2), 감상적인(1), 강한(1), 부드러운(1), 서사적인(1), 열정적인(1), 우울감 있는(1), 유려한(1), 절제된(1), 진지한(1), 평온한(1), 평화로운(1), 활기찬(1)","단단한(2), 묵직한(2), 가는(1), 깨끗한(1), 담백한(1), 매끄러운(1), 비강 울림이 있는(1), 시원한(1), 울리는(1), 정제된(1), 콧소리 나는(1)","지름시조 '바람아'는 정악의 풍류음악 장르에 속하는 곡으로, 시조의 특징이 잘 드러나는 작품이다. 이 곡은 남성적인 창법으로, 초장을 높은 음의 진성으로 질러 부르는 방식이 특징적이며, 이는 19세기 초 평시조에서 파생된 것으로 보인다. 가곡의 '두거'나 '소용'의 영향을 받아 처음을 높게 지르는 형식을 취하고 있으며, 중장과 종장은 평시조와 유사하게 진행된다. 남창 가창자 이동영의 목소리는 이 곡을 이끌어가는 중요한 요소로 작용하며, 그의 발성은 초장의 높은 음역을 강하게 표현한다. 이동영은 시김새를 적절히 사용하여 곡의 감정을 전달하며, 성량을 활용해 멜로디의 흐름을 자연스럽게 이어간다. 그의 호흡은 곡의 전개에 따라 유연하게 조절되며, 각 구간의 연결을 매끄럽게 만들어준다. 5박·8박의 리듬 위에서 가창자는 안정적인 흐름을 유지하며, 호흡을 통해 곡의 마무리를 장식하고 장르적 완성도를 높인다. 이러한 창법과 호흡의 조화는 시조의 전통적인 매력을 잘 살려준다.","The Jirum Sijo ""Barama"" belongs to the genre of Jeongak's Pungnyu music and is a work that distinctly showcases the characteristics of Sijo. This piece is characterized by a masculine vocal style, where the first stanza is sung with a high-pitched, resonant voice, a method that appears to have derived from the Pyeongsijo of the early 19th century. Influenced by the Gagok forms of 'Dugeo' and 'Soyong', it adopts a structure that begins with a high note, while the middle and concluding sections progress similarly to Pyeongsijo. The voice of male vocalist Lee Dong-young serves as a crucial element in guiding this piece, with his vocalization strongly expressing the high range of the first stanza. Lee Dong-young effectively employs nuances to convey the emotions of the piece, utilizing his vocal power to seamlessly connect the flow of the melody. His breath control is flexibly adjusted according to the development of the piece, ensuring smooth transitions between sections. Over the rhythms of 5-beat and 8-beat, the vocalist maintains a stable flow, using breath to embellish the conclusion of the piece and enhance the genre's overall completeness. This harmony of vocal technique and breath beautifully preserves the traditional charm of Sijo.","바람아 부지마라 후여진 정자 나무잎이 다떨어진다
세월아 가지마라 옥빈홍안이 공로로다
인생이 부득항소년이라 그를 설워
바람아 부지마라 후여진 정자 나무잎이 다떨어진다
세월아 가지마라 옥빈홍안이 공로로다
인생이 부득항소년이라 그를 설워",바람아 / 부지마라 / 후여진 정자 / 나무잎이 다떨어진다 / 세월아 / 가지마라 / 옥빈홍안이 / 공로로다 / 인생이 / 부득항소년이라 / 그를 설워 / 바람아 / 부지마라 / 후여진 정자 / 나무잎이 다떨어진다 / 세월아 / 가지마라 / 옥빈홍안이 / 공로로다 / 인생이 / 부득항소년이라 / 그를 설워,22.0,318.02
KC_TM_JC_PR_S000061,정가,정악,풍류음악,시조,지름시조 홀문창외에,조일하,여창,Db / Bbm,5박·8박,3/8,60.0,"부드러운(3), 감상적인(2), 단아한(2), 유려한(2), 편안한(2), 평온한(2), 기품 있는(1), 명랑한(1), 몽환적인(1), 생기 있는(1), 슬픈(1), 신비로운(1), 우아한(1), 우울감 있는(1), 잔잔한(1), 진지한(1)","가는(2), 맑은(2), 섬세한(2), 정제된(2), 쇳소리 나는(1), 시원한(1), 여린(1), 울리는(1), 청아한(1), 투명한(1)","지름시조 '홀문창외에'는 정악 > 풍류음악 장르에 속하는 곡으로, 시조의 전통적인 특징을 잘 드러낸다. 이 곡은 남창지름시조의 형태를 띠며, 초장을 높은 음의 진성으로 부르는 남성적인 창법이 특징이다. 19세기 초 평시조에서 파생되어 가곡의 '두거'나 '소용'의 영향을 받아 처음이 높게 지르는 방식으로 구성되어 있다. 여창 가창자 조일하는 이 곡을 통해 시조의 애달픈 그리움을 효과적으로 전달한다. 그녀의 목소리는 초장에서 높은 음으로 시작하여 강한 발성을 통해 멜로디를 힘 있게 표현한다. 중장과 종장은 평시조와 유사하게 진행되지만, 조일하의 창법은 시김새를 적절히 사용하여 곡의 흐름을 자연스럽게 이어간다. 그녀는 성량을 조절하며 호흡을 적절히 사용하여 각 구절의 끝을 부드럽게 마무리하고, 이로 인해 곡의 전개가 더욱 유기적으로 연결된다. 5박·8박의 리듬 위에서 조일하는 그루비한 흐름을 타며, 가창자의 호흡은 곡의 마무리를 장식하는 데 중요한 역할을 한다. 그녀의 호흡은 곡의 완성도를 높이며, 청중에게 깊은 여운을 남기는 효과를 준다.","The Jireum Sijo ""Holmunchangoe"" belongs to the genre of Jeongak > Pungnyu music and effectively showcases the traditional characteristics of Sijo. This piece takes the form of a male Jireum Sijo, characterized by a masculine singing style that employs a high-pitched, resonant voice in the first stanza. It is structured in a way that derives from the Pyeongsijo of the early 19th century, influenced by the 'Dugeo' or 'Soyong' of Gagok, featuring a technique of starting with high notes. The female vocalist Jo Il-ha effectively conveys the poignant longing inherent in Sijo through this piece. Her voice begins with high notes in the first stanza, expressing the melody powerfully through strong vocalization. The middle and final stanzas progress similarly to Pyeongsijo, yet Jo Il-ha's singing technique utilizes appropriate embellishments to seamlessly connect the flow of the piece. She skillfully manages her vocal volume and breath, gently concluding each phrase, which enhances the organic development of the composition. Riding on a rhythmic foundation of 5-beat and 8-beat patterns, Jo Il-ha's groovy flow plays a crucial role in embellishing the conclusion of the piece. Her breath elevates the overall quality of the performance, leaving a profound resonance with the audience.","홀문창외풍동죽하니 의의시낭군예리성을
하무 백년 못 볼 임을 단장회를 모르시나
동자야 뒷동산 송림 초당 삼간에 달 비치었다 하마 올 듯",홀문창외 / 풍동죽하니 / 의의시낭군 / 예리성을 / 하무 / 백년 못 볼 / 임을 / 단장회를 / 모르시나 / 동자야 / 뒷동산 송림 초당 / 삼간에 달 비치었다 / 하마 올 듯,13.0,264.02
KC_TM_JC_PR_S000062,정가,정악,풍류음악,시조,여창지름시조 청조야,박진희,여창,Eb / Cm,5박·8박,3/8,100.0,"단아한(3), 몽환적인(2), 우아한(2), 유려한(2), 가볍고 신비로운(1), 경쾌한(1), 긴장된(1), 다이내믹한(1), 따뜻한(1), 명상적인(1), 부드러운(1), 생기 있는(1), 슬픈(1), 시적인(1), 신비로운(1), 아정한(1), 애절한(1), 여유로운(1), 절제된(1), 차분한(1), 평온한(1)","유연한(3), 섬세한(2), 정제된(2), 직진의(2), 가는(1), 고운(1), 깨끗한(1), 단단한(1), 담백한(1), 맑은(1), 매끄러운(1), 밀도 있는(1), 시원한(1), 여린(1), 울리는(1), 콧소리 나는(1), 탁 트인(1), 투명한(1), 화사한(1)","여창지름시조 청조야는 정악의 풍류음악 장르에 속하는 곡으로, 여성 창자의 섬세한 목소리로 임을 그리워하는 내용을 담고 있는 단형시조이다. 이 곡은 남창지름시조와는 달리 가성을 사용하여 부드러운 고음을 표현하며, 여창의 특징이 잘 드러나는 곡이다. 가창자 박진희의 목소리는 이 곡의 흐름을 이끌어가는 중요한 요소로, 그녀는 높은 속소리로 시조의 초장을 부드럽게 풀어내며 청중의 귀를 사로잡는다. 발성에서는 가성을 통해 고음을 안정적으로 내고, 시김새를 적절히 사용하여 곡의 감정을 전달한다. 성량은 곡의 전개에 따라 유연하게 변화하며, 호흡은 자연스럽고 안정적으로 이어져 곡의 흐름을 끊임없이 유지한다. 5박·8박의 리듬 위에서 가창자는 리듬을 타며 자유롭게 멜로디를 표현하고, 각 소절의 마무리를 호흡을 통해 부드럽게 장식하여 곡의 완성도를 높인다. 이러한 요소들은 여창지름시조 청조야가 지닌 전통적 아름다움을 더욱 돋보이게 한다.","The female vocal genre ""Yeochang Jireum Sijo Cheongjoya"" belongs to the traditional court music category of Jeongak and is a short sijo that expresses longing for a beloved through the delicate voice of a female singer. Unlike the male version, ""Namchang Jireum Sijo,"" this piece employs falsetto to convey soft high notes, highlighting the characteristics of female singing. The voice of the performer Park Jin-hee is a crucial element that guides the flow of the piece; she gently unfolds the first stanza of the sijo with her high, light voice, captivating the audience's attention. In her vocal technique, she produces stable high notes through falsetto and appropriately utilizes ornamentation to convey the emotions of the piece. The volume of her voice flexibly changes according to the development of the music, while her breath is natural and stable, continuously maintaining the flow of the composition. Over the rhythms of 5-beat and 8-beat, the singer expresses the melody freely, embellishing the endings of each phrase with breath to enhance the overall quality of the piece. These elements further accentuate the traditional beauty inherent in ""Yeochang Jireum Sijo Cheongjoya.","청조야 오도고야 반갑도다 님의 소식
약수 삼천리를 네 어이 건너온다
우리 님 만단정회를 네 다 알 듯
청조야 오도고야 반갑도다 님의 소식
약수 삼천리를 네 어이 건너온다
우리 님 만단정회를 네 다 알 듯",청조야 오도고야 / 반갑도다 / 님의 소식 / 약수 삼천리를 네 어이 / 건너온다 / 우리 님 / 만단정회를 / 네 다 알 듯 / 청조야 오도고야 / 반갑도다 / 님의 소식 / 약수 삼천리를 네 어이 / 건너온다 / 우리 님 / 만단정회를 / 네 다 알 듯,16.0,316.82
KC_TM_JC_PR_S000063,정가,정악,풍류음악,시조,우조지름시조 석인이,조일하,여창,Db / Bbm,5박·8박,3/8,60.0,"강한(2), 에너지 넘치는(2), 조화로운(2), 관능적인(1), 다이내믹한(1), 다정한(1), 생기 있는(1), 서사적인(1), 신비로운(1), 우울감 있는(1), 절제된(1), 진지한(1), 차분한(1), 평화로운(1), 표현적인(1), 품위 있는(1), 활기찬(1)","가는(1), 고운(1), 깨끗한(1), 날 선(1), 단단한(1), 머금은 듯한(1), 밀도 있는(1), 뻗어 나가는(1), 안쪽에서 울리는(1), 역동적인(1), 울리는(1), 유연한(1), 진한(1), 콧소리 나는(1), 탁 트인(1)","우조지름시조 석인이 곡은 정악의 풍류음악 장르에 속하는 시조로, 우조격의 지름시조라는 특성을 지닌다. 이 곡은 초장뿐만 아니라 중장과 종장에도 높은 음이 출현하여 전체적으로 웅장하고 힘찬 느낌을 주며, 서울의 '우대' 지역에서 전승된 전통적인 음악이다. 시조는 같은 갈래 안에서 표제가 달라도 가락 틀은 동일하고 사설만 달라지는 경우가 많아, 이 곡 역시 고유한 사설과 선율 변주를 통해 그 특성을 나타낸다. 여창 가창자 조일하는 이 곡에서 목소리로 곡의 흐름을 이끌어가며, 발성과 시김새의 기술적 특징이 두드러진다. 조일하의 목소리는 시조의 전통적인 창법을 충실히 따르며, 각 음절을 정확하게 발음하고 선율의 변화를 섬세하게 표현한다. 또한, 시김새를 적절히 사용하여 곡의 감정을 더욱 풍부하게 전달하며, 성량을 조절하여 각 구절의 강조를 명확히 한다. 5박·8박의 리듬 위에서 조일하의 목소리는 자연스럽게 흐름을 타며, 리듬에 맞춰 호흡을 조절하여 곡의 긴장감과 이완을 효과적으로 연출한다. 곡의 마무리에서는 호흡을 통해 여운을 남기며, 전통 음악의 완성도를 높이는 데 기여한다.","The ""Ujo Jireum Sijo"" by Seok In is a sijo that belongs to the genre of jeongak, or classical music, characterized by the unique features of Ujo-kyung's Jireum Sijo. This piece presents high notes not only in the first stanza but also in the middle and final stanzas, imparting a grand and vigorous overall impression, and it is a traditional music piece that has been passed down in the 'Udae' region of Seoul. In sijo, even when the titles differ within the same category, the melodic framework often remains the same while only the lyrics change, and this piece similarly showcases its characteristics through its unique lyrics and melodic variations. The female vocalist Jo Il-ha leads the flow of the piece with her voice, highlighting the technical features of vocalization and ornamentation. Jo Il-ha's voice faithfully adheres to the traditional singing style of sijo, accurately pronouncing each syllable and delicately expressing the changes in melody. Furthermore, she effectively employs ornamentation to enrich the emotional delivery of the piece and adjusts her vocal volume to clearly emphasize each phrase. Riding on the rhythms of 5-beat and 8-beat patterns, Jo Il-ha's voice flows naturally, skillfully regulating her breath to effectively convey the tension and relaxation of the piece. In the conclusion of the composition, she leaves a lingering resonance through her breath, contributing to the overall completeness of traditional music.","석인이승 황학거허니 차지허공여 황학루로다
황학일거 불부반허니 백운천재 공유유라
청천역력 한양수여늘 방초처처 앵무주로다
일모향관이 하처시오 연파강상에 사인수를",석인이승 / 황학거허니 / 차지에 / 공여황학루이로다 / 황학이 / 일거불부반허니 / 백운천재공유유라 / 청천역력한양수여늘 / 방초처처앵무주이로다 / 일모향관이 / 하처시오 / 연파강상에 / 사인수를,13.0,264.02
KC_TM_JC_PR_S000064,정가,정악,풍류음악,시조,사설지름시조 학타고,조일하,여창,Db / Bbm,5박·8박,3/8,60.0,"생기 있는(4), 감상적인(2), 유려한(2), 강력한(1), 경쾌한(1), 단아한(1), 드라마틱한(1), 따뜻한(1), 명랑한(1), 몽환적인(1), 부드러운(1), 신비로운(1), 우아한(1), 우울감 있는(1), 평화로운(1), 표현적인(1)","가는(3), 여린(2), 날카로운(1), 단단한(1), 밀도 있는(1), 밝은(1), 뻗어 나가는(1), 시원한(1), 직진의(1), 청아한(1), 콧소리 나는(1), 탁 트인(1)","사설지름시조 '학타고'는 정악의 풍류음악 장르에 속하며, 시조의 독특한 형태를 잘 보여주는 곡이다. 이 곡은 고유의 선율로 시작하여 서도소리와 잡가의 요소가 혼합된 다채로운 음악적 특징을 지닌다. 여창 가창자 조일하의 목소리는 이 곡을 생기 있는 분위기로 이끌어가며, 초장에서는 높은 음의 진성으로 호기롭게 시작하여 청중의 시선을 사로잡는다. 조일하의 창법은 시김새를 효과적으로 활용하여 곡의 선율을 표현하며, 성량이 풍부하여 곡의 긴장감을 유지한다. 호흡의 조절 또한 뛰어나, 각 구절마다 적절한 호흡으로 리듬을 타며 곡의 흐름을 자연스럽게 이어간다. 5박·8박의 장단 위에서 조일하의 목소리는 리듬을 잘 살리며, 호흡을 통해 곡의 마무리를 부드럽게 장식하고, 장르적 완성도를 높이는 데 기여한다.","The Saseol Jireum Sijo ""Hak Tago"" belongs to the genre of Jeongak's Pungnyu music and is a piece that exemplifies the unique form of Sijo. This composition begins with its distinctive melody and features a rich array of musical characteristics that blend elements of Seodo sori and Japga. The voice of the female vocalist Jo Il-ha leads the piece with a vibrant atmosphere, starting the first section with a bold high-pitched tone that captivates the audience's attention. Jo Il-ha's singing technique effectively utilizes sigimsae to express the melody of the piece, and her rich vocal quality maintains the tension throughout the performance. Her breath control is also remarkable, allowing her to navigate the rhythm with appropriate breathing at each phrase, thereby seamlessly connecting the flow of the piece. Over the 5-beat and 8-beat jangdan, Jo Il-ha's voice enhances the rhythm well, and through her breath, she elegantly adorns the conclusion of the piece, contributing to the overall completeness of the genre.","학타고 저불고 호로병차고 불로초 메고 쌍상투 차고 색등거리 입고 가는 아해
게 좀 섰거라 네 어디로 가느냐 말 물어보자
요지연진연시에 누구누구 모여 계시더냐
그곳에 난양공주 정경패 진채봉 가춘운 하북에 적경홍 계섬월 심효연에 백릉파라",학타고 저불고 / 호로병차고 불로초 / 메고 / 쌍상투 차고 색등거리 / 입고 가는 아해 / 게 좀 섰거라 네 어디로 / 가느냐 / 말 물어보자 / 요지연진 / 연시에 / 누구 / 누구 / 모여 계시더냐 / 그곳에 / 난양공주 / 정경패 진채봉 / 가춘운 / 하북에 적경홍 계섬월 / 심효연에 / 백릉파라,20.0,288.53
KC_TM_JC_PR_S000065,정가,정악,풍류음악,시조,사설시조 소년행락이,조일하,여창,D / Bm,5박·8박,3/8,80.0,"애절한(3), 감상적인(2), 기품 있는(1), 단아한(1), 명상적인(1), 몽환적인(1), 슬픈(1), 시적인(1), 쓸쓸한(1), 어두운(1), 우울감 있는(1), 잔잔한(1), 장엄한(1), 차분한(1), 침울한(1), 표현적인(1)","밀도 있는(2), 유연한(2), 고운(1), 공명감 있는(1), 깨끗한(1), 단단한(1), 매끄러운(1), 머금은 듯한(1), 비강 울림이 있는(1), 선명한(1), 안쪽에서 울리는(1), 진한(1), 청아한(1), 콧소리 나는(1)","사설시조 '소년행락이'는 정악의 풍류음악 장르에 속하는 곡으로, 평시조보다 글자 수가 두 배 이상 많은 장형시조를 평시조와 같은 장단에 촘촘히 엮어 부르는 독특한 형태를 지닌다. 이 곡은 인생의 고락을 마친 후 자연으로, 소년시절로 돌아가고 싶은 소망을 담고 있으며, 충청도와 전라도 지방에서 발생하여 서울로 전승된 것으로 보인다. 여창 가창자 조일하의 목소리는 이 곡의 서사적인 내용을 효과적으로 전달하는 데 중요한 역할을 한다. 그의 발성은 명확하고 안정적이며, 시김새를 적절히 사용하여 가사의 의미를 강조한다. 또한, 조일하의 성량은 곡의 리듬에 맞춰 유연하게 변화하며, 호흡 조절이 뛰어나 곡의 흐름을 자연스럽게 이어간다. 5박·8박의 리듬 위에서 그는 각 음절을 정확하게 소화하며, 리듬과의 조화를 이루어내어 청중이 가사에 몰입할 수 있도록 한다. 곡의 마무리에서는 조일하의 호흡이 부드럽게 이어지며 곡의 완성도를 높이고, 청중에게 여운을 남기는 역할을 한다.","The Saseol Sijo ""Sonyeon Haengnagi"" is a piece that belongs to the genre of Jeongak's Pungnyu music, characterized by a unique form that intricately weaves a longer style of Sijo, which has more than double the number of characters compared to a regular Sijo, into the same Jangdan as the regular Sijo. This piece encapsulates a longing to return to nature and one's youthful days after experiencing the joys and sorrows of life, and it appears to have originated in the Chungcheong and Jeolla provinces before being transmitted to Seoul. The voice of the female vocalist Jo Il-ha plays a crucial role in effectively conveying the narrative content of the piece. Her vocalization is clear and stable, and she appropriately employs various vocal techniques to emphasize the meaning of the lyrics. Furthermore, Jo Il-ha's vocal range flexibly adapts to the rhythm of the piece, demonstrating excellent breath control that seamlessly maintains the flow of the music. Over the rhythms of 5-beat and 8-beat, she articulates each syllable accurately, achieving harmony with the rhythm to allow the audience to immerse themselves in the lyrics. In the conclusion of the piece, Jo Il-ha's breath transitions smoothly, enhancing the overall quality of the performance and leaving a lingering impression on the audience.","소년행락이 다 진커든 와류강산 하오리다
인호상이 자작으로 명정케 취한 후 한단침 도두 베고 장주호접이 잠간 되어 방춘화류 찾아가니 이화 도화 행화 영산홍 자산홍 왜철쭉 진달화 가운데 풍류랑 되어 춤추며 노니다 세류령 넘어가니 황조편편환우성이라
도시행락이 인생귀불귀 아닐진댄 꿈인지 생신지 몰라 갱소년 하오리라
소년행락이 다 진커든 와류강산 하오리다
인호상이 자작으로 명정케 취한 후 한단침 도두 베고 장주호접이 잠간 되어 방춘화류 찾아가니 이화 도화 행화 영산홍 자산홍 왜철쭉 진달화 가운데 풍류랑 되어 춤추며 노니다 세류령 넘어가니 황조편편환우성이라
도시행락이 인생귀불귀 아닐진댄 꿈인지 생신지 몰라 갱소년 하오리라",소년행락이 다 진커든 / 와류강산 하오리다 / 인호상이 자작으로 명정케 취한 후 한단침 도두 베고 / 장주호접이 잠간 되어 / 방춘화류 찾아가니 이화 도화 행화 / 영산홍 자산홍 왜철쭉 진달화 가운데 풍류랑 되어 / 춤추며 노니다 세류령 넘어가니 / 황조편편환우성이라 / 도시행락이 인생귀불귀 / 아닐진댄 꿈인지 생신지 몰라 / 갱소년 하오리라 / 소년행락이 다 진커든 / 와류강산 하오리다 / 인호상이 자작으로 명정케 취한 후 한단침 도두 베고 / 장주호접이 잠간 되어 / 방춘화류 찾아가니 이화 도화 행화 / 영산홍 자산홍 왜철쭉 진달화 가운데 풍류랑 되어 / 춤추며 노니다 세류령 넘어가니 / 황조편편환우성이라 / 도시행락이 인생귀불귀 / 아닐진댄 꿈인지 생신지 몰라 / 갱소년 하오리라,22.0,398.28
KC_TM_JC_PR_S000066,정가,정악,풍류음악,시조,반사설시조 귀뜨리,조일하,여창,D / Bm,5박·8박,3/8,60.0,"서사적인(2), 애절한(2), 차분한(2), 그리운(1), 긴장된(1), 단아한(1), 마음을 울리는(1), 명상적인(1), 몽환적인(1), 신비로운(1), 쓸쓸한(1), 에너지 넘치는(1), 절제된(1), 진지한(1), 표현적인(1), 향수 어린(1), 향토적인(1)","콧소리 나는(3), 밀도 있는(2), 선명한(2), 깨끗한(1), 날카로운(1), 단단한(1), 울리는(1), 유연한(1), 청아한(1), 투명한(1), 힘 있는(1)","반사설시조 귀뜨리는 정악의 풍류음악 장르에 속하는 곡으로, 시조의 특성을 잘 드러내는 작품이다. 이 곡은 평시조와 사설시조의 중간 형태로, 각 장의 길이에 따라 선율이 달라지는 독특한 구조를 지니고 있으며, 여창 가창자 조일하의 목소리를 통해 그 매력을 극대화한다. 조일하의 목소리는 중형시조의 노랫말을 효과적으로 전달하며, 발성에 있어 명확하고 안정된 음역대를 유지한다. 그녀는 시김새를 적절히 활용하여 곡의 흐름을 자연스럽게 연결하고, 각 음절의 발음을 강조하여 리듬감을 부여한다. 성량이 충분하여 곡의 전개에 따라 감정을 고조시키는 동시에, 호흡을 적절히 조절하여 멜로디의 변화를 유연하게 표현한다. 5박·8박의 장단 속에서 조일하의 목소리는 리듬에 맞춰 유기적으로 흐르며, 각 박자에 따라 다채로운 창법을 구사하여 청중의 귀를 사로잡는다. 그녀의 호흡은 곡의 마지막을 장식하며, 전체적인 장르의 완성도를 높이는 역할을 한다. 이러한 요소들이 결합되어 반사설시조 귀뜨리는 전통적인 시조의 매력을 현대적으로 재해석한 곡으로 자리매김한다.","Ban-saseol-sijo Gwi-tteurineun is a piece belonging to the genre of jeongak, which embodies the aesthetic qualities of traditional Korean music. This composition represents a unique form that lies between pyeong-sijo and sa-seol-sijo, characterized by a distinctive structure in which the melody varies according to the length of each section. The allure of the piece is maximized through the voice of female vocalist Jo Il-ha, whose singing effectively conveys the lyrics of the mid-length sijo while maintaining a clear and stable vocal range. She skillfully employs vocal ornamentation to seamlessly connect the flow of the piece, emphasizing the pronunciation of each syllable to enhance the rhythmic quality. With a sufficient vocal volume, she elevates the emotional intensity throughout the progression of the piece, while also managing her breath to express the melodic changes fluidly. Within the 5-beat and 8-beat jangdan, Jo Il-ha’s voice flows organically with the rhythm, employing a variety of vocal techniques that captivate the audience. Her breath serves to embellish the conclusion of the piece, contributing to the overall completeness of the genre. These elements combine to position Ban-saseol-sijo Gwi-tteurineun as a work that modernly reinterprets the charm of traditional sijo.","귀뚜리 져 귀뚜리 어엿부다 져 귀뚜리
어인 귀뚜리 지는 달 새는 밤의 긴 소리 짧은 소리 제 혼자 우러내어 사창 여읜 잠을 살뜰히도 깨오는고나
두어라 제 비록 미물이나 무인동방에 내 뜻 알리 너뿐인가",귀뚜리 / 져 귀뚜리 / 어엿부다 / 져 귀뚜리 / 어인 귀뚜리 / 지는 달 새는 밤의 / 긴 소리 짧은 소리 / 제 혼자 우러내어 / 사창 여읜 잠을 / 살뜰히도 깨오는고나 / 두어라 / 제 비록 / 미물이나 무인동방에 내 뜻 알리 / 너뿐인가,14.0,264.02
KC_TM_JC_PR_S000067,정가,정악,풍류음악,시조,중거지름시조 바람도,이동영,남창,Ab / Fm,5박·8박,3/8,80.0,"에너지 넘치는(2), 열정적인(2), 장엄한(2), 진지한(2), 감상적인(1), 경쾌한(1), 기품 있는(1), 다이내믹한(1), 드라마틱한(1), 명상적인(1), 쓸쓸한(1), 엄숙한(1), 영웅적인(1), 유려한(1), 표현적인(1)","단단한(3), 담백한(2), 맑은(1), 묵직한(1), 쇳소리 나는(1), 시원한(1), 직진의(1), 콧소리 나는(1)","중거지름시조 '바람도'는 정악의 풍류음악 장르에 속하며, 시조의 특성을 잘 드러내는 곡이다. 이 곡은 19세기 초 평시조에서 파생된 것으로, 초장에서 높은 음의 진성으로 질러 부르는 특징을 지닌다. 특히, 임을 향한 간절한 마음과 어떤 어려움도 이겨낼 수 있는 의지를 표현한 작자 미상의 시조 가사를 바탕으로 남창 가창자 이동영이 불렀다. 이동영의 목소리는 초장에서 높은 음을 강하게 질러내며 시작하여, 중장과 종장은 평시조와 유사하게 진행되는 구조를 잘 이끌어간다. 그의 발성은 안정적이며, 시김새를 적절히 활용하여 곡의 감정을 전달한다. 특히 초장에서의 강한 발음과 호흡 조절이 돋보이며, 중장에서는 보다 부드럽고 유려한 흐름을 만들어내어 곡의 전개를 자연스럽게 이어간다. 5박·8박의 리듬 위에서 이동영은 호흡의 흐름을 조절하며, 각 장의 끝을 부드럽게 마무리하여 곡의 완성도를 높인다. 그의 호흡은 곡의 리듬에 잘 맞춰져 있어, 전체적인 흐름을 타며 청중에게 깊은 여운을 남기는 효과를 준다.","The Junggeojireum Sijo ""Baramdo"" belongs to the genre of Jeongak's Pungnyu music and is a piece that distinctly showcases the characteristics of Sijo. This composition is derived from the Pyeongsijo of the early 19th century and is characterized by its high-pitched, clear vocal delivery in the initial section. Notably, it is based on anonymous Sijo lyrics that express a heartfelt longing for a beloved and a determination to overcome any difficulties. The male vocalist Lee Dong-yeong performs this piece, starting with a powerful high note in the initial section, and skillfully guides the structure through the middle and concluding sections, which progress similarly to Pyeongsijo. His vocalization is stable, and he effectively employs ornamentation to convey the emotions of the piece. The strong enunciation and breath control in the initial section stand out, while the middle section creates a smoother and more flowing development, seamlessly connecting the progression of the piece. Over the rhythms of 5-beat and 8-beat patterns, Lee Dong-yeong adjusts the flow of his breath, gently concluding each section to enhance the overall quality of the composition. His breath is well-aligned with the rhythm of the piece, creating a deep resonance that leaves a lasting impression on the audience.","바람도 수여를 넘고 구름이라도 수여 넘는 고개
산진이 수진이 해동청 보라매라도 다 수여넘는 고봉장성령고개
그 넘어 임이 왔다하면 나는 한번도 아니 쉬여 넘으리라
바람도 수여를 넘고 구름이라도 수여 넘는 고개
산진이 수진이 해동청 보라매라도 다 수여넘는 고봉장성령고개
그 넘어 임이 왔다하면 나는 한번도 아니 쉬여 넘으리라",바람도 수여를 넘고 / 구름이라도 / 수여 넘는 고개 / 산진이 수진이 해동청 보라매라도 다 / 수여넘는 / 고봉장성령고개 / 그 넘어 / 임이 왔다하면 나는 한번도 / 아니 쉬여 넘으리라 / 바람도 수여를 넘고 / 구름이라도 / 수여 넘는 고개 / 산진이 수진이 해동청 보라매라도 다 / 수여넘는 / 고봉장성령고개 / 그 넘어 / 임이 왔다하면 나는 한번도 / 아니 쉬여 넘으리라,18.0,398.28
KC_TM_JC_PR_S000068,정가,정악,풍류음악,시조,중거지름시조 바람도,박진희,여창,D / Bm,5박·8박,3/8,100.0,"생기 있는(3), 에너지 넘치는(3), 명랑한(2), 서사적인(2), 우아한(2), 다정한(1), 단아한(1), 부드러운(1), 신나는(1), 여유로운(1), 열정적인(1), 우울감 있는(1), 웅대한(1), 평화로운(1), 활기찬(1), 희망적인(1)","단단한(3), 가는(2), 뻗어 나가는(2), 깨끗한(1), 밀도 있는(1), 여린(1), 유연한(1), 탁 트인(1)","중거지름시조 '바람도'는 정악의 풍류음악 장르에 속하며, 시조의 전통적인 요소를 잘 담고 있는 곡이다. 이 곡은 19세기 초 평시조에서 파생된 것으로, 초장에서 높은 음의 진성으로 질러 부르는 특징이 있다. 여창 가창자 박진희는 이 곡을 통해 임을 향한 간절한 마음과 어떤 어려움도 이겨낼 수 있는 의지를 표현한다. 박진희의 목소리는 초장에서의 높은 음을 효과적으로 전달하며, 중장과 종장에서는 평시조의 전통적인 진행을 따르면서도 독특한 시김새를 활용하여 곡의 흐름을 이끌어간다. 그녀는 발성에서 진성과 가성을 적절히 혼합하여 다양한 음역대에서 안정적인 성량을 유지하며, 호흡 조절을 통해 각 구절의 마무리를 매끄럽게 이어간다. 5박·8박의 리듬 위에서 박진희는 곡의 흐름을 타며, 각 장단에 맞춰 호흡을 조절하여 곡의 긴장감과 완성도를 높인다. 그녀의 호흡은 곡의 마무리에서 자연스럽게 이어지며, 시조의 전통적인 아름다움을 더욱 강조한다.","The Junggeojireum Sijo ""Baramdo"" belongs to the genre of Jeongak's Pungnyu music and is a piece that encapsulates the traditional elements of Sijo well. This composition is derived from the Pyeongsijo of the early 19th century and is characterized by its high-pitched, pure vocal delivery in the first section. The female vocalist Park Jin-hee expresses her earnest feelings towards her beloved and the determination to overcome any difficulties through this piece. Park Jin-hee effectively conveys the high notes in the first section, while in the middle and final sections, she adheres to the traditional progression of Pyeongsijo, utilizing unique vocal embellishments to guide the flow of the piece. She skillfully blends her chest voice and falsetto, maintaining a stable volume across various vocal ranges, and smoothly transitions through each phrase with controlled breath. Riding on the rhythms of 5-beat and 8-beat patterns, Park Jin-hee adjusts her breathing to enhance the tension and completeness of the piece. Her breath seamlessly connects at the conclusion of the piece, further emphasizing the traditional beauty of Sijo.","바람도 수여를 넘고 구름이라도 수여 넘는 고개
산진이 수진이 해동청 보라매라도 다 수여넘는 고봉장성령고개
그 넘어 임이 왔다하면 나는 한번도 아니 쉬여 넘으리라
바람도 수여를 넘고 구름이라도 수여 넘는 고개
산진이 수진이 해동청 보라매라도 다 수여넘는 고봉장성령고개
그 넘어 임이 왔다하면 나는 한번도 아니 쉬여 넘으리라",바람도 / 수여를 넘고 / 구름이라도 / 수여 넘는 고개 / 산진이 수진이 / 해동청 보라매라도 / 다 수여넘는 / 고봉장성령고개 / 그 넘어 / 임이 왔다하면 / 나는 한번도 / 아니 쉬여 넘으리라 / 바람도 / 수여를 넘고 / 구름이라도 / 수여 넘는 고개 / 산진이 수진이 / 해동청 보라매라도 / 다 수여넘는 / 고봉장성령고개 / 그 넘어 / 임이 왔다하면 / 나는 한번도 / 아니 쉬여 넘으리라,24.0,318.62
KC_TM_JC_PR_S000069,정가,정악,풍류음악,시조,사설지름시조 서상에,홍창남,남창,Ab / Fm,5박·8박,3/8,80.0,"기품 있는(2), 장엄한(2), 따뜻한(1), 마음을 울리는(1), 명상적인(1), 몽환적인(1), 사색적인(1), 신나는(1), 아정한(1), 애절한(1), 엄숙한(1), 에너지 넘치는(1), 영웅적인(1), 우울감 있는(1), 유쾌한(1), 평온한(1), 향토적인(1)","묵직한(3), 비강 울림이 있는(2), 걸쭉한(1), 긁히는(1), 단단한(1), 섬세한(1), 쇳소리 나는(1), 정제된(1), 진한(1), 힘 있는(1)","사설지름시조 '서상에 달 비치었다'는 정악의 풍류음악 장르에 속하는 곡으로, 전통적인 시조의 특징이 잘 드러나는 작품이다. 이 곡은 남창 가창자 홍창남이 불렀으며, 시조의 전통적인 형식을 따르면서도 독특한 선율형과 장단의 변화를 통해 다채로운 음악적 요소를 보여준다. 홍창남의 목소리는 곡의 초장 첫 부분에서 높은 음의 진성으로 시작하여 곧바로 고유의 창법으로 이어지며, 발성과 시김새에서 전통적인 시조의 기법을 충실히 따르면서도 개인적인 해석을 더하여 곡을 이끌어간다. 그의 성량은 곡의 흐름에 따라 조절되며, 호흡의 리듬감이 곡의 장단인 5박과 8박에 잘 맞아떨어지면서 유기적인 연결을 형성한다. 특히 시김새의 활용은 곡의 전개에 따라 변화하며, 각 구절마다 미세한 변화를 주어 청중의 귀를 사로잡는다. 이처럼 홍창남은 자신의 목소리를 통해 곡의 정서를 전달하며, 전통적인 시조의 매력을 현대적인 감각으로 재해석하여 표현한다. 곡의 마무리에서는 호흡을 통해 여운을 남기며, 전체적인 리듬과 조화를 이루어 장르적 완성도를 높인다.","The Saseol Jireum Sijo ""Seosange Dal Bichieotda"" belongs to the genre of Jeongak's Pungnyu music and is a piece that distinctly showcases the characteristics of traditional Sijo. This song was performed by the male vocalist Hong Chang-nam, and while adhering to the traditional form of Sijo, it presents a variety of musical elements through unique melodic shapes and changes in Jangdan. Hong Chang-nam's voice begins with a high-pitched true tone in the initial section of the piece and seamlessly transitions into his distinctive singing style, faithfully following the traditional techniques of Sijo in terms of vocalization and ornamentation while adding a personal interpretation that guides the piece. His vocal range is adjusted according to the flow of the song, and the rhythmic quality of his breathing aligns well with the Jangdan of 5 beats and 8 beats, creating an organic connection. Notably, the use of ornamentation varies throughout the development of the piece, introducing subtle changes in each phrase that captivate the audience's ears. In this way, Hong Chang-nam conveys the emotions of the piece through his voice, reinterpreting and expressing the charm of traditional Sijo with a modern sensibility. In the conclusion of the piece, he leaves a lingering resonance through his breathing, enhancing the overall rhythm and harmony, thereby elevating the genre's completeness.","서상에 달 비치었다 담장두에 화영이라
엊그제 가신 님이 월상시로 오시마더니 금로에 향진하고 오경종이 거위로되
삼오야 지새도록 독의난간하여 님 보려 여태 앉았드라 그린 낭군께 전하여 주렴
아마도 유신하기는 명월인가",서상에 달 비치었다 / 담장두에 화영이라 / 엊그제 가신 님이 / 월상시로 오시마더니 / 금로에 향진하고 / 오경종이 거위로되 / 삼오야 지새도록 독의난간하여 / 님 보려 여태 앉았드라 그린 / 낭군께 전하여 주렴 / 아마도 / 유신하기는 명월인가,11.0,315.02
KC_TM_JC_PR_S000070,정가,정악,풍류음악,가곡,계락(철총마 타고),이동영,남창,Ab / Fm,10점16박,48/8,140.0,"장엄한(2), 진지한(2), 표현적인(2), 낭만적인(1), 단아한(1), 마음을 울리는(1), 명랑한(1), 명상적인(1), 시적인(1), 신비로운(1), 애절한(1), 에너지 넘치는(1), 의례적인(1), 침울한(1), 향수 어린(1)","묵직한(3), 단단한(2), 역동적인(2), 날 선(1), 담백한(1), 밀도 있는(1), 뻗어 나가는(1), 섬세한(1), 안쪽에서 울리는(1), 직진의(1), 콧소리 나는(1)","이 곡은 '우락'으로 알려진 '우조 낙시조'의 일환으로, 남창과 여창 모두가 부를 수 있는 정악의 풍류음악으로 분류된다. 가곡의 특성을 잘 나타내며, 담담하고 유려한 멋을 지닌 16박 장단의 흐름 속에서 가창자가 곡의 분위기를 이끌어간다. 남창 가창자인 이동영의 목소리는 이 곡의 중요한 요소로 작용하며, 그의 발성은 안정적이고 명료하다. 그는 멜로디를 표현하는 데 있어 섬세한 시김새를 통해 곡의 감정을 전달하며, 각 음을 정확하게 표현하려는 노력이 돋보인다. 성량 또한 적절하게 조절되어 곡의 흐름에 맞춰 자연스럽게 이어진다. 호흡은 곡의 전개에 따라 유연하게 조절되며, 이로 인해 긴장감과 여유를 동시에 느낄 수 있다. 10점16박의 리듬 위에서 이동영은 그루비한 흐름을 타며, 각 박자에 맞춰 목소리를 잘 배치하여 곡의 리듬감을 강조한다. 그의 호흡은 곡의 마무리 부분에서 여운을 남기며, 전체적인 장르적 완성도를 높이는 데 기여한다.","This piece is classified as a genre of Jeongak, known as 'Urok,' which is a part of 'Ujo Naksijo,' and can be performed by both male and female singers. It effectively embodies the characteristics of Gagok, with a calm and graceful flow set in a 16-beat Jangdan, where the vocalist guides the atmosphere of the piece. The voice of the male singer, Lee Dong-young, serves as a crucial element in this composition, characterized by its stability and clarity. He conveys the emotions of the piece through delicate embellishments, demonstrating a notable effort to articulate each note accurately. His vocal volume is also appropriately adjusted, allowing for a seamless connection with the flow of the music. Breath control is flexibly managed according to the development of the piece, enabling a simultaneous experience of tension and relaxation. Riding on the rhythm of 10-point 16 beats, Lee Dong-young skillfully places his voice in alignment with each beat, emphasizing the rhythmic quality of the composition. His breath leaves a lingering resonance in the concluding section, contributing to the overall artistic completeness of the genre.","철총마 타고 보라매 받고 백우장전 천근각궁 허리에 띠고
산 넘어 구름 지나 꿩 사냥하는 저 한가한 사람
우리도 성은 갚은 후에 너를 좇아 놀리라",철총마 타고 / 보라매 받고 / 백우장전 / 천근각궁 허리에 띠고 / 산 넘어 / 구름 지나 / 꿩 사냥하는 / 저 한가한 사람 / 우리도 / 성은 갚은 / 후에 / 너를 좇아 / 놀리라,13.0,234.02
KC_TM_JC_PR_S000071,정가,정악,풍류음악,가곡,소용(어흐마 긔 뉘오신고),김대윤,남창,Ab / Fm,10점16박,48/8,100.0,"강렬한(3), 강한(2), 에너지 넘치는(2), 영웅적인(2), 웅대한(2), 강력한(1), 기품 있는(1), 엄숙한(1), 여유로운(1), 열정적인(1), 우아한(1), 잔잔한(1), 표현적인(1), 품위 있는(1), 활기찬(1)","단단한(3), 뻗어 나가는(2), 탁 트인(2), 날 선(1), 묵직한(1), 밀도 있는(1), 시원한(1), 역동적인(1), 유연한(1), 직진의(1), 힘 있는(1)","소용은 정악의 풍류음악에 속하는 가곡으로, 삼수대엽의 가락을 빠르게 하고 높이 질러 부르는 남창 가곡이다. 이 곡은 '시끄럽게 솟구친다'는 의미를 지니며, 활기차고 파격적인 느낌을 전달한다. 또한, 가곡 한바탕의 후반부 소가곡으로 넘어가는 분수령 역할을 하여 곡의 구조적 완성도를 높인다. 남창 가창자 김대윤의 목소리는 이 곡을 이끌어가는 핵심 요소로, 그의 발성은 높은 음역대에서 시원하게 울려 퍼지며, 창법의 특징이 뚜렷하게 드러난다. 김대윤은 멜로디를 표현할 때, 강한 성량으로 가사를 전달하며, 시김새를 적절히 활용하여 곡의 리듬과 흐름을 잘 살린다. 그의 호흡은 곡의 전개에 맞춰 유연하게 조절되며, 긴 구절에서도 안정적인 발음을 유지하여 청중이 곡의 감정선에 몰입할 수 있도록 돕는다. 10점16박의 리듬 위에서 김대윤은 자연스럽게 흐름을 타며, 곡의 긴장감과 이완을 조절하여 전체적인 구조에 힘을 실어준다. 그의 호흡은 곡의 마무리를 장식하며, 리듬에 맞춰 적절한 타이밍에 숨을 고르거나 끊어내어 곡의 완성도를 더욱 높인다.","Soyong is a gagaek that belongs to the genre of jeongak, characterized by a fast-paced melody derived from the samsoodae-yeop. This piece conveys the meaning of ""soaring loudly"" and imparts a vibrant and unconventional feeling. Additionally, it serves as a pivotal transition into the latter part of the gagaek, enhancing the structural completeness of the composition. The voice of the male vocalist Kim Daeyun is a core element that drives this piece, with his vocalization resonating clearly in the higher register, distinctly showcasing the characteristics of his singing style. When expressing the melody, Kim Daeyun delivers the lyrics with a powerful vocal projection, effectively utilizing ornamentation to enhance the rhythm and flow of the piece. His breath control is flexibly adjusted to match the development of the composition, maintaining stable pronunciation even in long phrases, which helps the audience immerse themselves in the emotional narrative of the piece. Riding naturally on the rhythm of 10jeon 16bak, Kim Daeyun skillfully modulates the tension and relaxation of the music, thereby reinforcing the overall structure. His breath adorns the conclusion of the piece, as he takes breaths or cuts them at appropriate moments in accordance with the rhythm, further elevating the completeness of the work.","어흐마 긔 뉘오신고 건넌 불당의 동령 중이올러니
홀거사의 홀로 자시는 방 안에 무시것 허러 와 계신고
홀거사님의 노감탁이 벗어 거는 말 곁에 내 고깔 벗어 걸러 왔습네",어흐마 / 긔 뉘오신고 / 건넌 불당의 / 동령 중이올러니 / 홀거사의 홀로 자시는 / 방 안에 무시것 허러 / 와 계신고 / 홀거사님의 / 노감탁이 벗어 거는 말 곁에 / 내 고깔 벗어 걸러 왔습네,10.0,325.82
KC_TM_JC_PR_S000072,정가,정악,풍류음악,가곡,평롱(남훈전 순제금을),김대윤,남창,Ab / Fm,10점16박,48/8,120.0,"잔잔한(3), 기품 있는(2), 몽환적인(2), 의례적인(2), 진지한(2), 감상적인(1), 사색적인(1), 생기 있는(1), 시적인(1), 신비로운(1), 아정한(1), 엄숙한(1), 영웅적인(1), 우아한(1), 웅대한(1), 장엄한(1), 평온한(1), 품위 있는(1)","공명감 있는(1), 단단한(1), 매끄러운(1), 묵직한(1), 밀도 있는(1), 뻗어 나가는(1), 섬세한(1), 쇳소리 나는(1), 시원한(1), 안쪽에서 울리는(1), 유연한(1), 정제된(1), 직진의(1)","평롱은 '평평하고 낮게 부르는 농'이라는 의미를 가진 곡으로, 높은 음으로 지르는 얼롱과 대조되는 계면조 가곡이다. 이 곡은 남녀창 모두 부를 수 있으며, 가곡 한바탕에서 우조와 계면조를 연결하거나 흥청거리는 곡태를 보여준다. 유려하고 부드러운 선율 진행이 특징인 이 곡은 주로 '북두칠성'과 같은 시조시를 노래하는 정악 > 풍류음악 장르에 속한다. 남창 가창자 김대윤의 목소리는 이 곡을 이끌어가는 핵심 요소로, 그의 발성은 깊고 안정적이며, 선율을 부드럽게 이끌어간다. 시김새는 전통적인 방식으로 표현되어, 각 음의 뉘앙스를 섬세하게 전달하며, 성량은 곡의 흐름에 맞춰 조절된다. 호흡은 곡의 진행에 따라 유연하게 변화하며, 각 구절을 자연스럽게 연결하여 전체적인 흐름을 유지한다. 10점16박의 리듬 위에서 김대윤은 고유의 창법으로 리듬감을 살리며, 호흡의 조절을 통해 곡의 마무리를 장식하고 장르적 완성도를 높인다. 이러한 요소들이 결합되어 평롱의 매력을 한층 더 돋보이게 한다.","Pyeongrong is a piece that means ""a song sung flat and low,"" contrasting with the high-pitched and piercing Eollong, and belongs to the Gye-myeonjo genre of gagok. This song can be performed by both male and female singers and serves to connect the Ujo and Gye-myeonjo within a single gagok performance, showcasing a lively musical style. Characterized by its flowing and smooth melodic progression, this piece primarily falls under the Jeongak > Pungnyu music genre, often singing sijo poetry such as ""The Big Dipper."" The voice of male vocalist Kim Dae-yun is a key element that drives this piece, as his vocalization is deep and stable, guiding the melody with a gentle touch. The nuances are expressed in a traditional manner, delicately conveying the subtleties of each note, while the vocal volume is adjusted in accordance with the flow of the piece. Breathing shifts flexibly with the progression of the music, naturally linking each phrase to maintain an overall coherence. Over a 10-beat 16-division rhythm, Kim Dae-yun enhances the rhythmic feel with his unique singing style, and through careful breath control, he embellishes the conclusion of the piece, elevating its genre-specific completeness. These elements combine to further highlight the charm of Pyeongrong.","남훈전 순제금을 하은주에 전하오서
진한당 자패간과와 송제양 풍우건곤에 왕풍이 위지하여 정성이 끊처졌더니
동방에 성인이 나오셔 탄오현 가남풍을 이어본가 하노라",남훈전 / 순제금을 / 하은주에 / 전하오서 / 진한당 / 자패간과와 / 송제양 / 풍우건곤에 / 왕풍이 / 위지하여 / 정성이 / 끊처졌더니 / 동방에 / 성인이 / 나오셔 / 탄오현 / 가남풍을 / 이어본가 / 하노라,19.0,319.54
KC_TM_JC_PR_S000073,정가,정악,풍류음악,가곡,언롱(이태백의 주량은),이동영,남창,Ab / Fm,10점16박,48/8,140.0,"강렬한(2), 에너지 넘치는(2), 열정적인(2), 장엄한(2), 경쾌한(1), 그루브감 있는(1), 기품 있는(1), 다이내믹한(1), 도취된(1), 드라마틱한(1), 신비로운(1), 영웅적인(1), 절제된(1), 진지한(1), 표현적인(1), 활기찬(1)","담백한(2), 단단한(1), 묵직한(1), 뻗어 나가는(1), 쇳소리 나는(1), 시원한(1), 역동적인(1), 울리는(1), 진한(1), 콧소리 나는(1), 힘 있는(1)","언롱은 '지르는 농'이라는 의미를 지닌 가곡으로, 정악 중 풍류음악의 한 장르에 속한다. 이 곡은 남창 계면조 가곡으로, 무겁고 점잖게 시작하여 중반 이후 흥청거리는 농의 창법으로 변화하는 특징을 지닌다. 이러한 창법의 변화는 가곡의 다양한 표현력을 잘 드러내며, 가창자가 곡의 흐름을 이끌어가는 데 중요한 역할을 한다. 남창 가창자 이동영의 목소리는 이 곡에서 그 깊이와 힘을 발휘하며, 초장에서는 안정감 있는 발성으로 시작하여 곡의 긴장감을 조성한다. 이동영은 시김새를 적절히 활용하여 곡의 감정을 전달하며, 성량을 조절하여 각 구절의 의미를 더욱 부각시킨다. 호흡 또한 곡의 리듬에 맞춰 유연하게 이어지며, 각 음절의 발음과 길이를 조절하여 청중의 집중을 끌어낸다. 10점16박의 리듬 위에서 가창자는 자연스럽게 흐름을 타며, 리듬의 변화에 따라 목소리의 강약을 조절하여 곡의 긴장감을 유지한다. 곡의 마무리에서는 호흡을 통해 여운을 남기며, 전체적인 장르적 완성도를 높이는 데 기여한다.","Eonlong is a genre of gagok, meaning ""singing with a loud voice,"" which belongs to the category of Pungnyu music within the realm of Jeongak. This piece is a Namchang (male vocal) gagok in the Gyeongmyeonjo mode, characterized by a heavy and dignified beginning that transitions into a lively and exuberant singing style in the latter half. This change in vocal technique effectively showcases the diverse expressiveness of the gagok, with the vocalist playing a crucial role in guiding the flow of the piece. The voice of Namchang vocalist Lee Dong-young demonstrates depth and power in this composition, starting with a stable vocalization in the opening section that establishes a sense of tension. Lee skillfully employs vocal ornamentation to convey the emotions of the piece, adjusting his vocal volume to highlight the significance of each phrase. His breath control aligns flexibly with the rhythm of the piece, manipulating the pronunciation and length of each syllable to capture the audience's attention. Over a 10-beat 16-pulse rhythm, the vocalist naturally rides the flow, modulating the intensity of his voice according to the rhythmic changes to maintain the piece's tension. In the conclusion of the piece, he leaves a lingering resonance through his breath, contributing to the overall genre's sense of completeness.","이태백의 주량은 긔 어떠하여 일일수경 삼백배허고
두목지 풍채는 긔 어떠허여 취과 양주 귤 만차런고
아마도 이 둘의 풍도는 못 및을까 하노라",이태백의 주량은 긔 어떠하여 / 일일수경 삼백배허고 / 두목지 풍채는 / 긔 어떠허여 취과 양주 / 귤 만차런고 / 아마도 / 이 둘의 풍도는 못 / 및을까 하노라,8.0,232.75
KC_TM_JC_GJ_S000074,정가,정악,궁중음악,제례악,종묘제례악 중 귀인,이동영,남창,F / Dm,,1/4,50.0,"진지한(3), 감상적인(1), 그리운(1), 다이내믹한(1), 다정한(1), 명상적인(1), 서사적인(1), 쓸쓸한(1), 어두운(1), 엄숙한(1), 우울한(1), 웅대한(1), 잔잔한(1), 편안한(1), 평온한(1), 평화로운(1), 향토적인(1), 환상적인(1), 희망찬(1)","묵직한(3), 거친(2), 쇳소리 나는(2), 걸쭉한(1), 긁히는(1), 단단한(1), 담백한(1), 머금은 듯한(1), 안쪽에서 울리는(1), 울리는(1)","귀인은 종묘제례악 중 하나로, 세종 시대의 '의인'을 개작한 곡으로서 제례악의 특징을 잘 드러내는 정악의 궁중음악이다. 이 곡은 조상을 따르는 민심을 노래하며, 초헌례 때 등가에서 연주되는 중요한 역할을 한다. 고려가요의 선율을 차용하여 궁중 의식 음악으로 승화된 이 곡은 장중한 분위기를 자아낸다. 남창 가창자 이동영의 목소리는 이 곡을 이끌어가는 핵심 요소로, 그의 발성은 명확하고 힘 있게 표현된다. 시김새는 전통적인 창법을 따르며, 곡의 흐름에 따라 자연스럽게 변화를 주어 청중에게 깊은 울림을 준다. 성량은 안정적이며, 호흡은 긴장을 유지하면서도 여유롭게 이어져 곡의 전개를 부드럽게 만든다. 이동영은 멜로디를 표현할 때 각 음을 정교하게 다루어, 마치 이야기하듯이 창법을 구사한다. 이러한 창법은 곡의 구조적 특징과 잘 어우러져, 궁중의 정중함과 경건함을 더욱 강조한다. 전반적인 리듬감은 가창자가 이끌어가며, 호흡의 흐름은 곡의 마무리를 장식하는 데 중요한 역할을 한다. 이동영의 호흡은 곡의 완성도를 높이며, 청중이 느끼는 긴장감과 해소의 순간을 조화롭게 만들어낸다.","Gwiin is one of the pieces from Jongmyo Jeryeak, a court music that showcases the characteristics of ritual music, adapted from the 'Euin' of the Sejong era. This piece sings of the people's reverence for their ancestors and plays a significant role during the Chohunrye ceremony. Borrowing melodies from Goryeo songs, it has been elevated to the status of court ceremonial music, evoking a solemn atmosphere. The voice of the male singer Lee Dong-young is a key element that drives this piece, with his vocalization expressed clearly and powerfully. The singing style follows traditional techniques, naturally varying with the flow of the music to provide a profound resonance for the audience. His vocal range is stable, and his breath control maintains tension while flowing smoothly, enhancing the development of the piece. When expressing the melody, Lee Dong-young handles each note with precision, employing a storytelling approach in his singing style. This method harmonizes well with the structural characteristics of the piece, further emphasizing the formality and solemnity of the court. The overall sense of rhythm is led by the singer, and the flow of breath plays a crucial role in embellishing the conclusion of the piece. Lee Dong-young's breath enhances the completeness of the performance, creating a harmonious balance between the moments of tension and release felt by the audience.","황의상제 구민지막 내권오구 내천명덕
인불가실 우서영종 기종여시 비아지사
비아지사 유인지귀 유인지귀 탄계홍기
황의상제 구민지막 내권오구 내천명덕
인불가실 우서영종 기종여시 비아지사
비아지사 유인지귀 유인지귀 탄계홍기
황의상제 구민지막 내권오구 내천명덕
인불가실 우서영종 기종여시 비아지사
비아지사 유인지귀 유인지귀 탄계홍기",황의상제 구민지막 / 내권오구 내천명덕 / 인불가실 우서영종 / 기종여시 비아지사 / 비아지사 유인지귀 / 유인지귀 탄계홍기 / 황의상제 구민지막 / 내권오구 내천명덕 / 인불가실 우서영종 / 기종여시 비아지사 / 비아지사 유인지귀 / 유인지귀 탄계홍기 / 황의상제 구민지막 / 내권오구 내천명덕 / 인불가실 우서영종 / 기종여시 비아지사 / 비아지사 유인지귀 / 유인지귀 탄계홍기,18.0,266.42
KC_TM_JC_GJ_S000075,정가,정악,궁중음악,제례악,종묘제례악 중 전폐희문,홍창남,남창,F / Dm,,3/8,80.0,"장엄한(3), 마음을 울리는(2), 우울감 있는(2), 진지한(2), 강렬한(1), 강한(1), 긴장된(1), 명상적인(1), 부드러운(1), 불안한(1), 애절한(1), 어두운(1), 영웅적인(1), 잔잔한(1), 진심 어린(1)","걸쭉한(2), 뻗어 나가는(2), 진한(2), 거친(1), 공명감 있는(1), 단단한(1), 머금은 듯한(1), 묵직한(1), 밀도 있는(1), 비강 울림이 있는(1), 탁 트인(1)","전폐희문은 종묘제례악 중 제례악에 속하는 곡으로, 궁중음악의 정악 장르에 해당한다. 이 곡은 전폐례의 순서에서 신을 맞이하고 예물을 올리는 의식을 더욱 엄숙하게 만드는 역할을 하며, 그 과정에서 가창자의 목소리가 중심적인 역할을 한다. 남창 가창자 홍창남은 이 곡을 통해 제례의 정중함과 신성함을 표현하며, 그의 목소리는 전통적인 창법을 바탕으로 한 섬세한 발성과 시김새로 곡의 흐름을 이끌어간다. 홍창남의 목소리는 고유의 발음과 음색으로 멜로디를 명확하게 전달하며, 정교한 시김새를 통해 각 음의 의미를 강조한다. 그의 성량은 곡의 긴장감을 유지하며, 호흡은 곡의 구조에 맞춰 조절되어 자연스러운 리듬감을 만들어낸다. 이러한 호흡의 흐름은 곡의 전체적인 완성도를 높이며, 마지막 부분에서는 가창자의 호흡이 차분하게 마무리되면서도 의식의 엄숙함을 잊지 않게 한다. 홍창남의 목소리는 제례악의 전통을 잘 살리며, 청중에게 깊은 인상을 남기는 요소로 작용한다.","Jeonpyehuimun is a piece belonging to the ritual music category within the Jongmyo Jeryeak, and it corresponds to the jeongak genre of court music. This piece plays a significant role in solemnizing the ceremony of welcoming the deities and presenting offerings during the Jeonpye ritual, with the vocalist's voice serving as a central element in this process. The male vocalist Hong Chang-nam expresses the reverence and sanctity of the ritual through this piece, and his voice guides the flow of the music with delicate vocalization and ornamentation based on traditional singing techniques. Hong Chang-nam's voice clearly conveys the melody with its unique pronunciation and timbre, emphasizing the meaning of each note through intricate ornamentation. His vocal power maintains the tension of the piece, while his breath is adjusted to match the structure of the music, creating a natural sense of rhythm. This flow of breath enhances the overall completeness of the piece, and in the final section, the vocalist's breath concludes calmly, ensuring that the solemnity of the ceremony is not forgotten. Hong Chang-nam's voice effectively preserves the tradition of ritual music, serving as an element that leaves a profound impression on the audience.",비의상가교 승광장시백 선조기고흠 식례심막막,비의상가교애 / 승광장시애백애 / 선조기고흠애 / 식례애심막막애,4.0,270.02
KC_TM_JC_GJ_S000076,정가,정악,궁중음악,제례악,종묘제례악 중 분웅,김대윤,남창,Ab / Fm,,1/4,40.0,"에너지 넘치는(4), 강렬한(2), 기품 있는(2), 경쾌한(1), 긴장감 넘치는(1), 낭만적인(1), 마음을 울리는(1), 비통한(1), 생기 있는(1), 시적인(1), 애정 어린(1), 웅대한(1), 장엄한(1), 진지한(1), 향토적인(1), 활기찬(1)","단단한(4), 뻗어 나가는(3), 깨끗한(2), 공명감 있는(1), 묵직한(1), 시원한(1), 역동적인(1), 직진의(1), 탁 트인(1)","분웅은 종묘제례악 '정대업'의 여섯 번째 곡으로, 태조의 무공과 위엄을 찬양하는 내용을 담고 있는 정악 > 궁중음악의 중요한 제례악이다. 남창 가창자 김대윤의 목소리는 이 곡을 에너지 넘치는 방식으로 이끌어가며, 그의 단단한 음색은 곡의 힘을 더욱 강조한다. 김대윤은 멜로디를 표현할 때 강한 발성과 함께 시김새를 적절히 사용하여 전통적인 창법의 매력을 잘 드러낸다. 그의 성량은 곡의 긴장감을 유지하면서도 안정감을 주며, 호흡의 흐름이 자연스럽게 이어져 리듬감이 살아난다. 특히, 곡의 클라이맥스에서는 호흡의 조절이 곡의 긴장감을 극대화하며, 마무리에서는 부드럽게 곡을 장식하여 전체적인 완성도를 높인다. 그의 목소리는 각 음의 힘과 에너지를 잘 전달하며, 청중에게 깊은 인상을 남긴다.","Bunwung is the sixth piece of the Jongmyo Jeryeak ""Jeongdaeeop,"" which contains themes praising the martial prowess and dignity of King Taejo, making it an important ritual music piece within the genre of Jeongak, or court music. The voice of the male vocalist Kim Daeyun leads this piece in an energetic manner, and his robust timbre further emphasizes the strength of the composition. When expressing the melody, Kim Daeyun effectively employs strong vocalization along with appropriate use of sigimsae, showcasing the charm of traditional singing techniques. His vocal range maintains the tension of the piece while providing a sense of stability, and the flow of breath naturally connects, bringing the rhythm to life. Notably, during the climax of the piece, the control of breath maximizes the tension, while the conclusion gracefully adorns the composition, enhancing its overall completeness. His voice conveys the power and energy of each note well, leaving a profound impression on the audience.","아웅아분 여뢰여정 호견막최 호험막평 연련안안
주아신괵 신과일휘 요분숙확 무모무불 조아동국
아웅아분 여뢰여정 호견막최 호험막평 연련안안
주아신괵 신과일휘 요분숙확 무모무불 조아동국",아웅아분 / 여뢰여정 / 호견막최 / 호험막평 / 연련안안 / 주아신괵 / 신과일휘 / 요분숙확 / 무모무애불 / 조아동국 / 아웅아분 / 여뢰여정 / 호견막최 / 호험막평 / 연련안안 / 주아신괵 / 신과일휘 / 요분숙확 / 무모무애불 / 조아동국,20.0,268.54
KC_TM_JC_GJ_S000077,정가,정악,궁중음악,제례악,종묘제례악 중 희문,홍창남,남창,F / Dm,,1/4,40.0,"차분한(4), 쓸쓸한(2), 긴장된(1), 단아한(1), 도취된(1), 몽환적인(1), 부드러운(1), 슬픈(1), 신비로운(1), 어두운(1), 우울감 있는(1), 유려한(1), 잔잔한(1), 진지한(1), 평온한(1), 향수 어린(1), 향토적인(1)","묵직한(2), 쇳소리 나는(2), 긁히는(1), 단단한(1), 머금은 듯한(1), 뻗어 나가는(1), 시원한(1), 안쪽에서 울리는(1), 콧소리 나는(1)","희문은 종묘제례악 중 '보태평'의 첫 번째 곡으로, 정악의 일종인 궁중음악에 속하는 제례악이다. 이 곡은 영신, 전폐, 초헌례 등 여러 절차에서 연주되며, 조상의 문덕을 송축하는 내용을 담고 있다. 장중하고 평화로운 분위기를 자아내며, 보태평 전곡의 서곡 역할을 수행한다. 남창 가창자 홍창남의 목소리는 이 곡의 정수를 잘 드러낸다. 그의 발성은 차분한 분위기를 유지하며, 곡의 흐름을 부드럽게 이끌어간다. 시김새를 적절히 활용하여 멜로디를 표현하며, 성량이 안정적으로 유지되어 청중에게 깊은 감동을 준다. 호흡의 흐름 또한 곡의 차분한 분위기를 잘 살리며, 각 구절의 끝을 부드럽게 장식하여 곡의 완성도를 높인다. 전체적으로 홍창남의 목소리는 곡의 리듬감과 함께 조화롭게 어우러져, 제례악의 의미를 더욱 깊게 전달한다.","Heemun is the first piece of 'Botaepyeong' within the Jongmyo Jeryeak, classified as a type of Jeongak, which is a form of court music associated with ritual ceremonies. This piece is performed during various procedures such as Yeongsin, Jeonpye, and Chohunrye, and it conveys the theme of praising the virtues of ancestors. It evokes a solemn and peaceful atmosphere, serving as the prelude to the entire Botaepyeong suite. The voice of the male vocalist Hong Chang-nam effectively captures the essence of this piece. His vocalization maintains a calm ambiance and smoothly guides the flow of the music. By skillfully utilizing the nuances of vocal ornamentation, he expresses the melody, while his stable vocal volume provides profound emotional resonance for the audience. The flow of his breath also enhances the tranquil atmosphere of the piece, delicately embellishing the ends of each phrase and elevating the overall quality of the composition. Overall, Hong Chang-nam's voice harmoniously blends with the rhythm of the piece, deepening the significance of the ritual music.","열성개희운 병울문치창 원언송성미 유이시가장
열성개희운 병울문치창 원언송성미 유이시가장",열성개희 / 운 애 / 병울문 / 치애 창 애 / 원언송 / 성미 애 / 유이애 시 / 가장애 / 열성개희 / 운 애 / 병울문 / 치 애 창 애 / 원언송 / 성미 애 / 유이 애 시 / 가장 애,16.0,237.02
KC_TM_JC_GJ_S000078,정가,정악,궁중음악,제례악,종묘제례악 중 집녕,이동영,남창,F / Dm,,1/4,50.0,"기품 있는(3), 에너지 넘치는(2), 가볍고 신비로운(1), 강력한(1), 다이내믹한(1), 몽환적인(1), 부드러운(1), 사색적인(1), 슬픈(1), 신비로운(1), 엄숙한(1), 열정적인(1), 영웅적인(1), 장엄한(1), 진지한(1), 품위 있는(1), 향토적인(1)","묵직한(3), 거친(1), 걸쭉한(1), 공명감 있는(1), 깨끗한(1), 단단한(1), 담백한(1), 머금은 듯한(1), 쇳소리 나는(1), 역동적인(1), 탁 트인(1)","종묘제례악 중 집녕은 제례악의 특징이 잘 드러나는 정악 > 궁중음악 곡으로, 환조의 공덕을 기리는 내용을 담고 있다. 이 곡은 세종 때의 '보예'를 개작하여 초헌례에 연주되며, 백성들이 생업에 종사하게 된 평화로운 시대를 노래한다. 남창 가창자 이동영의 목소리는 이 곡의 전개를 이끌어가는 중요한 요소로, 그의 발성은 전통적인 창법을 충실히 따르며, 시김새를 통해 곡의 정서를 표현한다. 이동영은 고음과 저음을 자유롭게 넘나들며, 각 음절에 적절한 강세를 부여하여 멜로디의 흐름을 부드럽게 이어간다. 그의 성량은 곡의 각 구절을 명확하게 전달하며, 호흡의 조절 또한 탁월하여 긴 구절에서도 안정적인 발음을 유지한다. 이러한 요소들은 곡에 깊이와 리듬감을 더하며, 가창자가 이끌어가는 호흡의 흐름은 곡의 긴장감을 조절하고 자연스럽게 마무리된다. 이동영의 호흡은 곡의 끝부분에서 여유롭게 마무리되며, 제례악으로서의 완성도를 높이는 역할을 한다.","Jibnyeong, a piece from Jongmyo Jeryeak, exemplifies the characteristics of ritual music and is categorized as Jeongak, a form of court music, which conveys the virtues of Hwanjo. This composition is a reworking of 'Boye' from the era of King Sejong and is performed during the first rite of the ceremony, celebrating a peaceful time when the common people engaged in their livelihoods. The voice of the male vocalist Lee Dong-young serves as a crucial element in the development of this piece, as his vocalization adheres faithfully to traditional singing techniques and expresses the emotional nuances of the music through various ornamentations. Lee Dong-young effortlessly navigates between high and low pitches, applying appropriate accents to each syllable, which smoothly connects the flow of the melody. His vocal timbre clearly conveys each phrase of the piece, and his breath control is exceptional, allowing him to maintain stable pronunciation even through lengthy passages. These elements add depth and rhythmic quality to the piece, while the flow of breath led by the vocalist modulates the tension of the music and brings it to a natural conclusion. At the end of the piece, Lee Dong-young's breath concludes leisurely, enhancing the overall completeness of the ritual music.","쌍성단만 왈유천부 이지불직 민미안도
성환집녕 유리졸복 총명시하 봉건궐복
쌍성단만 왈유천부 이지불직 민미안도
성환집녕 유리졸복 총명시하 봉건궐복
쌍성단만 왈유천부 이지불직 민미안도
성환집녕 유리졸복 총명시하 봉건궐복",쌍성단만 왈유천부 / 이지불직 민미안도 / 성환집녕 유리졸복 / 총명시하 봉건궐복 / 쌍성단만 왈유천부 / 이지불직 민미안도 / 성환집녕 유리졸복 / 총명시하 봉건궐복 / 쌍성단만 왈유천부 / 이지불직 민미안도 / 성환집녕 유리졸복 / 총명시하 봉건궐복,12.0,255.62
KC_TM_JC_GJ_S000079,정가,정악,궁중음악,제례악,종묘제례악 중 융화,이동영,남창,F / Dm,,1/4,50.0,"기품 있는(2), 활기찬(2), 감상적인(1), 강렬한(1), 강한(1), 다이내믹한(1), 명상적인(1), 엄숙한(1), 여유로운(1), 영웅적인(1), 유려한(1), 잔잔한(1), 장엄한(1), 절제된(1), 조화로운(1), 진지한(1), 침울한(1), 품위 있는(1)","머금은 듯한(2), 묵직한(2), 쇳소리 나는(2), 거친(1), 긁히는(1), 매끄러운(1), 밀도 있는(1), 비강 울림이 있는(1), 뻗어 나가는(1), 진한(1)","융화는 종묘제례악 '보태평'의 여섯 번째 곡으로, 태조의 크신 덕과 위엄을 노래하는 정악 > 궁중음악의 일환으로, 제례악의 특징을 잘 드러내는 곡이다. 이 곡은 고려 속요 '풍입송'과 관련이 있으며 초헌례에 연주되어 조상의 덕으로 나라가 융성하고 화평해짐을 기리는 깊은 의미를 담고 있다. 남창 가창자 이동영은 이 곡에서 그의 목소리로 곡의 주제를 효과적으로 전달하며, 창법에서의 세심한 표현이 돋보인다. 그의 발성은 안정적이며, 각 음절을 명확하게 전달하는 데 중점을 두어 청중이 곡의 의미를 쉽게 이해할 수 있도록 돕는다. 또한, 시김새의 사용이 두드러져, 전통적인 창법의 특징을 잘 살리고 있으며, 음의 높낮이를 조절하는 능력이 뛰어나 곡의 감정선을 자연스럽게 이끌어간다. 성량 또한 적절히 조절되어, 곡의 흐름에 맞춰 강약을 조절하며 긴장감과 안정감을 동시에 부여한다. 이동영은 호흡의 흐름을 잘 관리하여 곡의 리듬감을 자연스럽게 이어가며, 각 구절의 마무리에서 호흡을 통해 여운을 남기는 방식으로 곡의 완성도를 높인다. 그의 호흡이 곡의 마지막을 장식하며, 청중에게 깊은 여운을 남기는 동시에 제례악의 장르적 특성을 잘 살리고 있다.","Yunghwa is the sixth piece of the Jongmyo Jeryeak ""Botaepyeong,"" which sings of the great virtues and majesty of King Taejo, serving as a representative work of Jeongak, or court music, and effectively showcasing the characteristics of ritual music. This piece is related to the Goryeo folk song ""Pungipsong"" and is performed during the first rite, embodying a profound meaning that honors the virtues of ancestors, celebrating the flourishing and peace of the nation. The male vocalist Lee Dong-young effectively conveys the theme of the piece with his voice, highlighting meticulous expression in his singing technique. His vocalization is stable, focusing on clearly articulating each syllable to assist the audience in easily grasping the song's meaning. Additionally, the use of sigimsae is prominent, well-preserving the features of traditional singing methods, while his ability to modulate pitch naturally guides the emotional flow of the piece. His vocal volume is also appropriately controlled, adjusting the dynamics in accordance with the flow of the music, imparting both tension and stability. Lee Dong-young manages the flow of his breath well, seamlessly maintaining the rhythmic quality of the piece, and enhances its completeness by leaving a lingering resonance at the end of each phrase through his breathing. His breath adorns the conclusion of the piece, leaving a deep aftertaste for the audience while effectively embodying the genre-specific characteristics of ritual music.","오황성조 휼준궐덕 인유의복 신화융흡 경피도이 급기산융
공숙이회 막불솔종 항지제지 관아역역 오혁궐영 이타원숙
오황성조 휼준궐덕 인유의복 신화융흡 경피도이 급기산융
공숙이회 막불솔종 항지제지 관아역역 오혁궐영 이타원숙
오황성조 휼준궐덕 인유의복 신화융흡 경피도이 급기산융
공숙이회 막불솔종 항지제지 관아역역 오혁궐영 이타원숙",오황성조 휼준궐덕 인유의 / 복 신화융흡 경피도이 급기산융 / 경피도이 급기산융 / 공숙이회 막불솔종 / 항지제지 관아역역 오혁궐영 / 이타원숙 / 오황성조 휼준궐덕 인유의 / 복 신화융흡 경피도이 급기산융 / 경피도이 급기산융 / 공숙이회 막불솔종 / 항지제지 관아역역 오혁궐영 / 이타원숙 / 오황성조 휼준궐덕 인유의 / 복 신화융흡 경피도이 급기산융 / 경피도이 급기산융 / 공숙이회 막불솔종 / 항지제지 관아역역 오혁궐영 / 이타원숙,18.0,315.02
KC_TM_JC_GJ_S000080,정가,정악,궁중음악,제례악,종묘제례악 중 혁정,이동영,남창,Eb / Cm,,1/4,50.0,"긴장된(2), 다이내믹한(2), 신비로운(2), 강력한(1), 긴장감 넘치는(1), 불가사의한(1), 불안한(1), 생기 있는(1), 애절한(1), 엄숙한(1), 열정적인(1), 장엄한(1), 표현적인(1), 해학적인(1), 활기찬(1)","날카로운(2), 단단한(2), 콧소리 나는(2), 담백한(1), 밀도 있는(1), 밝은(1), 뻗어 나가는(1), 시원한(1), 역동적인(1), 직진의(1), 탁 트인(1)","혁정은 종묘제례악의 일환으로, 태종의 무공을 기리는 곡으로서 정악의 궁중음악 장르에 속한다. 이 곡은 아헌례와 종헌례에서 헌가에 의해 연주되며, 세종 시대의 '순응'을 개작한 것으로, 제례악의 특성을 잘 드러내고 있다. 남창 가창자인 이동영의 목소리는 이 곡의 기운을 이끌어가며, 그의 발성은 명확하고 힘차게 음을 전달한다. 이동영은 고유의 창법을 통해 멜로디를 표현하며, 시김새를 적절히 사용하여 곡의 전통적인 요소를 살린다. 그의 성량은 곡의 흐름에 따라 조절되며, 각 음절의 발음이 뚜렷하게 드러난다. 호흡은 곡의 리듬감에 맞춰 유연하게 이어지며, 특히 중요한 구절에서는 호흡이 길어져 감정의 깊이를 더한다. 이러한 요소들이 결합되어 곡의 마무리 부분에서는 가창자의 호흡이 자연스럽게 이어지며, 전반적인 완성도를 높이는 데 기여한다. 이동영의 목소리는 혁정의 힘찬 기상을 잘 표현하며, 제례악으로서의 의미를 더욱 부각시킨다.","Hyeokjeong is part of the Jongmyo Jeryeak, a piece dedicated to honoring King Taejong's martial prowess, and belongs to the genre of Jeongak, or court music. This piece is performed during the Aheunrye and Jongheonrye ceremonies by the Hunga, and it is an adaptation of 'Sun-eung' from the era of King Sejong, effectively showcasing the characteristics of ritual music. The voice of the male vocalist Lee Dong-young leads the energy of the piece, with his clear and powerful vocalization conveying the tones distinctly. Through his unique singing style, Lee expresses the melody while appropriately employing ornamentation to preserve the traditional elements of the composition. His vocal range is adjusted according to the flow of the piece, ensuring that the pronunciation of each syllable is pronounced clearly. Breath control is flexible, aligning with the rhythm of the music, and particularly important phrases are extended to enhance the emotional depth. These elements combine to allow the vocalist's breath to flow naturally into the concluding section of the piece, contributing to the overall completeness. Lee Dong-young's voice effectively captures the vigorous spirit of Hyeokjeong, further emphasizing its significance as ritual music.","도이비여 건유아어 원혁아노 원정아려
만소가풍 비도명발 내복기소 내도기혈
비피홍모 요우방렬 경파내식 영전접역
도이비여 건유아어 원혁아노 원정아려
만소가풍 비도명발 내복기소 내도기혈
비피홍모 요우방렬 경파내식 영전접역",도이비여 / 건유아어 원혁아노 / 원정아려 / 만소가풍 비도명발 / 내복기소 내도기혈 / 비피홍모 요우방렬 / 경파내식 영전접역 / 도이비여 / 건유아어 원혁아노 / 원정아려 / 만소가풍 비도명발 / 내복기소 내도기혈 / 비피홍모 요우방렬 / 경파내식 영전접역,14.0,241.22
KC_TM_JC_GJ_S000081,정가,정악,궁중음악,제례악,종묘제례악 중 형가,김대윤,남창,F / Dm,,1/4,40.0,"기품 있는(3), 에너지 넘치는(2), 영웅적인(2), 장엄한(2), 강렬한(1), 강한(1), 다이내믹한(1), 사색적인(1), 시적인(1), 열정적인(1), 절제된(1), 진지한(1), 활기찬(1), 활달한(1)","단단한(2), 담백한(2), 묵직한(2), 뻗어 나가는(2), 시원한(2), 탁 트인(2), 진한(1), 콧소리 나는(1)","형가는 종묘제례악 '보태평'의 네 번째 곡으로, 익조와 도조의 충성을 기리는 내용을 담고 있는 정악 > 궁중음악의 제례악이다. 이 곡은 세종 때의 '형광'을 개작하여 왕업의 기초를 닦은 선조들의 공덕을 차분하게 노래하는 특징을 지닌다. 남창 가창자 김대윤의 목소리는 이 곡의 정수를 잘 표현하며, 그의 발성은 전통적인 창법을 따르면서도 각 음의 길이와 강약을 적절히 조절하여 곡의 흐름을 이끌어간다. 김대윤은 목소리의 발음을 명확히 하며, 시김새를 통해 곡의 감정을 섬세하게 표현한다. 그의 성량은 곡의 전체적인 구조를 안정적으로 지탱하며, 호흡은 자연스럽게 이어져 리듬감 있게 진행된다. 각 구절의 마무리에서 호흡을 조절하여 여운을 남기는 방식은 곡의 장르적 완성도를 높이며, 청중이 곡의 주제를 깊이 느낄 수 있도록 돕는다. 전반적으로 김대윤의 목소리는 형가의 전통적인 요소를 잘 살리면서도, 곡의 의미를 효과적으로 전달하는 역할을 한다.","Hyeongga is the fourth piece of the Jongmyo Jeryeak ""Botaepyeong,"" which is a ceremonial music of the court that honors the loyalty of Ikjo and Dojo. This piece features a calm tribute to the virtues of the ancestors who laid the foundation for the royal lineage, having been adapted from ""Hyeonggwang"" during the reign of King Sejong. The voice of the male vocalist Kim Daeyun effectively captures the essence of this piece, as his vocalization adheres to traditional singing techniques while skillfully adjusting the length and dynamics of each note to guide the flow of the composition. Kim Daeyun articulates the pronunciation of the lyrics clearly, delicately expressing the emotions of the piece through his use of sigimsae (ornamentation). His vocal range provides a stable support for the overall structure of the piece, with a natural breath that progresses rhythmically. By controlling his breath at the end of each phrase to leave a lingering resonance, he enhances the genre's completeness, allowing the audience to deeply feel the theme of the piece. Overall, Kim Daeyun's voice preserves the traditional elements of Hyeongga while effectively conveying the meaning of the composition.","오황성익 지복궐벽 성도계지 권의사독 대형이가 경명유복
오황성익 지복궐벽 성도계지 권의사독 대형이가 경명유복
오황성익 지복궐벽 성도계지 권의사독 대형이가 경명유복
오황성익 지복궐벽 성도계지 권의사독 대형이가 경명유복",오황성익 / 지복애궐벽 / 성도계지 / 권의사독 / 대형이가 / 경명유복 / 오황성익 / 지복애궐벽 / 성도계지 / 권의사독 / 대형이가 / 경명유복 / 오황성익 / 지복애궐벽 / 성도계지 / 권의사독 / 대형이가 / 경명유복 / 오황성익 / 지복애궐벽 / 성도계지 / 권의사독 / 대형이가 / 경명유복,24.0,333.02
KC_TM_JC_GJ_S000082,정가,정악,궁중음악,제례악,종묘제례악 중 현미,김대윤,남창,F / Dm,,1/4,50.0,"절제된(3), 진지한(3), 감상적인(1), 기품 있는(1), 명상적인(1), 사색적인(1), 생기 있는(1), 신비로운(1), 쓸쓸한(1), 애절한(1), 에너지 넘치는(1), 여유로운(1), 웅대한(1), 잔잔한(1), 장엄한(1), 품위 있는(1)","묵직한(2), 정제된(2), 걸쭉한(1), 단단한(1), 두터운(1), 맑은(1), 머금은 듯한(1), 밀도 있는(1), 뻗어 나가는(1), 섬세한(1), 시원한(1), 여린(1), 콧소리 나는(1), 투명한(1)","현미는 종묘제례악 '보태평'의 일곱 번째 곡으로, 태종의 공덕을 기리는 내용의 정악 중 궁중음악에 속하는 제례악이다. 이 곡은 세종 대의 '승강'을 개작하여 초헌례에서 연주되며, 난세를 평정하고 왕실의 기틀을 다진 업적을 찬양하는 역할을 한다. 남창 가창자 김대윤의 목소리는 곡의 중심을 이루며, 그의 발성은 전통적인 창법에 충실하다. 김대윤은 명확한 음정과 함께 시김새를 적절히 사용하여 곡의 정서를 전달하며, 그의 성량은 곡 전체를 아우르는 힘을 발휘한다. 호흡의 흐름은 안정적이며, 각 구절마다 적절한 여백을 두어 청중이 곡의 의미를 깊이 느낄 수 있도록 한다. 김대윤의 호흡은 곡의 마무리에서 특히 중요한 역할을 하며, 이를 통해 곡의 완성도를 높이고, 제례악으로서의 품위를 더욱 강조한다. 그의 목소리는 곡의 리듬감과 호흡의 흐름을 자연스럽게 이끌어가며, 전체적인 구조를 안정적으로 유지한다.","Hyunmi is the seventh piece of the Jongmyo Jeryeak ""Botaepyeong,"" a ceremonial music belonging to the court music genre that honors the merits of King Taejong. This piece is a rearrangement of ""Seunggang"" from the reign of King Sejong and is performed during the first rite of the ceremony, serving to praise the achievements of stabilizing the tumultuous times and establishing the foundation of the royal family. The voice of the male vocalist Kim Daeyun forms the core of the piece, and his vocalization adheres faithfully to traditional singing techniques. Kim Daeyun effectively conveys the emotional essence of the piece by employing clear intonation and appropriate use of sigimsae, while his vocal power encompasses the entirety of the composition. The flow of his breath is stable, allowing for suitable pauses in each phrase so that the audience can deeply appreciate the meaning of the piece. His breath plays a particularly crucial role in the conclusion of the piece, enhancing its overall quality and further emphasizing its dignity as a ceremonial music. His voice naturally guides the rhythmic feel and breath flow of the piece, maintaining a stable overall structure.","오황아성고 감난보종석 구가여망륭 돈양현미덕
오황아성고 감난보종석 구가여망륭 돈양현미덕
오황아성고 감난보종석 구가여망륭 돈양현미덕
오황아성고 감난보종석 구가여망륭 돈양현미덕",오황아성고애 / 감난애보종애석애 / 구가여망륭애 / 돈양애현미덕애 / 오황아성고애 / 감난애보종애석애 / 구가여망륭애 / 돈양애현미덕애 / 오황아성고애 / 감난애보종애석애 / 구가여망륭애 / 오황아성고애 / 오황아성고 / 감난애보종애석애 / 구가여망룽애 / 돈양애현미덕애,16.0,376.82
KC_TM_JC_GJ_S000083,정가,정악,궁중음악,제례악,종묘제례악 중 대유,김대윤,남창,F / Dm,,1/4,50.0,"웅대한(2), 장엄한(2), 평화로운(2), 강한(1), 낭만적인(1), 다이내믹한(1), 몽환적인(1), 생기 있는(1), 애절한(1), 에너지 넘치는(1), 여유로운(1), 절제된(1), 진지한(1), 차분한(1), 향토적인(1)","담백한(2), 묵직한(2), 단단한(1), 맑은(1), 밝은(1), 비강 울림이 있는(1), 쇳소리 나는(1), 울리는(1), 청아한(1), 탁 트인(1)","대유는 종묘제례악 '보태평'의 열 번째 곡으로, 조상들의 문덕과 태평성대를 기원하는 내용을 담고 있는 정악의 일종으로, 궁중음악에 속하는 제례악이다. 이 곡은 초헌례 때 등가에서 연주되며, 세종 시대의 '대동'을 개작한 것으로, 온 세상이 화합하고 편안해지기를 바라는 염원이 담겨 있다. 남창 가창자 김대윤의 목소리는 이 곡의 중요한 요소로 작용하며, 그의 발성은 안정적이고 명확하게 멜로디를 전달한다. 김대윤은 전통적인 창법을 유지하면서도, 시김새를 적절히 사용하여 곡의 흐름에 깊이를 더한다. 그의 성량은 곡의 구조적 특징에 맞춰 조화롭게 조절되며, 각 음절을 정확하게 발음하면서도 감정이 실린 표현을 통해 청중에게 전해진다. 호흡은 곡의 리듬감과 긴장감을 조절하는 중요한 역할을 하며, 김대윤은 호흡을 통해 멜로디의 상승과 하강을 자연스럽게 연결한다. 이러한 호흡의 흐름은 곡의 마무리를 장식하며, 전체적인 장르적 완성도를 높이는 데 기여한다. 김대윤의 목소리는 대유의 주제를 효과적으로 전달하며, 제례악으로서의 의미를 더욱 깊이 있게 표현한다.","Daeyu is the tenth piece of the Jongmyo Jeryeak 'Botaepyeong,' a type of Jeongak that embodies the wishes for the virtues of ancestors and a peaceful, prosperous world, classified as ritual music belonging to the court. This piece is performed during the Chohun Ceremony at the Jeongga, and it is a rearrangement of the 'Daedong' from the era of King Sejong, reflecting a desire for harmony and tranquility throughout the world. The voice of the male vocalist Kim Daeyoon plays a crucial role in this piece, with his vocalization delivering the melody in a stable and clear manner. While maintaining traditional singing techniques, Kim Daeyoon appropriately employs embellishments to add depth to the flow of the piece. His vocal range is harmoniously adjusted to align with the structural characteristics of the composition, accurately pronouncing each syllable while conveying emotional expression to the audience. Breathing plays a significant role in regulating the rhythmic feel and tension of the piece, and Kim Daeyoon seamlessly connects the rises and falls of the melody through his breath. This flow of breath embellishes the conclusion of the piece and contributes to the overall genre's completeness. Kim Daeyoon's voice effectively conveys the theme of Daeyu, expressing the significance of the ritual music in a more profound manner.","열성선중광 부문수사방 제작기명비 대유하황황
열성선중광 부문수사방 제작기명비 대유하황황
열성선중광 부문수사방 제작기명비 대유하황황
열성선중광 부문수사방 제작기명비 대유하황황",열성선중광애 / 부문수사애방애 / 제작기명비애 / 대유애하황황애 / 열성선중광애 / 부문수사애방애 / 제작기명비애 / 대유애하황황애 / 열성선중광애 / 부문수사애방애 / 제작기명비애 / 대유애하황황애 / 열성선중광애 / 부문수사애방애 / 제작기명비애 / 대유애하황황애,16.0,376.82
KC_TM_JC_GJ_S000084,정가,정악,궁중음악,제례악,종묘제례악 중 순응,이동영,남창,Eb / Cm,,1/4,50.0,"진지한(3), 강렬한(2), 에너지 넘치는(2), 강한(1), 그리운(1), 기품 있는(1), 긴장된(1), 몽환적인(1), 사색적인(1), 쓸쓸한(1), 엄숙한(1), 열정적인(1), 장엄한(1), 차분한(1), 표현적인(1), 품위 있는(1)","단단한(3), 뻗어 나가는(2), 가는(1), 걸쭉한(1), 공명감 있는(1), 날카로운(1), 머금은 듯한(1), 묵직한(1), 콧소리 나는(1), 힘 있는(1)","순응은 종묘제례악의 일곱 번째 곡으로, 태조의 위화도 회군을 다룬 정악의 일환으로 궁중음악의 제례악에 속한다. 이 곡은 세종 때의 '지덕'을 개작한 것으로, 천명에 순응하여 나라를 바로잡은 결단을 기리는 웅장한 성격을 지닌다. 남창 가창자 이동영의 목소리는 이 곡의 핵심적인 요소로 작용하며, 그의 발성은 전통적인 창법을 바탕으로 하여 곡의 내러티브를 효과적으로 전달한다. 이동영은 멜로디를 표현할 때, 선율의 흐름에 맞춰 시김새를 적절히 사용하여 곡의 감정을 더욱 풍부하게 만든다. 그의 성량은 곡의 웅장함을 잘 살리며, 호흡은 안정적이고 자연스럽게 이어져 리듬감을 형성한다. 이러한 호흡의 흐름은 곡의 전개를 부드럽게 이어주며, 마지막 부분에서는 깊은 여운을 남기는 방식으로 곡을 마무리한다. 이동영의 목소리는 곡의 장르적 완성도를 높이며, 제례악의 엄숙한 분위기를 효과적으로 전달하는 데 기여한다.","Sun-eung is the seventh piece of Jongmyo Jeryeak, belonging to the ceremonial music of the royal court, and it is part of the Jeongak that deals with King Taejo's retreat at Wihwa-do. This piece is a rearrangement of 'Jideok' from the time of King Sejong, characterized by its grand nature that honors the decisive action taken to rectify the nation in accordance with the mandate of heaven. The voice of the male vocalist Lee Dong-young serves as a crucial element of this piece, with his vocalization effectively conveying the narrative of the composition based on traditional singing techniques. When expressing the melody, Lee Dong-young appropriately employs embellishments in accordance with the flow of the melody, enriching the emotional depth of the piece. His vocal range enhances the grandeur of the composition, while his breath control is stable and natural, forming a sense of rhythm. This flow of breath smoothly transitions the development of the piece, concluding in a manner that leaves a profound resonance in the final section. Lee Dong-young's voice elevates the genre's completeness and effectively conveys the solemn atmosphere of the ceremonial music.","여주거간 감행칭란 아운신단 아사아반 천인협찬
여주거간 감행칭란 아운신단 아사아반 천인협찬
여주거간 감행칭란 아운신단 아사아반 천인협찬",여주애거애간 / 애감행애칭애란 / 애아운애신애단 애 / 아사애아애반 애 / 천인협찬애 / 여주애거애간 / 애감행애칭애란 / 애아운애신애단 애 / 아사아애반 애 / 천인협찬애 / 여주애거애간 애 / 감행애칭애란 / 애아운애신애단 애 / 아사애아애반 애 / 천인협찬애,15.0,327.02
KC_TM_JC_GJ_S000085,정가,정악,궁중음악,제례악,종묘제례악 중 영관,홍창남,남창,Eb / Cm,,1/4,40.0,"다이내믹한(3), 표현적인(3), 긴장감 넘치는(1), 명상적인(1), 부드러운(1), 불가사의한(1), 생기 있는(1), 슬픈(1), 에너지 넘치는(1), 영감을 주는(1), 의례적인(1), 절제된(1), 품위 있는(1)","머금은 듯한(3), 단단한(2), 쇳소리 나는(2), 울리는(2), 걸쭉한(1), 묵직한(1), 비강 울림이 있는(1), 섬세한(1), 안쪽에서 울리는(1), 진한(1)","영관은 종묘제례악 중 '정대업'의 마지막 곡으로, 제례를 마치고 헌관이 나갈 때 연주되는 인출곡이다. 이 곡은 고려가요 '서경별곡'의 선율과 관련이 있으며, 의식을 엄숙하게 마무리하는 역할을 한다. 정악의 일환으로 궁중음악에 속하는 제례악은 전통적인 제례 의식에서 중요한 의미를 갖고 있으며, 이러한 배경 속에서 곡의 가창은 더욱 특별한 의미를 지닌다. 남창 가창자 홍창남의 목소리는 이 곡을 이끌어가는 중요한 요소로 작용하며, 그의 발성은 전통적인 창법을 바탕으로 안정적이고 힘 있게 곡을 전개한다. 홍창남은 멜로디를 표현할 때, 전통적인 시김새를 적절히 활용하여 곡의 정서를 전달하며, 성량은 넉넉하게 발휘되어 청중에게 깊은 여운을 남긴다. 호흡은 유연하게 이어지며, 곡의 리듬감을 자연스럽게 형성하고, 긴장과 이완을 조절하여 곡의 흐름을 부드럽게 만든다. 특히, 곡의 마무리에서는 가창자의 호흡이 점차적으로 줄어들며, 의식의 완성을 장식하는 듯한 여운을 남기고, 전체적인 장르적 완성도를 높이는 데 기여한다. 이러한 요소들은 영관이 단순한 음악적 표현을 넘어, 제례의 엄숙함을 잘 담아내는 데 중요한 역할을 한다.","Yeonggwan is the final piece of 'Jeongdaeeop' within the Jongmyo Jeryeak, performed as the officiant exits after the ritual has concluded. This piece is associated with the melody of the Goryeo folk song 'Seogyeongbyeolgok' and serves to solemnly conclude the ceremony. As a part of Jeongak, which belongs to court music, Jeryeak holds significant meaning in traditional ritual practices, and within this context, the performance of the piece carries an even more profound significance. The voice of the male vocalist Hong Chang-nam acts as a crucial element in leading this piece, with his vocalization being stable and powerful, grounded in traditional singing techniques. When expressing the melody, Hong Chang-nam appropriately utilizes traditional embellishments to convey the emotional essence of the piece, and his vocal range is generously displayed, leaving a deep resonance with the audience. His breath flows smoothly, naturally shaping the rhythm of the piece while regulating tension and relaxation to create a seamless musical flow. Notably, in the conclusion of the piece, the vocalist's breath gradually diminishes, leaving a lingering echo that adorns the completion of the ritual and contributes to the overall genre's sense of completeness. These elements play a vital role in ensuring that Yeonggwan transcends mere musical expression, effectively capturing the solemnity of the ritual.","오황열성 세유무공 성덕대업 갈가형용
아무유혁 진지유정 위위타타 영관궐성
오황열성 세유무공 성덕대업 갈가형용
아무유혁 진지유정 위위타타 영관궐성",오황열성 / 세유무공 / 성덕대업 / 갈가형용 / 아무유혁 / 진지유정 / 위위타타 / 영관궐성 / 오황열성 / 세유무공 / 성덕대업 / 갈가형용 / 아무유혁 / 진지유정 / 위위타타 / 영관궐성,16.0,214.54
KC_TM_JC_GJ_S000086,정가,정악,궁중음악,제례악,종묘제례악 중 용광정명,김대윤,남창,F / Dm,,1/4,40.0,"장엄한(2), 진지한(2), 강력한(1), 강한(1), 긴장된(1), 낭만적인(1), 다이내믹한(1), 부드러운(1), 생기 있는(1), 쓸쓸한(1), 애절한(1), 에너지 넘치는(1), 영웅적인(1), 유려한(1), 잔잔한(1), 절제된(1), 차분한(1), 침울한(1), 평온한(1), 표현적인(1), 품위 있는(1), 희망찬(1)","밀도 있는(3), 뻗어 나가는(3), 두터운(2), 묵직한(2), 시원한(2), 거친(1), 단단한(1), 담백한(1), 매끄러운(1), 선명한(1), 쇳소리 나는(1), 울리는(1), 직진의(1), 진한(1), 힘 있는(1)","종묘제례악 중 용광정명은 정악의 범주에 속하는 궁중음악으로, 제례악의 특징을 잘 드러내며 태종과 원경왕후의 덕을 기리고 선조의 공덕을 찬양하는 내용을 담고 있다. 이 곡은 원래 두 개의 곡이었던 '용광'과 '정명'이 결합되어 하나의 곡으로 완성된 형태로, 제례의식에서 중요한 역할을 한다. 남창 가창자 김대윤은 이 곡에서 깊이 있는 목소리로 멜로디를 표현하며, 전통적인 창법을 통해 곡의 의미를 전달한다. 그의 발성은 안정적이며, 시김새를 적절히 사용하여 곡의 전개에 힘을 실어준다. 김대윤의 성량은 곡의 흐름에 맞춰 조절되며, 호흡의 길이와 간격이 자연스럽게 이어져 리듬감을 형성한다. 이러한 호흡의 흐름은 곡의 전체적인 구조와 조화를 이루며, 마무리 부분에서의 호흡 조절은 곡의 완성도를 높이는 데 기여한다. 김대윤의 목소리는 곡의 전개에서 중요한 역할을 하며, 제례악의 특성을 잘 살려내고 있다.","Yonggwangjeongmyeong, part of the Jongmyo Jeryeak, is a type of court music that falls under the category of Jeongak, effectively showcasing the characteristics of ritual music while commemorating the virtues of King Taejong and Queen Won-gyeong, as well as praising the merits of their ancestors. This piece is a culmination of two originally separate compositions, 'Yonggwang' and 'Jeongmyeong,' which have been combined into a single work that plays a significant role in the ritual ceremony. The male vocalist Kim Daeyun expresses the melody with a profound voice, conveying the meaning of the piece through traditional singing techniques. His vocalization is stable, and he employs appropriate embellishments to enhance the development of the music. Kim Daeyun's vocal range is adjusted according to the flow of the piece, with the length and spacing of his breaths seamlessly connecting to create a sense of rhythm. This flow of breath harmonizes with the overall structure of the composition, and his control of breath at the concluding section contributes to the piece's overall completeness. Kim Daeyun's voice plays a crucial role in the progression of the piece, effectively embodying the characteristics of ritual music.","천자방제 방인우황 성고입주 충성이창
미우천자 혁재용광 사제성모 극배건강
감정궐란 찬모윤장 의여정명 계우무강
천자방제 방인우황 성고입주 충성이창
미우천자 혁재용광 사제성모 극배건강
감정궐란 찬모윤장 의여정명 계우무강",천자방제 / 방인우황 / 성고입주 / 충성이창 / 미우천자 / 혁재용광 / 사제성모 / 극배건강 / 감정궐란 / 찬모윤장 / 의여정명 / 계우무강 / 천자방제 / 방인우황 / 성고입주 / 충성이창 / 미우천자 / 혁재용광 / 사제성모 / 극배건강 / 감정궐란 / 찬모윤장 / 의여정명 / 계우무강,24.0,327.02
KC_TM_JC_GJ_S000087,정가,정악,궁중음악,제례악,종묘제례악 중 역성,김대윤,남창,F / Dm,,1/4,40.0,"다이내믹한(2), 에너지 넘치는(2), 감상적인(1), 경쾌한(1), 마음을 울리는(1), 사색적인(1), 생기 있는(1), 서사적인(1), 신나는(1), 쓸쓸한(1), 엄숙한(1), 여유로운(1), 영웅적인(1), 잔잔한(1), 장엄한(1), 진심 어린(1), 평온한(1), 품위 있는(1), 활기찬(1)","머금은 듯한(2), 묵직한(2), 단단한(1), 담백한(1), 매끄러운(1), 비강 울림이 있는(1), 뻗어 나가는(1), 쇳소리 나는(1), 시원한(1), 직진의(1), 청아한(1), 힘 있는(1)","역성은 종묘제례악의 마지막 곡으로, 초헌례를 마친 후 헌관이 나갈 때 연주되는 인출곡이다. 이 곡은 조상의 위업을 계승하고 태평성대를 이어가겠다는 의지를 담고 있으며, 제례악의 특성을 잘 드러내는 정악 > 궁중음악의 일환이다. 남창 가창자 김대윤의 목소리는 이 곡을 이끌어가는 핵심 요소로, 그의 발성은 조화로운 음역을 통해 전통적인 창법을 충실히 반영한다. 김대윤은 고유의 시김새를 활용하여 멜로디를 섬세하게 표현하며, 각 음절에 대한 명확한 발음과 함께 창법의 전통적인 기법을 잘 살린다. 성량은 곡의 흐름에 따라 유동적으로 조절되며, 호흡은 긴장감과 안정감을 동시에 제공한다. 그의 호흡은 곡의 리듬감에 맞춰 자연스럽게 이어지며, 각 음의 시작과 끝을 매끄럽게 연결하여 청중에게 깊은 여운을 남긴다. 마무리 부분에서는 호흡의 흐름이 곡의 결말을 장식하며, 제례악으로서의 완성도를 높이는 역할을 한다. 이러한 요소들은 역성이 단순한 곡이 아닌, 전통적인 가치와 의미를 지닌 중요한 음악임을 잘 보여준다.","Yeokseong is the final piece of the Jongmyo Jeryeak, performed as the officiant exits after completing the first offering ceremony. This composition embodies the determination to inherit the achievements of ancestors and to continue an era of peace and prosperity, showcasing the characteristics of ritual music as a part of Jeongak, or court music. The voice of the male singer Kim Dae-yun is a key element that drives this piece, with his vocalization faithfully reflecting traditional singing techniques through a harmonious range. Kim Dae-yun employs unique vocal embellishments to express the melody delicately, articulating each syllable clearly while effectively utilizing traditional methods of singing. His vocal volume is dynamically adjusted according to the flow of the piece, with his breath providing both tension and stability. His breathing naturally aligns with the rhythm of the music, smoothly connecting the beginnings and endings of each note, leaving a profound resonance with the audience. In the concluding section, the flow of breath adorns the piece's finale, enhancing its completeness as ritual music. These elements collectively demonstrate that Yeokseong is not merely a simple composition, but an important work imbued with traditional values and meaning.","세덕작구 솔유미공 광천태평 예악방륭
좌약우적 왈기구변 식소광렬 진미진선
세덕작구 솔유미공 광천태평 예악방륭
좌약우적 왈기구변 식소광렬 진미진선
세덕작구 솔유미공 광천태평 예악방륭
좌약우적 왈기구변 식소광렬 진미진선",세덕작구 / 솔유미공 / 광천태평 / 예악방륭 / 좌약우적 / 왈기구변 / 식소광렬 / 진미진선 / 세덕작구 / 솔유미공 / 광천태평 / 예악방륭 / 좌약우적 / 왈기구변 / 식소광렬 / 진미진선 / 세덕작구 / 솔유미공 / 광천태평 / 예악방륭 / 좌약우적 / 왈기구변 / 식소광렬 / 진미진선,24.0,264.02
KC_TM_JC_GJ_S000088,정가,정악,궁중음악,제례악,종묘제례악 중 소무,홍창남,남창,Eb / Cm,,1/4,40.0,"진지한(3), 불가사의한(2), 엄숙한(2), 잔잔한(2), 절제된(2), 감상적인(1), 부드러운(1), 불안한(1), 신비로운(1), 어두운(1), 열정적인(1), 우울감 있는(1), 웅대한(1), 평온한(1)","걸쭉한(2), 묵직한(2), 진한(2), 거친(1), 공명감 있는(1), 긁히는(1), 두터운(1), 머금은 듯한(1), 밀도 있는(1), 뻗어 나가는(1), 안쪽에서 울리는(1), 울리는(1)","소무는 종묘제례악 '정대업'의 첫 번째 곡으로, 조상의 무공을 찬양하며 정대업 연주의 시작을 알리는 웅장하고 위엄 있는 제례악이다. 이 곡은 정악의 일환으로 궁중음악의 특징을 잘 드러내며, 아헌례와 종헌례 때 헌관이 들어올 때 연주되는 인입곡으로서 그 의례적 중요성이 크다. 남창 가창자 홍창남의 목소리는 이 곡의 중심에서 중요한 역할을 한다. 그의 발성은 전통적인 창법에 충실하며, 시김새의 사용이 돋보인다. 각 음절을 정교하게 표현하면서도, 힘 있는 성량으로 곡의 웅장함을 강조한다. 호흡은 안정적이며, 곡의 흐름에 맞춰 적절히 조절되어 긴장감을 유지한다. 홍창남은 멜로디를 이끌어가며, 각 구절에서의 시김새와 호흡의 조화로 곡의 전반적인 리듬감을 형성한다. 그의 목소리는 곡의 마무리에서 여운을 남기며, 제례악으로서의 완성도를 더욱 높인다.","The ""Somu"" is the first piece of the Jongmyo Jeryeak ""Jeongdaeeop,"" a grand and majestic ritual music that praises the martial achievements of ancestors and signifies the commencement of the Jeongdaeeop performance. This piece, as part of the Jeongak repertoire, distinctly showcases the characteristics of court music and holds significant ceremonial importance as it is performed when the officiant enters during the Aheonrye and Jongheonrye rites. The voice of the male vocalist Hong Chang-nam plays a crucial role at the center of this piece. His vocalization adheres faithfully to traditional singing methods, with notable use of ""sigimsae"" (ornamentation). While expressing each syllable with precision, he emphasizes the grandeur of the piece with a powerful vocal quality. His breath control is stable and appropriately adjusted to maintain tension in accordance with the flow of the music. Hong Chang-nam leads the melody, and the harmony of ornamentation and breath in each phrase contributes to the overall rhythmic feel of the piece. His voice leaves a lingering resonance at the conclusion, further enhancing the completeness of the ritual music.","천권아열성 계세소성무 서양무경렬	시용가차무
천권아열성 계세소성무 서양무경렬	시용가차무",천권아열성애 / 계세소애성애무애 / 서양무경렬애 / 시용애가차무애 / 천권아열성애 / 계세소애성애무애 / 서양무경렬애 / 시용애가차무애,8.0,250.54
KC_TM_JC_GJ_S000089,정가,정악,궁중음악,제례악,종묘제례악 중 정세,이동영,남창,Eb / Cm,,1/4,50.0,"표현적인(3), 강력한(2), 다이내믹한(2), 불가사의한(2), 에너지 넘치는(2), 활기찬(2), 경쾌한(1), 긴장감 넘치는(1), 부드러운(1), 생기 있는(1), 신비로운(1), 엄숙한(1), 영웅적인(1), 장엄한(1), 진지한(1), 편안한(1), 해학적인(1)","단단한(2), 콧소리 나는(2), 거친(1), 깨끗한(1), 담백한(1), 뻗어 나가는(1), 역동적인(1), 울리는(1), 직진의(1), 진한(1), 탁 트인(1)","정세는 정악의 일종으로 궁중음악에 속하는 제례악으로, 태종의 무공을 기리는 내용을 담고 있다. 이 곡은 아헌례와 종헌례 때 헌가에서 연주되며, 세종 시대의 '탁령'을 개작한 것으로, 난세를 평정하고 세상을 맑게 했다는 의미를 지닌다. 남창 가창자 이동영의 목소리는 이 곡의 중심을 이루며, 그의 발성은 전통적인 창법을 잘 보여준다. 이동영은 명확한 음절 발음과 함께 전통적인 시김새를 적절히 사용하여 멜로디를 표현한다. 그의 성량은 강하게 발산되며, 호흡의 흐름이 곡의 전개를 자연스럽게 이끌어간다. 특히, 이동영은 각 음을 이어주는 방식에서 섬세한 호흡 조절을 통해 리듬감을 잘 살리고, 곡의 긴장감을 유지한다. 곡의 마무리에서는 그의 호흡이 여운을 남기며, 전체적인 장르적 완성도를 높이는 데 기여한다. 이동영의 가창은 곡의 주제를 효과적으로 전달하며, 정세의 의도와 감성을 깊이 있게 표현한다.","Jeongse is a type of jeongak, belonging to court music and categorized as ritual music, which commemorates the martial achievements of King Taejong. This piece is performed during the Aheonrye and Jongheonrye ceremonies, and it is a rearrangement of the 'Taknyeong' from the Sejong era, symbolizing the pacification of chaotic times and the clarification of the world. The voice of the male vocalist Lee Dong-yeong serves as the centerpiece of this piece, showcasing traditional singing techniques effectively. Lee Dong-yeong articulates the lyrics with clear syllable pronunciation while appropriately employing traditional vocal embellishments to express the melody. His vocal power resonates strongly, and the flow of his breath naturally guides the progression of the piece. Notably, Lee Dong-yeong maintains a sense of rhythm and tension through delicate breath control that connects each note. In the conclusion of the piece, his breath leaves a lingering resonance, contributing to the overall genre's completeness. Lee Dong-yeong's singing effectively conveys the theme of the piece, deeply expressing the intent and emotions of Jeongse.","피고신 선화기 아황고 극병기 신모정 세이정
피고신 선화기 아황고 극병기 신모정 세이정
피고신 선화기 아황고 극병기 신모정 세이정
피고신 선화기 아황고 극병기 신모정 세이정",피고신 애선화기 / 애아황고 애극병기 / 신모정 세이정애 / 피고신 애선화기 / 애아황고 애극병기 / 신모정 세이정애 / 피고신 애선화기 / 애아황고 애극병기 / 신모정 세이정애 / 피고신 애선화기 / 애아황고 애극병기 / 신모정 세이정애,12.0,265.22
KC_TM_JC_GJ_S000090,정가,정악,궁중음악,제례악,종묘제례악 중 기명,김대윤,남창,F / Dm,,1/4,40.0,"기품 있는(2), 명랑한(2), 신비로운(2), 향수 어린(2), 그리운(1), 다정한(1), 마음을 울리는(1), 몽환적인(1), 부드러운(1), 생기 있는(1), 아정한(1), 애절한(1), 애정 어린(1), 엄숙한(1), 에너지 넘치는(1), 의례적인(1), 잔잔한(1), 장엄한(1), 진지한(1), 차분한(1), 활기찬(1)","단단한(2), 담백한(2), 뻗어 나가는(2), 울리는(2), 정제된(2), 힘 있는(2), 걸쭉한(1), 공명감 있는(1), 두터운(1), 매끄러운(1), 밀도 있는(1), 시원한(1), 유연한(1), 직진의(1), 진한(1)","종묘제례악 중 기명은 정악의 한 갈래로서 궁중음악의 대표적인 제례악에 속한다. 이 곡은 목조가 왕업의 기초를 다진 업적을 기리기 위해 만들어졌으며, 세종 대에 개작된 '계우'를 바탕으로 한다. 곡의 주제는 왕실의 기원을 노래하며, 엄숙한 분위기를 자아내는 것이 특징이다. 남창 가창자 김대윤의 목소리는 이 곡의 중심을 이루며, 그의 발성은 전통적인 창법을 잘 보여준다. 김대윤은 곡의 멜로디를 명확하게 표현하며, 시김새를 적절히 사용하여 곡의 의미를 전달한다. 그의 성량은 안정적이며, 호흡 조절이 뛰어나 곡의 흐름을 매끄럽게 이어간다. 특히, 김대윤의 호흡은 노래의 각 구절을 자연스럽게 연결하며, 리듬감 또한 잘 살려준다. 곡의 마무리에서는 그의 호흡이 여운을 남기며, 제례악으로서의 장르적 완성도를 높이는 데 기여한다. 전체적으로 김대윤의 가창은 기명의 엄숙한 주제를 효과적으로 전달하며, 전통의 깊이를 느끼게 한다.","Gimyeong, a part of Jongmyo Jeryeak, belongs to the genre of Jeongak and is representative of court music used in rituals. This piece was created to honor the achievements of the founding monarch, and it is based on the 'Gyeou' that was revised during the reign of King Sejong. The theme of the piece sings of the royal lineage, characterized by a solemn atmosphere. The voice of the male vocalist Kim Daeyun forms the centerpiece of this piece, showcasing traditional singing techniques effectively. Kim Daeyun expresses the melody clearly and uses vocal embellishments appropriately to convey the meaning of the piece. His vocal strength is stable, and his breath control is excellent, allowing for a smooth flow throughout the composition. Notably, Kim Daeyun's breath connects each phrase of the song naturally while also enhancing the sense of rhythm. In the conclusion of the piece, his breath leaves a lingering resonance, contributing to the genre's overall completeness as a ritual music. Overall, Kim Daeyun's singing effectively communicates the solemn theme of Gimyeong, allowing listeners to feel the depth of tradition.","오황성목 부해사경 귀부일중 기아영명
오황성목 부해사경 귀부일중 기아영명
오황성목 부해사경 귀부일중 기아영명
오황성목 부해사경 귀부일중 기아영명",오황애성애목 / 부해애사애경 / 귀부일애중 / 기아영애명 / 오황애성애목 / 부해애사애경 / 귀부일애중 / 기아영애명 / 오황애성애목 / 부해애사애경 / 귀부일애중 / 기아영애명 / 오황애성애목 / 부해애사애경 / 귀부일애중 / 기아영애명,16.0,333.02
KC_TM_JC_GJ_S000091,정가,정악,궁중음악,제례악,종묘제례악 중 진찬,이동영,남창,F / Dm,,1/4,60.0,"절제된(3), 여유로운(2), 품위 있는(2), 강한(1), 경쾌한(1), 기품 있는(1), 마음을 울리는(1), 몽환적인(1), 신비로운(1), 에너지 넘치는(1), 영감을 주는(1), 영웅적인(1), 의례적인(1), 장엄한(1), 진심 어린(1), 차분한(1), 평화로운(1)","묵직한(3), 콧소리 나는(3), 거친(2), 단단한(2), 담백한(2), 밀도 있는(2), 공명감 있는(1), 깨끗한(1), 비강 울림이 있는(1), 뻗어 나가는(1), 울리는(1), 직진의(1), 진한(1)","풍안지악은 종묘제례의 진찬례에서 연주되는 음악으로, 제례의 격식을 높이는 역할을 하는 정악 > 궁중음악의 일종이다. 이 곡은 당악 계열의 7음 음계를 사용하며, 일무 없이 음악만으로 구성되어 제례의 의미를 더욱 깊게 전달한다. 남창 가창자 이동영의 목소리는 이 곡을 이끌어가는 중심적인 요소로 작용한다. 그의 발성은 정통적인 남창의 기법을 바탕으로 하여, 명확한 음정과 함께 시김새를 적절히 활용하여 멜로디를 표현한다. 이동영은 곡의 흐름에 따라 호흡을 조절하며, 각 음절이 자연스럽게 이어지도록 하여 청중에게 안정감을 주는 동시에 긴장감을 유지한다. 그의 성량은 곡의 전개에 따라 유연하게 변화하며, 고음과 저음 사이의 조화로운 전환이 돋보인다. 또한, 시김새의 사용은 전통적인 창법의 특성을 잘 살리며, 각 음이 갖는 의미를 더욱 강조한다. 전반적으로 이동영의 호흡은 곡의 리듬감과 잘 어우러져, 제례악 특유의 엄숙함을 유지하면서도 음악적 완성도를 높인다. 그의 호흡은 곡의 마무리에 이르러, 자연스럽게 여운을 남기며 청중에게 깊은 인상을 남긴다.","Punganjiyak is a type of jeongak performed during the jinchangrye of the Jongmyo Jerye, serving to elevate the formality of the ritual. This piece utilizes a seven-note scale from the dangak genre and is composed solely of music without accompanying dance, thereby conveying the meaning of the ritual more profoundly. The voice of the male vocalist Lee Dong-young acts as a central element that drives this piece. His vocal technique is based on traditional namchang methods, expressing the melody with clear pitch and appropriate use of sigimsae. Lee Dong-young adjusts his breath according to the flow of the piece, ensuring that each syllable connects naturally, providing the audience with a sense of stability while maintaining tension. His vocal volume flexibly changes with the progression of the piece, showcasing harmonious transitions between high and low notes. Additionally, the use of sigimsae effectively highlights the characteristics of traditional singing, further emphasizing the meaning of each note. Overall, Lee Dong-young's breath harmonizes well with the rhythm of the piece, maintaining the solemnity unique to ritual music while enhancing its musical completeness. As the piece concludes, his breath leaves a lingering resonance, leaving a deep impression on the audience.","집찬척척 등아조두 조두기등 악차화주 필분효사 유신기우
집찬척척 등아조두 조두기등 악차화주 필분효사 유신기우
집찬척척 등아조두 조두기등 악차화주 필분효사 유신기우",집찬척척 등아 / 애조두 조애두기애 등 / 악애 차애 화애 / 주 필애 분애 효 / 사 유애 신애 기애 우 / 집찬척척 등아 / 애조두 조애 두기애 등 / 악애 차애 화애 / 주 필애 분애 효 / 사 유애 신애 기애 우 / 집찬척척 등아 / 애조두 조애 두기애 등 / 악애 차애 화애 / 주 필애 분애 효 / 사 유애 신애 기애 우,15.0,264.02
KC_TM_JC_GJ_S000092,정가,정악,궁중음악,제례악,종묘제례악 중 독경,홍창남,남창,Eb / Cm,,1/4,40.0,"진지한(2), 강력한(1), 강한(1), 긴장감 넘치는(1), 낭만적인(1), 따뜻한(1), 몽환적인(1), 부드러운(1), 생기 있는(1), 시적인(1), 신비로운(1), 에너지 넘치는(1), 영웅적인(1), 유려한(1), 절제된(1), 평온한(1), 표현적인(1), 품위 있는(1), 향토적인(1)","단단한(3), 힘 있는(2), 걸쭉한(1), 담백한(1), 머금은 듯한(1), 묵직한(1), 뻗어 나가는(1), 울리는(1), 유연한(1), 직진의(1), 진한(1)","종묘제례악 중 독경은 정악의 궁중음악 장르에 속하는 곡으로, 제례악의 특징이 잘 드러나는 작품이다. 이 곡은 종묘제례악 '정대업'의 두 번째 곡으로, '보태평'의 '기명'을 계면조로 변주하여 목조의 왕업을 노래하는 내용이다. 아헌례와 종헌례 때 헌가에서 연주되며, 평조인 기명과는 다른 비장미가 느껴지는 곡이다. 남창 가창자 홍창남의 목소리는 이 곡의 핵심적인 요소로, 그의 발성과 시김새는 전통적인 창법의 특성을 잘 살린다. 홍창남은 고유의 기교를 통해 멜로디를 표현하며, 각 음의 길이와 강세를 조절하여 곡의 흐름을 자연스럽게 이끌어간다. 그의 성량은 곡의 전개에 깊이를 더하며, 호흡은 안정적이고 지속적이다. 이러한 호흡은 곡의 리듬감과 긴장감을 조절하며, 가창자가 멜로디를 더욱 풍부하게 만드는 데 기여한다. 홍창남의 목소리는 곡의 전체적인 구조와 조화를 이루며, 마무리 부분에서는 호흡의 마무리가 곡의 완성도를 높이는 중요한 역할을 한다. 이처럼 그의 가창은 독경의 전통적인 아름다움을 잘 전달하며, 제례악의 의미를 깊이 있게 표현한다.","The ""Dokgyeong"" within the Jongmyo Jeryeak is a piece belonging to the genre of Jeongak, which is characterized by its ceremonial music features. This composition is the second piece of the Jongmyo Jeryeak ""Jeongdaeeop,"" and it varies the melody of ""Gimyeong"" from ""Botaepyeong"" into a Gyeongmyeonjo, singing about the royal achievements of the Joseon dynasty. It is performed during the Aheunrye and Jongheonrye ceremonies, and it conveys a sense of solemnity that differs from the straightforward Gimyeong. The voice of the male vocalist Hong Chang-nam is a crucial element of this piece, as his vocalization and ornamentation effectively embody the characteristics of traditional singing techniques. Through his unique artistry, Hong expresses the melody while skillfully adjusting the length and emphasis of each note, guiding the flow of the piece naturally. His vocal power adds depth to the development of the composition, and his breath control is stable and sustained. This breath management regulates the rhythmic feel and tension of the piece, contributing to a richer melodic expression. Hong Chang-nam's voice harmonizes with the overall structure of the composition, and in the concluding section, the resolution of his breath plays a significant role in enhancing the piece's completeness. In this way, his singing beautifully conveys the traditional elegance of the Dokgyeong and profoundly expresses the significance of ceremonial music.","오황성목 건아우삭 휼독기경 조아왕적
오황성목 건아우삭 휼독기경 조아왕적
오황성목 건아우삭 휼독기경 조아왕적",오황애성애목 / 건아애우애삭 / 휼독기경 / 조아왕애적 / 오황애성애목 / 건아애우애삭 / 휼독기경 / 조아왕애적 / 오황애성애목 / 건아애우애삭 / 휼독기경 / 조아왕애적,12.0,256.54
KC_TM_JC_GJ_S000093,정가,정악,궁중음악,제례악,종묘제례악 중 선위,이동영,남창,Eb / Cm,,1/4,50.0,"다이내믹한(2), 불가사의한(2), 강렬한(1), 강한(1), 긴장감 넘치는(1), 긴장된(1), 드라마틱한(1), 불안한(1), 사색적인(1), 어두운(1), 에너지 넘치는(1), 영웅적인(1), 의례적인(1), 장엄한(1), 진심 어린(1), 진지한(1), 침울한(1), 품위 있는(1)","단단한(2), 긁히는(1), 날 선(1), 날카로운(1), 두터운(1), 묵직한(1), 밝은(1), 비강 울림이 있는(1), 뻗어 나가는(1), 쇳소리 나는(1), 시원한(1), 울리는(1), 직진의(1), 화사한(1)","종묘제례악 중 선위는 정악의 일종으로, 궁중음악의 제례악에 속하는 곡이다. 이 곡은 태조의 무공을 찬양하며, 국가의 위엄을 노래하는 내용을 담고 있다. 아헌례와 종헌례에서 헌가로 연주되며, 세종 시대에 개작된 '혁정'을 바탕으로 하고 있다. 남창 가창자 이동영의 목소리는 이 곡의 주된 요소로, 그의 발성이 곡의 흐름을 이끌어가는 중요한 역할을 한다. 이동영은 남창의 특성에 맞춰 깊이 있는 발음을 통해 가사를 전달하며, 시김새를 적절히 활용하여 전통적인 창법을 잘 표현한다. 그의 성량은 곡의 긴장감을 조절하며, 호흡은 안정적이고 규칙적으로 이어져 곡의 구조적 완성도를 높인다. 이동영의 호흡이 곡의 마무리를 장식하는 방식은 청중에게 여운을 남기며, 곡의 전체적인 리듬감과 흐름을 더욱 풍부하게 만든다. 이러한 요소들은 제례악이라는 장르의 특성을 잘 드러내며, 전통 음악의 깊이를 느끼게 한다.","Seonwi, part of the Jongmyo Jeryeak, is a type of Jeongak that belongs to the ceremonial music of the royal court. This piece praises the martial achievements of King Taejo and conveys the dignity of the nation. It is performed as a ceremonial offering during the Aheonrye and Jongheonrye rites and is based on the 'Hyeokjeong' that was revised during the reign of King Sejong. The voice of the male vocalist Lee Dong-young is a key element of this piece, as his vocalization plays an important role in guiding the flow of the music. Lee Dong-young delivers the lyrics with a profound pronunciation suited to the characteristics of male vocal performance, effectively utilizing the traditional ornamentation to express the singing style. His vocal range adjusts the tension of the piece, while his breathing remains stable and regular, enhancing the structural completeness of the composition. The way Lee Dong-young's breath adorns the conclusion of the piece leaves a lingering impression on the audience, enriching the overall sense of rhythm and flow. These elements distinctly showcase the characteristics of the genre of ceremonial music and evoke a deep appreciation for traditional music.","자려실어 외모교치 도이종서 납구자휴
홍건포효 원여비희 얼승발호 호괴육량
오황성조 신무탄양 재선천위 혁혁당당
자려실어 외모교치 도이종서 납구자휴
홍건포효 원여비희 얼승발호 호괴육량
오황성조 신무탄양 재선천위 혁혁당당",자려실어 외모 / 교치 도이애종 / 애서 납구자휴 / 홍건포효 원 / 여비구희 애얼승발 / 애호 호괴애육애량 / 오황성조 / 신무탄애양 애영재 / 선천위 혁혁당당 / 자려실어 외모 / 교치 도이애종 / 애서 납구자휴 / 홍건포효 원 / 여비구희 애얼승발 / 애호 호괴애육애량 / 오황성조 / 신무탄애양 애영재 / 선천위 혁혁당당,18.0,349.82
KC_TM_JC_PR_S000094,정가,정악,풍류음악,가곡,남창가곡 우조 우편 (봉황대상),홍창남,남창,G / Em,10점10박(편장단),30/8,180.0,"에너지 넘치는(4), 경쾌한(2), 감상적인(1), 기품 있는(1), 신나는(1), 애절한(1), 엄숙한(1), 영웅적인(1), 웅대한(1), 유려한(1), 장엄한(1), 조화로운(1), 진지한(1), 평온한(1), 품위 있는(1), 향토적인(1), 희망적인(1)","단단한(3), 묵직한(3), 담백한(1), 두터운(1), 밀도 있는(1), 쇳소리 나는(1), 시원한(1), 울리는(1), 정제된(1), 직진의(1), 진한(1), 콧소리 나는(1)","남창 가곡 우조 우편은 정악의 풍류음악 장르에 속하는 곡으로, 가곡의 특징이 잘 드러나는 작품이다. 이 곡은 장형시조를 10박 편장단으로 촘촘히 엮어 부르는 우조 곡으로, 씩씩하고 호방한 맛이 일품이다. '봉황대상'과 같은 시조를 노랫말로 주로 사용하며, 가곡 한바탕을 마무리할 때 편락 대신 부르기도 한다. 남창 가창자 홍창남의 목소리는 이 곡을 에너지 넘치는 분위기로 이끌어간다. 그의 발성은 힘차고 안정적이며, 시김새를 통해 곡의 감정을 풍부하게 표현한다. 성량이 뛰어나며, 각 음절을 명확하게 전달하면서도 유연하게 멜로디를 구사한다. 호흡은 곡의 흐름에 맞춰 적절하게 조절되며, 긴 구절을 소화하는 데 있어 안정감을 준다. 10점10박 편장단의 리듬 위에서 홍창남은 자연스럽게 흐름을 타며, 곡의 긴장감과 해소를 조화롭게 이끌어낸다. 그의 호흡은 곡의 마무리를 장식하며, 전체적인 장르적 완성도를 높이는 데 기여한다.","The male vocal genre of Gagok in the Ujo mode belongs to the traditional court music category known as Jeongak, and it is a work that distinctly showcases the characteristics of Gagok. This piece is sung in the Ujo style, intricately woven with a ten-beat Pyeonjangdan, exuding a vigorous and grand flavor. It primarily utilizes lyrics from Sijo such as ""Bonghwangdaesang,"" and it may be performed in place of Pyeollak at the conclusion of a Gagok performance. The voice of male vocalist Hong Chang-nam leads this piece with an energetic atmosphere. His vocalization is powerful and stable, richly expressing the emotions of the piece through ornamentation. He possesses an excellent vocal range, clearly articulating each syllable while flexibly navigating the melody. His breath control is appropriately adjusted to match the flow of the piece, providing stability in handling long phrases. Over the rhythm of the ten-beat Pyeonjangdan, Hong Chang-nam naturally rides the flow, harmoniously guiding the tension and resolution of the piece. His breath adorns the conclusion of the work, contributing to the overall genre's completeness.","봉황대상 봉황유러니 봉거대공 강자류로다
오궁 화초 매유경이요 진대 의관 성고구라 삼산은 반락 청천외요 이수중분 백로주로다
총위부운 능폐일허니 장안을 불견 사인수를 허더라
봉황대상 봉황유러니 봉거대공 강자류로다
오궁 화초 매유경이요 진대 의관 성고구라 삼산은 반락 청천외요 이수중분 백로주로다
총위부운 능폐일허니 장안을 불견 사인수를 허더라",봉황대상 봉황유러니 / 봉거대공 강자류로다 / 오궁 화초 매유경이요 진대 의관 / 성고구라 삼산은 반락 / 청천외요 이수중분 / 백로주로다 / 총위부운 능폐일허니 / 장안을 불견 / 사인수를 허더라 / 봉황대상 봉황유러니 / 봉거대공 강자류로다 / 오궁 화초 매유경이요 진대 의관 / 성고구라 삼산은 반락 / 청천외요 이수중분 / 백로주로다 / 총위부운 능폐일허니 / 장안을 불견 / 사인수를 허더라,18.0,282.02
KC_TM_JC_PR_S000095,정가,정악,풍류음악,가곡,남창가곡 계면조 편수대엽 (진국명산),홍창남,남창,C / Am,10점10박(편장단),30/8,180.0,"기품 있는(3), 웅대한(2), 유려한(2), 감상적인(1), 관능적인(1), 그루브감 있는(1), 다이내믹한(1), 명상적인(1), 부드러운(1), 생기 있는(1), 신비로운(1), 쓸쓸한(1), 애절한(1), 엄숙한(1), 영웅적인(1), 잔잔한(1), 품위 있는(1)","걸쭉한(2), 머금은 듯한(2), 묵직한(2), 비강 울림이 있는(2), 담백한(1), 두터운(1), 울리는(1), 콧소리 나는(1), 힘 있는(1)","남창가곡 계면조 편수대엽은 정악 중 풍류음악에 속하는 곡으로, 가곡의 특징이 잘 드러나는 작품이다. 이 곡은 '편잦은한잎'이라는 이름으로도 알려져 있으며, 가사가 많은 사설을 10박 장단에 촘촘히 엮어 부르는 형식으로 구성되어 있다. 이 곡에서 남창 가창자 홍창남의 목소리는 곡의 주된 흐름을 이끌어가는 중요한 요소로 작용한다. 홍창남은 성량을 충분히 활용하여 가사를 명확하게 전달하며, 창법에서 시김새를 적절히 사용하여 곡의 리듬감을 강조한다. 그의 발성은 안정적이며, 호흡 조절이 뛰어나서 긴 가사 구간에서도 일관된 음량을 유지한다. 또한, 10점10박의 편장단 위에서 홍창남은 리드미컬하게 흐름을 타며, 각 음절을 뚜렷하게 구분하여 청중이 가사의 의미를 쉽게 이해할 수 있도록 돕는다. 곡의 마무리 부분에서는 호흡을 조절하여 자연스럽고 부드러운 끝맺음을 이루며, 이러한 요소들이 곡의 전체적인 완성도를 높이는 데 기여한다.","The male vocal piece ""Gye-myeon-jo Pyeonsudaeyeop"" belongs to the genre of Jeongak, specifically within the realm of Pungnyu music, and it is a work that distinctly showcases the characteristics of Gagok. This piece is also known by the name ""Pyeonjat-eunhan-ip,"" and it is structured in a format that intricately weaves together a substantial amount of lyrics within a 10-beat Jangdan. In this piece, the voice of the male vocalist Hong Chang-nam serves as a crucial element that drives the main flow of the composition. Hong Chang-nam effectively utilizes his vocal range to clearly convey the lyrics, employing appropriate vocal techniques to emphasize the rhythmic quality of the piece. His vocalization is stable, and his breath control is exceptional, allowing him to maintain a consistent volume even during extended lyrical passages. Moreover, over the 10-beat Jangdan, Hong Chang-nam rhythmically navigates the flow, distinctly articulating each syllable to aid the audience in easily grasping the meaning of the lyrics. In the concluding section of the piece, he manages his breath to achieve a natural and smooth finish, and these elements collectively contribute to enhancing the overall completeness of the work.","진국명산 만장봉이 청천삭출금부용이라
거벽은 흘립허여 북주삼각이요 기암은 두기허여 남안잠뒤로다 좌룡낙산 우호인왕 서색은 반공응상궐이요 숙기는 종영출인걸허니 미재라 아동산하지고여 성대의관 태평문물이 만만세지금탕이로다
연풍코 국태민안허여 구추 황국 단풍절에 인유이봉무커늘 면악등림허여 취포반환허오면서 감격군은이샀다",진국명산 만장봉이 / 청천삭출금부용이라 / 거벽은 흘립허여 북주삼각이요 / 기암은 두기허여 남안잠뒤로다 / 좌룡낙산 우호인왕 서색은 반공응상궐이요 / 숙기는 종영출인걸허니 미재라 아동산하지고여 / 성대의관 태평문물이 만만세지금탕이로다 / 연풍코 / 국태민안허여 구추 황국 / 단풍절에 인유이봉무커늘 / 면악등림허여 취포반환허오면서 / 감격군은이샀다,12.0,234.02
KC_TM_JC_PR_S000096,정가,정악,풍류음악,가곡,여창가곡 계면조 편수대엽 (모란은),김희영,여창,Ab / Fm,10점10박(편장단),30/8,180.0,"사색적인(3), 몽환적인(2), 우아한(2), 차분한(2), 가볍고 신비로운(1), 기품 있는(1), 단아한(1), 드라마틱한(1), 따뜻한(1), 부드러운(1), 잔잔한(1), 절제된(1), 표현적인(1), 향수 어린(1), 환상적인(1)","청아한(3), 맑은(2), 여린(2), 가는(1), 날카로운(1), 매끄러운(1), 밀도 있는(1), 밝은(1), 섬세한(1), 울리는(1), 유연한(1), 콧소리 나는(1)","여창가곡 계면조 편수대엽은 정악의 풍류음악 장르에 속하는 곡으로, 가사 글자 수가 많은 사설을 10박 장단에 맞춰 촘촘히 엮어 부르는 특징이 있다. 이 곡은 남녀창 모두가 부를 수 있지만, 여창 가객 김희영의 목소리가 이 곡을 이끌어가는 방식이 특히 두드러진다. 김희영은 발성을 통해 음의 높낮이를 자유롭게 조절하며, 각 구절의 시김새를 섬세하게 표현하여 가사의 의미를 더욱 부각시킨다. 그녀의 성량은 곡의 전체적인 흐름을 안정적으로 유지하며, 각 음절을 정확하게 전달하는 데 중점을 둔다. 호흡은 긴 구절을 이어가는 데 필요한 에너지를 제공하며, 김희영은 호흡의 조절을 통해 곡의 리듬과 감정을 자연스럽게 이어간다. 10점10박(편장단)의 리듬 위에서 그녀는 곡의 흐름을 타며, 각 박자에 맞춰 음을 조절하여 경쾌한 느낌을 살린다. 김희영의 호흡은 곡의 마무리 부분에서 중요한 역할을 하며, 리듬의 흐름을 마무리 짓는 데 기여하여 장르적 완성도를 높인다.","The female vocal piece ""Gye-myeon-jo Pyeonsudaeyeop"" belongs to the genre of Jeongak, which is characterized by its elegant musical style. This composition features a large number of lyrics intricately woven together to fit a ten-beat Jangdan. While both male and female singers can perform this piece, the interpretation by female vocalist Kim Hee-young is particularly prominent. Through her vocal technique, Kim Hee-young skillfully adjusts the pitch and delicately expresses the nuances of each phrase, thereby enhancing the meaning of the lyrics. Her vocal range maintains a stable overall flow of the piece, focusing on the precise delivery of each syllable. Her breath provides the necessary energy to sustain long phrases, and she seamlessly connects the rhythm and emotions of the piece through breath control. Riding on the rhythm of 10jeom10bak (Pyeon Jangdan), she adjusts her pitch to create a lively atmosphere. In the concluding section of the piece, Kim Hee-young's breath plays a crucial role, contributing to the resolution of the rhythmic flow and elevating the overall artistic quality of the genre.","모란은 화중왕이요 향일화는 충신이로다
연화는 군자요 행화 소인이라 국화는 은일사요 매화 한사로다 박꽃은 노인이요 석죽화는 소년이라 규화 무당이요 해당화는 창녀이로다
이중에 이화 시객이요 홍도 벽도 삼색도는 풍류랑인가 하노라
모란은 화중왕이요 향일화는 충신이로다
연화는 군자요 행화 소인이라 국화는 은일사요 매화 한사로다 박꽃은 노인이요 석죽화는 소년이라 규화 무당이요 해당화는 창녀이로다
이중에 이화 시객이요 홍도 벽도 삼색도는 풍류랑인가 하노라",모란은 / 화중왕이요 / 향일화는 / 충신이로다 / 연화는 군자요 / 행화 소인이라 국화는 은일사요 / 매화 한사로다 박꽃은 노인이요 / 석죽화는 소년이라 / 규화 무당이요 / 해당화는 창녀이로다 / 이중에 / 이화 시객이요 / 홍도 벽도 삼색도는 / 풍류랑인가 하노라 / 모란은 / 화중왕이요 / 향일화는 / 충신이로다 / 연화는 군자요 / 행화 소인이라 국화는 은일사요 / 매화 한사로다 박꽃은 노인이요 / 석죽화는 소년이라 / 규화 무당이요 / 해당화는 창녀이로다 / 이중에 / 이화 시객이요 / 홍도 벽도 삼색도는 / 풍류랑인가 하노라,28.0,349.03
KC_TM_JC_PR_S000097,정가,정악,풍류음악,가사,길군악,박진희,여창,G / Em,도드리(6박),18/8,100.0,"애절한(2), 절제된(2), 감상적인(1), 낭만적인(1), 단아한(1), 명상적인(1), 부드러운(1), 사색적인(1), 생기 있는(1), 신비로운(1), 우울감 있는(1), 웅대한(1), 잔잔한(1), 진지한(1), 차분한(1), 표현적인(1), 품위 있는(1)","단단한(3), 깨끗한(2), 맑은(2), 뻗어 나가는(2), 고운(1), 담백한(1), 밀도 있는(1), 밝은(1), 섬세한(1), 유연한(1)","길군악은 정악 중 풍류음악에 속하는 곡으로, '행로곡'이라는 별칭을 가지고 있다. 이 곡은 남녀 간의 애정을 다룬 가사를 담고 있으며, '오늘도 하 심심하니 길군악이나 하여 보자'로 시작하는 특징이 있다. 가사가 일관성 없이 나열되는 잡가적인 성격을 지니고 있어, 청중에게 다양한 감정을 전달하는 데 중점을 둔다. 여창 가창자 박진희의 목소리는 이 곡의 흐름을 자연스럽게 이끌어 간다. 그녀는 발성을 통해 곡의 멜로디를 섬세하게 표현하며, 시김새를 적절히 활용하여 가사의 감정을 더욱 부각시킨다. 성량은 곡의 전개에 따라 유동적으로 조절되며, 호흡은 안정적이고 규칙적으로 이루어져 곡의 리듬을 잘 타고 있다. 도드리 장단의 6박 리듬 위에서 박진희는 자신의 목소리로 곡의 흐름을 자연스럽게 이어가며, 가창의 마무리에서는 호흡을 통해 곡의 전체적인 완성도를 높인다. 이러한 요소들이 결합되어 길군악은 더욱 매력적인 작품으로 자리매김한다.","Gilgunak is a piece that belongs to the genre of Pungnyu music within the realm of Jeongak, and it is also known by the nickname 'Haengnogok.' This composition features lyrics that explore the theme of affection between men and women, beginning with the distinctive line, ""Today, feeling a bit bored, let us try playing Gilgunak."" The lyrics possess a 잡가 (japga)-like quality, characterized by a lack of consistency, which emphasizes the delivery of various emotions to the audience. The voice of the female vocalist, Park Jin-hee, naturally guides the flow of the piece. Through her vocalization, she delicately expresses the melody of the song and effectively employs 시김새 (sigimsae) to enhance the emotional depth of the lyrics. Her vocal volume is flexibly adjusted according to the progression of the piece, and her breathing is stable and regular, allowing her to maintain the rhythm of the composition effectively. Over the 6-beat rhythm of the Doduri jangdan, Park Jin-hee seamlessly continues the flow of the piece with her voice, and in the conclusion of her performance, she elevates the overall completeness of the composition through her breath. The combination of these elements solidifies Gilgunak as an even more captivating work.","오날도 하심심허니 길군악이나 허여를 보자 어이없다 이년아 말들어를 봐라
노우오나너니나루 노우오나니니루너이루너 노나니나루노나
가소 가소 자네 가소 자네 가다서 내 못살랴
정방산성 북문밖에 해 돌아지고서 달이 돋아온다
눈비 찬비 찬이슬 맞고 홀로섯는 노송남기 짝을 잃고서 홀로 섯냐
내 각시는 이리로 허다서 내 못 살랴",오날도 / 하심심허니 / 길군악이나 / 허여를 보자 / 어이없다 이년아 / 말들어를 봐라 / 노우오나 / 너니나루 노우오나니니루 / 너이루너 / 이인니루 나니나루 / 이히너 나니나루 / 노우오너니나루노나 / 가소 가소 자네 가소 / 자네 가다서 / 내 못살랴 / 정방산성 / 북문밖에 / 해 돌아지고서 / 달이 돋아온다 / 눈비 찬비 / 찬이슬 맞고 / 홀로섯는 / 노송남기 / 짝을 잃고서 / 홀로 섯냐 / 내 각시는 / 이리로 허다서 / 내 못 살랴,28.0,430.22
KC_TM_JC_PR_S000098,정가,정악,풍류음악,가사,길군악,홍창남,남창,Eb / Cm,도드리(6박),18/8,100.0,"부드러운(2), 잔잔한(2), 감상적인(1), 관능적인(1), 긴장감 넘치는(1), 다이내믹한(1), 사색적인(1), 슬픈(1), 시적인(1), 애절한(1), 열정적인(1), 우아한(1), 우울감 있는(1), 유려한(1), 장엄한(1), 조화로운(1), 진심 어린(1), 진지한(1), 표현적인(1), 활기찬(1)","매끄러운(3), 걸쭉한(1), 고운(1), 단단한(1), 담백한(1), 두터운(1), 맑은(1), 머금은 듯한(1), 묵직한(1), 밀도 있는(1), 비강 울림이 있는(1), 섬세한(1), 정제된(1)","길군악은 정악의 풍류음악에 속하는 곡으로, 남녀 간의 애정을 주제로 한 가사가 특징인 12가사 중 하나이다. 이 곡은 '오늘도 하 심심하니 길군악이나 하여 보자'로 시작하며, 잡가적인 특성을 지닌 가사가 일관성 없이 나열되는 점이 돋보인다. 남창 가창자 홍창남의 목소리는 이 곡의 전개에서 중요한 역할을 한다. 그의 목소리는 경쾌한 6박 장단에 맞춰 멜로디를 유연하게 표현하며, 발성에서 시김새를 적절히 사용하여 곡의 감정을 전달한다. 홍창남은 성량을 조절하며 각 음의 길이와 강약을 조화롭게 조절하여, 가사의 의미를 효과적으로 드러낸다. 호흡 또한 곡의 흐름에 맞춰 자연스럽게 이어지며, 긴 구절에서도 안정적인 호흡을 유지하여 청중이 가사에 몰입할 수 있도록 돕는다. 도드리의 리듬 위에서 가창자는 마치 물 흐르듯이 곡의 흐름을 타며, 마지막 부분에서는 호흡을 조절하여 곡의 마무리를 우아하게 장식한다. 이러한 요소들이 결합되어 길군악은 전통적인 정악의 매력을 잘 드러내며, 가창자의 역할이 더욱 부각된다.","Gilgunak is a piece belonging to the genre of jeongak, characterized by lyrics that revolve around the theme of affection between men and women, and it is one of the twelve gasa. The piece begins with the line ""Today, feeling a bit bored, let us try singing Gilgunak,"" and it is notable for the way the lyrics, which exhibit characteristics of japga, are presented in a seemingly disjointed manner. The male vocalist Hong Chang-nam plays a crucial role in the development of this piece. His voice flexibly expresses the melody in accordance with the lively 6-beat jangdan, employing appropriate vocal techniques to convey the emotions of the song. Hong Chang-nam skillfully adjusts his vocal volume, harmonizing the length and intensity of each note to effectively reveal the meaning of the lyrics. His breathing flows naturally with the progression of the piece, maintaining stable breath even in long phrases, which helps the audience immerse themselves in the lyrics. Riding on the rhythm of doduri, the vocalist glides through the flow of the piece as if water is flowing, and in the final section, he modulates his breath to elegantly conclude the song. These elements combine to showcase the charm of traditional jeongak, highlighting the significance of the vocalist's role.","오날도 하심심허니 길군악이나 허여를 보자
어이없다 이년아 말들어를 봐라
노우오나 너니나루 노우오나니루 너니루너 이인니루나니나루 이히너나니나루
노우오너니 나루노라 너니나니나루 노우노나니나루 노나니나루노나",오날도 / 하심심허니 / 길군악이나 / 허여를 보자 / 어이없다 이년아 / 말들어를 봐라 / 노우오나 너니나루 / 노우오나니루 너니루너 / 이인니루나니나루 이히너나니나루 / 노우오너니 나루노라 / 너니나니나루 노우노나니나루 / 노나니나루노나,12.0,257.42
KC_TM_JC_PR_S000099,정가,정악,풍류음악,가사,권주가,홍창남,남창,A / Gbm,,3/8,80.0,"잔잔한(3), 기품 있는(2), 어두운(2), 엄숙한(2), 영감을 주는(2), 그루브감 있는(1), 다이내믹한(1), 사색적인(1), 슬픈(1), 우울감 있는(1), 우울한(1), 웅대한(1), 진지한(1), 평온한(1)","묵직한(3), 시원한(2), 울리는(2), 공명감 있는(1), 단단한(1), 담백한(1), 매끄러운(1), 머금은 듯한(1), 쇳소리 나는(1)","권주가는 술을 권하며 만수무강을 비는 내용을 담고 있는 정악의 풍류음악으로, 12가사 중 하나로 분류된다. 이 곡은 일정한 장단이 없는 자유 리듬으로 부르며, 느린 속도로 진행되어 한 곡을 부르는 데 오랜 시간이 걸린다. 이는 옛 선비들의 풍류와 여유를 느낄 수 있는 곡으로, 가사의 특징이 잘 드러난다. 남창 가창자 홍창남의 목소리는 이 곡의 서정적인 흐름을 이끌어가며, 그의 발성은 부드럽고 안정적이다. 그는 창법에서 시김새를 적절히 사용하여 가사의 의미를 더욱 강조하며, 음의 높낮이를 자유롭게 조절하여 감정을 표현한다. 성량은 고르게 유지되며, 호흡은 곡의 흐름에 맞춰 자연스럽게 이어진다. 이러한 요소들은 곡의 정서를 더욱 깊이 있게 전달하며, 홍창남의 목소리는 곡 전체를 관통하는 중심축 역할을 한다. 가창자는 리듬감 있게 호흡을 조절하며, 곡의 마무리에서는 호흡이 긴 여운을 남기도록 구성되어 있어 청중에게 깊은 여운을 남기며, 장르적 완성도를 높이는 데 기여한다.","Gwonjugah is a genre of jeongak that contains themes of offering drinks and wishing for longevity, classified as one of the twelve gasa. This piece is sung in a free rhythm without a fixed jangdan, progressing at a slow pace, which results in a lengthy performance of a single piece. It allows listeners to experience the elegance and leisure of the ancient scholars, showcasing the characteristics of the lyrics effectively. The voice of the male vocalist Hong Chang-nam guides the lyrical flow of the piece, with his vocalization being smooth and stable. He appropriately employs techniques such as sigimsae to emphasize the meaning of the lyrics, freely adjusting pitch to convey emotions. His volume is consistently maintained, and his breathing naturally aligns with the flow of the piece. These elements deepen the emotional delivery of the composition, with Hong Chang-nam's voice serving as a central axis throughout the entire work. The vocalist skillfully regulates his breath rhythmically, and the conclusion of the piece is structured to leave a lingering resonance, providing a profound aftertaste for the audience and contributing to the overall artistic completeness of the genre.","불로초로 술을 빚어 만년배에 가득 부어 비나이다 남산수를
약산동대 여즈러진 바희꽃을 꺾어 주를 노며 무궁무진먹사이다",불로초로 / 술을 / 빚어 / 만년배에 / 가득 / 부어 / 비나이다 / 남산수를 / 약산동대 / 여즈러진 / 바희꽃을 / 꺾어 / 주를 / 노며 / 무궁무진 먹사이다,15.0,366.79
KC_TM_JC_PR_S000100,정가,정악,풍류음악,가사,권주가,박진희,여창,A / Gbm,,3/8,80.0,"향수 어린(3), 마음을 울리는(2), 신비로운(2), 가볍고 신비로운(1), 경쾌한(1), 따뜻한(1), 몽환적인(1), 부드러운(1), 불가사의한(1), 사색적인(1), 애절한(1), 우아한(1), 잔잔한(1), 절제된(1), 차분한(1), 편안한(1)","가는(3), 고운(3), 맑은(2), 청아한(2), 깨끗한(1), 매끄러운(1), 밝은(1), 섬세한(1), 시원한(1), 여린(1), 콧소리 나는(1)","권주가는 술을 권하며 만수무강을 비는 내용을 담고 있는 12가사의 하나로, 정악의 풍류음악 장르에 속하는 곡이다. 이 곡은 일정한 장단이 없는 자유 리듬으로 부르며, 옛 선비들의 풍류와 여유를 느낄 수 있는 특징이 있다. 여창 가창자 박진희의 목소리는 이 곡의 정수를 잘 드러내며, 그녀는 부드러운 발성과 함께 섬세한 시김새로 멜로디를 표현한다. 박진희는 긴 호흡을 통해 음의 길이를 조절하며, 각 음절에 감정을 담아내는 방식으로 청중을 사로잡는다. 그녀의 성량은 곡의 흐름을 자연스럽게 이끌어가며, 느린 속도에서도 안정된 리듬감을 유지한다. 또한, 호흡의 흐름은 곡의 마무리를 장식하며, 청중에게 여운을 남기는 효과를 준다. 이러한 창법은 권주가의 전통적인 아름다움을 잘 전달하며, 곡의 전체적인 완성도를 높이는 데 기여한다.","Gwonjugah is one of the twelve songs that convey the themes of offering drinks and wishing for longevity, belonging to the genre of Jeongak's Pungnyu music. This piece is sung in a free rhythm without a fixed Jangdan, allowing listeners to feel the elegance and leisure of the old scholars. The voice of the female vocalist Park Jin-hee effectively captures the essence of this piece, as she expresses the melody with soft vocalization and delicate embellishments. Through her long breaths, Park Jin-hee controls the length of the notes, captivating the audience by infusing emotion into each syllable. Her vocal range naturally guides the flow of the piece, maintaining a stable sense of rhythm even at a slow tempo. Additionally, the flow of her breath adorns the conclusion of the piece, leaving a lingering effect on the audience. This singing style beautifully conveys the traditional charm of Gwonjugah and contributes to the overall completeness of the composition.","불로초로 술을 빚어
만년배에 가득 부어 비나이다 남산수를
약산동대 여즈러진 바희 꽃을 꺾어 주를 노며 무궁무진 먹사이다",불로 / 초로 / 술을 / 빚어 / 만년 / 배에 / 가득 / 부어 / 비나이 / 다 남산수를 / 약산 / 동대 / 여즈러진 / 바희 / 꽃을 꺾 / 어 주를 / 노며 / 무궁무 / 진 먹사이다,19.0,364.54
KC_TM_JC_PR_S000101,정가,정악,풍류음악,시조,지름시조 (삭풍은),김희영,여창,Db / Bbm,5박·8박,3/8,80.0,"가볍고 신비로운(2), 단아한(2), 신비로운(2), 평화로운(2), 감상적인(1), 기품 있는(1), 도취된(1), 마음을 울리는(1), 명랑한(1), 몽환적인(1), 부드러운(1), 시적인(1), 아정한(1), 우아한(1), 장엄한(1), 차분한(1), 편안한(1), 품위 있는(1)","가는(2), 고운(2), 유연한(2), 청아한(2), 투명한(2), 깨끗한(1), 맑은(1), 선명한(1)","지름시조(삭풍은)는 정악의 풍류음악 장르에 속하는 시조로, 남창지름시조의 특징을 잘 나타낸 곡이다. 이 곡은 19세기 초 평시조에서 파생된 것으로, 초장을 높은 음의 진성으로 질러 부르는 남성적인 창법을 통해 장수의 기상을 담고 있다. 가창자 김희영은 여창 가객으로서 이 곡의 감성을 더욱 풍부하게 표현한다. 김희영의 목소리는 초장에서 높은 음으로 시작하여 청중의 귀를 사로잡는다. 그녀는 진성 발음을 통해 시조의 전통적인 창법을 유지하면서도, 중장과 종장에서는 평시조와 유사한 진행을 통해 안정감을 더한다. 특히, 김희영은 시김새를 적절히 사용하여 가사의 의미를 전달하며, 성량을 조절하여 각 부분의 흐름에 맞게 변화를 주는 능력을 보여준다. 그녀의 호흡은 긴장과 이완을 적절히 조절하며, 곡의 구조를 명확히 드러낸다. 5박·8박의 리듬 위에서 김희영은 자연스럽게 흐름을 타며, 각 장단의 변화에 맞춰 호흡을 조절하여 곡의 완성도를 높인다. 그녀의 호흡은 곡의 마무리 부분에서 여운을 남기며, 시조의 전통적인 아름다움을 잘 살린다.","Jireum Sijo (Sakpung-eun) is a type of Sijo that belongs to the genre of Jeongak's Pungnyu music, and it exemplifies the characteristics of Namchang Jireum Sijo. This piece originated in the early 19th century from Pyeongsijo and embodies the spirit of longevity through a masculine singing style that features a high-pitched, resonant vocalization in the first stanza. The vocalist Kim Hee-young, as a female singer, enriches the emotional expression of this piece. Her voice begins with high notes in the first stanza, captivating the audience's attention. While maintaining the traditional singing style of Sijo through her resonant pronunciation, she adds stability in the middle and final stanzas by employing a progression similar to Pyeongsijo. Notably, Kim Hee-young effectively utilizes ornamentation to convey the meaning of the lyrics and demonstrates her ability to modulate her vocal volume in accordance with the flow of each section. Her breath control skillfully balances tension and relaxation, clearly revealing the structure of the piece. Over the rhythms of 5-beat and 8-beat, Kim Hee-young naturally rides the flow, adjusting her breath to match the changes in each Jangdan, thereby enhancing the overall quality of the performance. Her breath leaves a lingering resonance in the concluding section, beautifully preserving the traditional elegance of Sijo.","삭풍은 나무 끝에 불고 명월은 눈 속에 찬데
만리변성에 일장검 짚고 서서
긴 바람 큰 한 소리에 거칠 것이
삭풍은 나무 끝에 불고 명월은 눈 속에 찬데
만리변성에 일장검 짚고 서서
긴 바람 큰 한 소리에 거칠 것이",삭풍은 / 나무 끝에 불고 / 명월은 / 눈 속에 찬데 / 만리변성에 / 일장검 / 짚고 서서 / 긴 바람 / 큰 한 소리에 / 거칠 것이 / 삭풍은 / 나무 끝에 불고 / 명월은 / 눈 속에 찬데 / 만리변성에 / 일장검 / 짚고 서서 / 긴 바람 / 큰 한 소리에 / 거칠 것이,20.0,398.28
KC_TM_JC_PR_S000102,정가,정악,풍류음악,시조,중허리시조 (임그린),조일하,여창,D / Bm,5박·8박,3/8,80.0,"다이내믹한(2), 사색적인(2), 신비로운(2), 엄숙한(2), 우아한(2), 품위 있는(2), 가볍고 신비로운(1), 몽환적인(1), 시적인(1), 쓸쓸한(1), 애절한(1), 여유로운(1), 우울감 있는(1), 절제된(1), 진지한(1), 향수 어린(1)","밀도 있는(2), 울리는(2), 콧소리 나는(2), 단단한(1), 담백한(1), 맑은(1), 묵직한(1), 선명한(1), 시원한(1), 안쪽에서 울리는(1)","중허리시조는 정악의 풍류음악 장르에 속하는 곡으로, 시조의 전통적인 형식과 선율을 바탕으로 하여 특유의 아름다움을 지닌다. 이 곡은 초장 셋째 장단에서 높은 음의 속성을 부각시켜 부르는 것이 특징이며, 가곡 중거와의 연관성으로 중거시조라고도 불린다. 박효관의 시조 '임그린 상사몽이'를 가사로 하여 여창 가창자 조일하가 불렀다. 가창자 조일하의 목소리는 이 곡의 선율을 섬세하게 이끌어가며, 특히 발성과 시김새에서 전통적인 시조의 요소를 잘 살리고 있다. 조일하의 발음은 명료하며, 각 음의 길이와 강약을 조절하여 감정을 표현하는 데 집중한다. 시김새는 전통적인 시조의 규범을 따르면서도 각 구절의 의미를 전달하기 위해 적절히 변화를 주며, 가창자의 성량은 곡의 흐름에 맞춰 유연하게 조절된다. 호흡은 곡의 리듬에 맞추어 자연스럽게 이어지며, 5박·8박의 장단 속에서 안정적인 흐름을 유지한다. 조일하의 호흡은 곡의 각 부분을 매끄럽게 연결하며, 곡의 마무리에서는 여운을 남기는 방식으로 완성도를 높인다. 이러한 요소들이 모여 중허리시조는 전통 시조의 아름다움을 잘 전달하는 곡으로 자리매김하게 된다.","Jungheorisi is a piece belonging to the genre of Jeongak's Pungnyu music, characterized by its unique beauty based on the traditional form and melody of Sijo. This piece is notable for emphasizing high-pitched qualities during the third Jangdan of the first stanza and is also referred to as Junggeosijo due to its connection with Gagok. Sung by female vocalist Jo Il-ha, it features the lyrics from Park Hyo-gwan's Sijo ""Imgeurin Sangsamong."" Jo Il-ha's voice delicately guides the melody of this piece, particularly highlighting the elements of traditional Sijo in her vocalization and ornamentation. Her pronunciation is clear, focusing on expressing emotions through the control of note lengths and dynamics. While adhering to the norms of traditional Sijo ornamentation, she appropriately varies it to convey the meaning of each phrase, with her vocal volume flexibly adjusted to match the flow of the piece. Breathing is naturally aligned with the rhythm of the music, maintaining a stable flow within the 5-beat and 8-beat Jangdan. Jo Il-ha's breath seamlessly connects each section of the piece, enhancing its completeness by leaving a lingering resonance at the conclusion. These elements collectively establish Jungheorisi as a piece that effectively conveys the beauty of traditional Sijo.","임그린 상사몽이 실솔의 넋이 되어
추야장 깊은 밤에 임의 방에 들었다가
날 잊고 깊이 든 잠을 깨워볼까
임그린 상사몽이 실솔의 넋이 되어
추야장 깊은 밤에 임의 방에 들었다가
날 잊고 깊이 든 잠을 깨워볼까",임그린 상사몽이 / 실솔의 / 넋이 되어 / 추야장 / 깊은 밤에 / 임의 방에 / 들었다가 / 날 잊고 / 깊이 든 잠을 / 깨워볼까 / 임그린 상사몽이 / 실솔의 / 넋이 되어 / 추야장 / 깊은 밤에 / 임의 방에 / 들었다가 / 날 잊고 / 깊이 든 잠을 / 깨워볼까,20.0,387.02
KC_TM_MF_MY_S000103,경기,민속악,민요,경기민요,매화타령,채수현,여창,D / Bm,굿거리,12/8,120.0,"생기 있는(2), 신나는(2), 에너지 넘치는(2), 유쾌한(2), 축제적인(2), 가볍고 신비로운(1), 그루브감 있는(1), 따뜻한(1), 명랑한(1), 신명난(1), 여유로운(1), 차분한(1), 평온한(1), 활달한(1)","단단한(2), 맑은(2), 매끄러운(1), 밝은(1), 섬세한(1), 시원한(1), 유연한(1), 진한(1), 힘 있는(1)","매화타령은 본래 경기 12잡가 '달거리'의 후반부 노래였으나 독립된 민요로 정착한 곡으로, 경기민요의 특징이 잘 드러나는 민속악 > 민요 장르에 속한다. 이 곡은 '좋구나 매화로다'라는 후렴구가 유명하며, 남녀 간의 사랑을 주제로 하여 굿거리장단에 맞춰 흥겹게 부른다. 여창 가창자 채수현의 목소리는 이 곡을 이끌어가는 중요한 요소로, 그녀는 멜로디를 표현하는 데 있어 일정한 발성을 유지하며, 전통적인 시김새를 적절히 활용하여 곡의 감정을 전달한다. 그녀의 성량은 안정적이며, 호흡은 곡의 흐름에 맞춰 자연스럽게 이어져, 각 구절의 끝을 부드럽게 마무리하는 데 기여한다. 또한, 채수현은 굿거리의 리듬에 맞춰 신속하게 음을 전환하며, 각 음의 길이와 강세를 조절하여 경쾌한 느낌을 잘 살린다. 이러한 창법은 곡의 리듬과 조화를 이루며, 가창자의 호흡은 곡의 마무리를 장식하는 데 있어 중요한 역할을 하여 장르적 완성도를 높인다.","Maehwa Taryeong originally served as the latter part of the Gyeonggi 12 Japga song ""Dalgeori,"" but has since established itself as an independent folk song, belonging to the genre of folk music that showcases the characteristics of Gyeonggi Minyo. This piece is renowned for its refrain ""Jokguna Mae hwa roda,"" and it is joyfully sung to the rhythm of Gukgeori Jangdan, centered around the theme of love between a man and a woman. The voice of the female vocalist Chae Su-hyun is a crucial element that drives this piece forward; she maintains a consistent vocalization while expressing the melody and appropriately employs traditional sigimsae to convey the song's emotions. Her vocal strength is stable, and her breathing flows naturally with the progression of the piece, contributing to a smooth conclusion at the end of each phrase. Additionally, Chae Su-hyun swiftly transitions between notes in accordance with the rhythm of Gukgeori, skillfully adjusting the length and emphasis of each note to enhance the lively feel of the song. This singing technique harmonizes with the rhythm of the piece, and the vocalist's breath plays a significant role in embellishing the conclusion, thereby elevating the genre's overall completeness.","좋구나 매화로다 어야더야 어허야 에 디여라 사랑도 매화로다
인간이별 만사 중에 독수공방이 상사난이란다
좋구나 매화로다 어야더야 어허야 에 디여라 사랑도 매화로다
어저께 밤에도 나가자고 그저께 밤에는 구경가고 무삼 염치로 삼승버선에 볼받아 달람나
좋구나 매화로다 어야더야 어허야 에 디여라 사랑도 매화로다
나돌아갑네 나돌아갑네 떨떨거리고 나돌아 가누나
좋구나 매화로다 어야더야 어허야 에 두견이 울어라 사랑도 매화로다
좋구나 매화로다 어야더야 어허야 에 디여라 사랑도 매화로다
인간이별 만사 중에 독수공방이 상사난이란다
좋구나 매화로다 어야더야 어허야 에 디여라 사랑도 매화로다
어저께 밤에도 나가자고 그저께 밤에는 구경가고 무삼 염치로 삼승버선에 볼받아 달람나
좋구나 매화로다 어야더야 어허야 에 디여라 사랑도 매화로다
나돌아갑네 나돌아갑네 떨떨거리고 나돌아 가누나
좋구나 매화로다 어야더야 어허야 에 두견이 울어라 사랑도 매화로다",좋구나 매화로다 어야더야 어허야 / 에 디여라 사랑도 매화로다 / 인간이별 만사 중에 독수공방이 상사난이란다 / 좋구나 매화로다 어야더야 어허야 / 에 디여라 사랑도 매화로다 / 어저께 밤에도 나가자고 그저께 밤에는 구경가고 / 무삼 염치로 삼승버선에 볼받아 달람나 / 좋구나 매화로다 어야더야 어허야 / 에 디여라 사랑도 매화로다 / 나돌아갑네 나돌아갑네 / 떨떨거리고 나돌아 가누나 / 좋구나 매화로다 어야더야 어허야 / 에 두견이 울어라 사랑도 매화로다 / 좋구나 매화로다 어야더야 어허야 / 에 디여라 사랑도 매화로다 / 인간이별 만사 중에 독수공방이 상사난이란다 / 좋구나 매화로다 어야더야 어허야 / 에 디여라 사랑도 매화로다 / 어저께 밤에도 나가자고 그저께 밤에는 구경가고 / 무삼 염치로 삼승버선에 볼받아 달람나 / 좋구나 매화로다 어야더야 어허야 / 에 디여라 사랑도 매화로다 / 나돌아갑네 나돌아갑네 / 떨떨거리고 나돌아 가누나 / 좋구나 매화로다 어야더야 어허야 / 에 두견이 울어라 사랑도 매화로다,26.0,300.02
KC_TM_MF_MY_S000104,경기,민속악,민요,경기민요,태평가,김세윤,여창,Eb / Cm,굿거리,12/8,140.0,"신나는(4), 부드러운(2), 생기 있는(2), 유쾌한(2), 경쾌한(1), 귀여운(1), 단아한(1), 에너지 넘치는(1), 우아한(1), 유려한(1), 진심 어린(1), 차분한(1), 평온한(1), 평화로운(1), 행복한(1), 활기찬(1), 희망적인(1)","가는(2), 뻗어 나가는(2), 청아한(2), 콧소리 나는(2), 고운(1), 깨끗한(1), 맑은(1), 매끄러운(1), 밝은(1), 비강 울림이 있는(1), 화사한(1)","태평가는 1930년대 신민요 '태평연'을 개사하여 경기 명창 이은주가 부르며 정착된 경기민요로, 민속악의 한 갈래인 민요의 특징이 잘 드러나는 곡이다. 이 곡은 창부타령조의 경쾌한 선율과 굿거리장단을 통해 태평성대를 노래하며, 누구나 쉽게 따라 부를 수 있는 대중적인 민요로 사랑받고 있다. 여창 가창자 김세윤의 목소리는 이 곡의 진행을 힘차고 경쾌하게 이끌어간다. 그녀의 발성은 확고하며, 시김새를 적절히 구사하여 전통적인 민요의 느낌을 잘 살린다. 김세윤은 강한 성량으로 멜로디를 표현하며, 리드미컬한 흐름 속에서 굿거리 장단에 맞춰 자연스럽게 호흡을 조절한다. 이로 인해 곡의 신나는 분위기가 더욱 강조된다. 그녀의 호흡은 곡의 마무리에서 여유롭게 이어지며, 굿거리의 리듬과 잘 어우러져 곡의 완성도를 높인다. 김세윤의 가창은 단순히 노래하는 것을 넘어, 경기민요의 전통을 현대적으로 재해석하며 청중에게 깊은 인상을 남긴다.","Taepyeongga is a Gyeonggi folk song that was established by reworking the new folk song 'Taepyeongyeon' from the 1930s, sung by the renowned Gyeonggi vocalist Lee Eun-joo, and it vividly showcases the characteristics of folk music, a branch of traditional music. This piece celebrates the era of peace through its lively melody in the changbutaryeong mode and the gutgeori jangdan rhythm, making it a beloved popular folk song that anyone can easily sing along to. The voice of female vocalist Kim Se-yoon leads the progression of the song with vigor and cheerfulness. Her vocalization is firm, and she skillfully employs the nuances of traditional singing to convey the essence of folk music. Kim Se-yoon expresses the melody with a strong vocal presence, naturally adjusting her breath in sync with the rhythmic flow of the gutgeori jangdan, which further emphasizes the song's exhilarating atmosphere. Her breathing continues leisurely towards the conclusion of the piece, harmonizing well with the rhythm of the gutgeori, enhancing the overall completeness of the song. Kim Se-yoon's performance transcends mere singing, reinterpreting the tradition of Gyeonggi folk music in a modern context and leaving a profound impression on the audience.","짜증을 내어서 무엇하나 성화를 바치어 무엇하나 속상한 일도 하도 많으니 놀기도 하면서 살아가세  니나노 닐리리아 닐리리야 니나노 얼싸 좋아 얼씨구 좋다 벌 나비는 이리저리 펄펄 꽃을 찾아서 날아든다
청사초롱에 불 밝혀라 잊었던 낭군이 다시 온다 공수래공수거하니 아니 노지는 못하리라
니나노 닐리리아 닐리리야 니나노 얼싸 좋아 얼씨구 좋다 벌 나비는 이리저리 펄펄 꽃을 찾아서 날아든다
꽃을 찾는 벌나비는 향기를 쫓아 날아들고 황금같은 꾀꼬리는 버들 사이로 왕래한다
니나노 닐리리아 닐리리야 니나노 얼싸 좋아 얼씨구 좋다 벌 나비는 이리저리 펄펄 꽃을 찾아서 날아든다
학도 뜨고 봉도 떴다 강상 두루미 높이 떠서 두 나래를 훨씬 펴고 우줄우줄 춤을 춘다
니나노 닐리리아 닐리리야 니나노 얼싸 좋아 얼씨구 좋다 벌 나비는 이리저리 펄펄 꽃을 찾아서 날아든다
장장추야 긴긴 밤에 실솔의 소리도 처량하다 님을 그려 젖는 벼개 어느 누가 알아주리
니나노 닐리리아 닐리리야 니나노 얼싸 좋아 얼씨구 좋다 벌 나비는 이리저리 펄펄 꽃을 찾아서 날아든다
개나리 진달화 만발해도 매란국죽만 못하느니 사군자 절개를 몰라 주니 이보다 큰 설움 또 있으리
니나노 닐리리아 닐리리야 니나노 얼싸 좋아 얼씨구 좋다 벌 나비는 이리저리 펄펄 꽃을 찾아서 날아든다",짜증을 내어서 무엇하나 성화를 바치어 무엇하나 / 속상한 일도 하도 많으니 놀기도 하면서 살아가세 / 니나노 닐리리아 닐리리야 니나노 얼싸 좋아 / 얼씨구 좋다 벌 나비는 이리저리 펄펄 꽃을 찾아서 날아든다 / 청사초롱에 불 밝혀라 잊었던 낭군이 다시 온다 / 공수래공수거하니 아니 노지는 못하리라 / 니나노 닐리리아 닐리리야 니나노 얼싸 좋아 / 얼씨구 좋다 벌 나비는 이리저리 펄펄 꽃을 찾아서 날아든다 / 꽃을 찾는 벌나비는 향기를 쫓아 날아들고 / 황금같은 꾀꼬리는 버들 사이로 왕래한다 / 니나노 닐리리아 닐리리야 니나노 얼싸 좋아 / 얼씨구 좋다 벌 나비는 이리저리 펄펄 꽃을 찾아서 날아든다 / 학도 뜨고 봉도 떴다 강상 두루미 높이 떠서 / 두 나래를 훨씬 펴고 우줄우줄 춤을 춘다 / 니나노 닐리리아 닐리리야 니나노 얼싸 좋아 / 얼씨구 좋다 벌 나비는 이리저리 펄펄 꽃을 찾아서 날아든다 / 장장추야 긴긴 밤에 실솔의 소리도 처량하다 / 님을 그려 젖는 벼개 어느 누가 알아주리 / 니나노 닐리리아 닐리리야 니나노 얼싸 좋아 / 얼씨구 좋다 벌 나비는 이리저리 펄펄 꽃을 찾아서 날아든다 / 개나리 진달화 만발해도 매란국죽만 못하느니 / 사군자 절개를 몰라 주니 이보다 큰 설움 또 있으리 / 니나노 닐리리아 닐리리야 니나노 얼싸 좋아 / 얼씨구 좋다 벌 나비는 이리저리 펄펄 꽃을 찾아서 날아든다,24.0,280.32
KC_TM_MF_MY_S000105,경기,민속악,민요,경기민요,풍년가,성슬기,여창,Eb / Cm,굿거리,12/8,140.0,"신나는(4), 경쾌한(2), 그루브감 있는(2), 생기 있는(2), 에너지 넘치는(2), 유쾌한(2), 축제적인(2), 가볍고 신비로운(1), 기품 있는(1), 신명난(1), 즐거운(1), 편안한(1), 평온한(1), 활기찬(1), 희망찬(1)","유연한(4), 깨끗한(2), 맑은(2), 고운(1), 비강 울림이 있는(1), 선명한(1), 쇳소리 나는(1), 콧소리 나는(1)","풍년가는 풍년을 기뻐하고 사계절의 놀이를 즐기는 내용을 담고 있는 경기민요로, 선소리패의 '길타령'에서 유래하여 20세기 전반에 정착한 곡이다. 이 곡은 굿거리장단에 얹어 부르며, 신나는 분위기로 흥청거리는 가락이 특징이다. 여창 가창자 성슬기의 목소리는 이 곡을 이끌어가는 중요한 요소로 작용하며, 유연한 음색으로 청중에게 풍요로움과 여유를 전달한다. 성슬기는 멜로디를 부를 때, 자연스럽고 부드러운 발성으로 곡의 흐름을 매끄럽게 이어간다. 그녀의 시김새는 경기민요의 특성을 잘 살리며, 각 음을 유연하게 연결해 주어 듣는 이로 하여금 곡의 경쾌함을 느끼게 한다. 성량 또한 적절히 조절되어 곡의 리듬에 잘 맞아떨어지며, 호흡은 안정적이고 규칙적이다. 굿거리의 리듬 위에서 성슬기는 마치 춤을 추듯이 흐름을 타며, 곡의 에너지를 더욱 고조시킨다. 그녀의 호흡은 곡의 마무리를 장식하며, 신나는 분위기를 유지하면서도 자연스럽게 곡을 완성도로 이끈다.","‘Pungnyeonggana’ is a Gyeonggi folk song that celebrates a bountiful harvest and enjoys the playful spirit of the four seasons, originating from the 'Giltaryeong' of the seonsori ensemble and becoming established in the early 20th century. This piece is sung to the rhythm of the gutgeori jangdan, characterized by an exhilarating melody that creates a lively atmosphere. The voice of the female vocalist, Seong Seul-gi, plays a crucial role in guiding the song, conveying a sense of abundance and ease to the audience with her flexible timbre. When singing the melody, Seong Seul-gi maintains a natural and smooth vocalization that seamlessly connects the flow of the piece. Her vocal embellishments effectively highlight the characteristics of Gyeonggi folk songs, allowing each note to be linked fluidly and enabling listeners to experience the song's buoyancy. Her vocal volume is also appropriately adjusted to align well with the rhythm of the piece, and her breathing is stable and regular. Over the rhythm of the gutgeori, Seong Seul-gi rides the flow as if dancing, further elevating the energy of the song. Her breath adorns the conclusion of the piece, maintaining a joyful atmosphere while naturally leading to a sense of completion.","풍년이 왔네 풍년이 왔네 금수강산으로 풍년이 왔네
지화 좋다 얼씨구나 좀도 좋냐 명년 춘삼월에 화류놀이 가자
올해도 풍년 내년에도 풍년 연년연년이 풍년이로구나
지화 좋다 얼씨구나 좀도 좋냐 명년 하사월에 관등놀이 가자
천하지 대본은 농사밖에 또 있는가 놀지 말고서 농사에 힘씁시다
지화 좋다 얼씨구나 좀도 좋냐 명년오뉴월에 탁족놀이 가자
저 건너 김풍헌 거동을 보아라 노적가릴 쳐다보며 춤만 덩실 춘다
지화 좋다 얼씨구나 좀도 좋냐 명년구시월에 단풍 놀이 가자
함경전 너른 뜰 시 암탉 걸음으로 아기장 아장 걸어 광한루로 걸어간다
지화 좋다 얼씨구나 좀도 좋냐 명년 동지섣달에 설경 놀이 가자
봄이 왔네 봄이 왔네 삼천리 이 강산에 새봄이 돌아왔네
지화 좋다 얼씨구나 좀도 좋냐 명년 봄 돌아오면 화전놀이 가자",풍년이 왔네 풍년이 왔네 / 금수강산으로 풍년이 왔네 / 지화 좋다 얼씨구나 좀도 좋냐 / 명년 춘삼월에 화류놀이 가자 / 올해도 풍년 내년에도 풍년 / 연년연년이 풍년이로구나 / 지화 좋다 얼씨구나 좀도 좋냐 / 명년 하사월에 관등놀이 가자 / 천하지 대본은 농사밖에 또 있는가 / 놀지 말고서 농사에 힘씁시다 / 지화 좋다 얼씨구나 좀도 좋냐 / 명년오뉴월에 탁족놀이 가자 / 저 건너 김풍헌 거동을 보아라 / 노적가릴 쳐다보며 춤만 덩실 춘다 / 지화 좋다 얼씨구나 좀도 좋냐 / 명년구시월에 단풍 놀이 가자 / 함경전 너른 뜰 시 암탉 걸음으로 / 아기장 아장 걸어 광한루로 걸어간다 / 지화 좋다 얼씨구나 좀도 좋냐 / 명년 동지섣달에 설경 놀이 가자 / 봄이 왔네 봄이 왔네 / 삼천리 이 강산에 새봄이 돌아왔네 / 지화 좋다 얼씨구나 좀도 좋냐 / 명년 봄 돌아오면 화전놀이 가자,24.0,248.18
KC_TM_MF_MY_S000106,경기,민속악,민요,경기민요,닐니리야,김민지,여창,Eb / Cm,굿거리,12/8,120.0,"신나는(3), 에너지 넘치는(3), 희망찬(2), 가볍고 신비로운(1), 경쾌한(1), 그리운(1), 낭만적인(1), 다정한(1), 명랑한(1), 생기 있는(1), 서사적인(1), 아정한(1), 애정 어린(1), 조화로운(1), 진심 어린(1), 평화로운(1)","유연한(3), 밝은(2), 시원한(2), 가는(1), 고운(1), 뻗어 나가는(1), 선명한(1), 청아한(1), 콧소리 나는(1), 화사한(1)","늴리리야는 경기민요의 특성을 잘 드러내는 민속악 곡으로, 피리 소리를 흉내 낸 구음 '늴리리야'가 후렴구로 사용되며, 20세기 초 신민요 또는 무가의 변형으로 여겨진다. 이 곡은 굿거리장단에 맞춘 흥겨운 가락과 반복되는 후렴구가 특징으로, 듣는 이에게 중독성 있는 즐거움을 준다. 여창 가창자 김민지는 이 곡에서 자신의 목소리로 곡의 흐름을 이끌어가며, 발성에서부터 시김새까지 전통적인 창법의 특징을 잘 살린다. 그녀의 목소리는 굵고 안정적인 성량으로 멜로디를 표현하며, 시김새를 통해 전통적인 감성을 더욱 강조한다. 각 음을 발음할 때의 호흡 조절과 리듬감은 곡의 전개에 따라 유연하게 변화하며, 굿거리의 경쾌한 리듬과 잘 어우러진다. 김민지는 반복되는 후렴구에서 호흡을 적절히 조절하며 마무리를 장식하고, 이는 곡의 전체적인 완성도를 높이는 데 기여한다. 그녀의 목소리는 곡의 리듬과 흐름을 타며, 청중에게 전통 민요의 매력을 효과적으로 전달한다.","Nillirirya is a folk music piece that well showcases the characteristics of Gyeonggi minyo, featuring the vocalization 'nillirirya,' which mimics the sound of the piri and is used as the refrain. It is considered a variation of the new folk songs or shamanistic songs from the early 20th century. This piece is characterized by its lively melody aligned with the gutgeori jangdan and a repetitive refrain, providing an addictive joy to listeners. The female vocalist Kim Min-ji leads the flow of the piece with her voice, effectively embodying the features of traditional singing techniques from vocalization to ornamentation. Her voice expresses the melody with a rich and stable timbre, further emphasizing traditional emotions through ornamentation. The control of breath and sense of rhythm when pronouncing each note flexibly changes according to the development of the piece, harmonizing well with the brisk rhythm of the gutgeori. In the repeated refrain, Kim skillfully manages her breath to conclude the piece, contributing to the overall completeness of the work. Her voice rides the rhythm and flow of the piece, effectively conveying the charm of traditional folk songs to the audience.","닐리리야 닐리리야 니나노 난실로 내가 돌아간다 닐닐 닐리리야
청사초롱 불밝혀라 잊었던 낭군이 다시 돌아온다 닐닐 닐리리야
닐리리야 닐리리야 니나노 난실로 내가 돌아간다 닐닐 닐리리야
일구월심 그리던 님 어느시절에 만나볼까 닐닐 닐리리야
닐리리야 닐리리야 니나노 난실로 내가 돌아간다 닐닐 닐리리야
산은첩첩 천봉이요 물은 잔잔 백곡이라 닐닐 닐리리야
닐리리야 닐리리야 니나노 난실로 내가 돌아간다 닐닐 닐리리야
서산일락 지는 해는 뉘 힘으로 잡아매나 닐닐 닐리리야
닐리리야 닐리리야 니나노 난실로 내가 돌아간다 닐닐 닐리리야
창해유수 흐르는물 다시오기 어려워라 닐리리야
닐리리야 닐리리야 니나노 난실로 내가 돌아간다 닐닐 닐리리야
어제청춘 오날백발 가는 시절을 어이하리 닐닐 닐리리야",닐리리야 닐리리야 니나노 난실로 내가 돌아간다 / 닐닐 닐리리야 / 청사초롱 불밝혀라 잊었던 낭군이 다시 돌아온다 / 닐닐 닐리리야 / 닐리리야 닐리리야 니나노 난실로 내가 돌아간다 / 닐닐 닐리리야 / 일구월심 그리던 님 어느시절에 만나볼까 / 닐닐 닐리리야 / 닐리리야 닐리리야 니나노 난실로 내가 돌아간다 / 닐닐 닐리리야 / 산은첩첩 천봉이요 물은 잔잔 백곡이라 / 닐닐 닐리리야 / 닐리리야 닐리리야 니나노 난실로 내가 돌아간다 / 닐닐 닐리리야 / 서산일락 지는 해는 뉘 힘으로 잡아매나 / 닐닐 닐리리야 / 닐리리야 닐리리야 니나노 난실로 내가 돌아간다 / 닐닐 닐리리야 / 창해유수 흐르는물 다시오기 어려워라 / 닐 닐 닐리리야 / 닐리리야 닐리리야 니나노 난실로 내가 돌아간다 / 닐닐 닐리리야 / 어제청춘 오날백발 가는 시절을 어이하리 / 닐닐 닐리리야,24.0,217.54
KC_TM_MF_MY_S000107,경기,민속악,민요,경기민요,한강수타령,김세윤,여창,Eb / Cm,굿거리,12/8,140.0,"즐거운(3), 생기 있는(2), 활기찬(2), 희망적인(2), 귀여운(1), 시적인(1), 신나는(1), 에너지 넘치는(1), 우아한(1), 우울감 있는(1), 유려한(1), 잔잔한(1), 조화로운(1), 평화로운(1), 표현적인(1), 행복한(1), 향수 어린(1)","콧소리 나는(3), 맑은(2), 여린(2), 울리는(2), 청아한(2), 고운(1), 날카로운(1), 담백한(1), 매끄러운(1), 투명한(1), 화사한(1)","한강수타령은 한강의 아름다운 경치와 뱃놀이를 주제로 한 경기민요로, 황해도 민요 '간지타령'의 영향을 받아 만들어진 곡이다. 이 곡은 민속악의 한 갈래인 민요에 속하며, 경기민요의 특징이 잘 드러나 있다. 여창 가창자 김세윤의 목소리는 이 곡의 서정적인 매력을 한층 더 돋보이게 한다. 그녀의 창법은 굿거리장단의 리듬에 맞춰 유려하게 흐르며, 멜로디를 표현하는 방식에서 시김새를 적절히 사용하여 한강의 풍경을 생생하게 전달한다. 김세윤은 강한 성량으로 음역을 넓게 활용하며, 호흡을 적절히 조절하여 긴 음을 이어가는 데 능숙하다. 이로 인해 곡의 흐름이 자연스럽게 이어지며, 듣는 이로 하여금 한강의 정취를 느끼게 한다. 굿거리의 리듬 위에서 그녀의 목소리는 경쾌한 움직임을 보이며, 각 구절의 끝을 부드럽게 마무리하여 곡의 완성도를 높인다. 가창자의 호흡은 곡의 마지막 부분에서 특히 중요한 역할을 하며, 긴장을 풀고 여운을 남기는 방식으로 청중의 감정을 이끌어낸다.","Han Gang Su Taryeong is a Gyeonggi folk song themed around the beautiful scenery of the Han River and boat rides, influenced by the Hwanghaedo folk song ""Ganjitaryeong."" This piece belongs to the genre of folk music, showcasing the distinctive characteristics of Gyeonggi folk songs. The voice of the female vocalist Kim Se-yoon accentuates the lyrical charm of the piece. Her singing style flows gracefully in accordance with the rhythm of the Gutgeori Jangdan, employing appropriate vocal embellishments to vividly convey the landscape of the Han River. Kim Se-yoon utilizes her strong vocal power to cover a wide range and skillfully manages her breath to sustain long notes. As a result, the flow of the piece is seamless, allowing listeners to feel the ambiance of the Han River. Over the rhythm of Gutgeori, her voice exhibits lively movement, gently concluding each phrase to enhance the overall quality of the song. The vocalist's breath plays a particularly crucial role in the final section of the piece, guiding the audience's emotions by creating a sense of relaxation and lingering resonance.","한강수라 깊고 맑은 물에 수상선 타고서 에루화 뱃놀이 가잔다
아 아하 에헤요 에헤요 어허야 얼사함마 둥게 디여라 내 사랑아
양구화천 흐르는 물 소양정을 감돌아 양수리를 거쳐서 노들로 흘러만 가누나
아 아하 에헤요 에헤요 어허야 얼사함마 둥게 디여라 내 사랑아
유유히 흐르는 한강물 위에 뗏목 위에 노래도 에루화 처량도 하다
아 아하 에헤요 에헤요 어허야 얼사함마 둥게 디여라 내 사랑아
멀리뵈는 관악산 웅장도 하고요 돛단배 두서넛 에루화 한가도 하다
아 아하 에헤요 에헤요 어허야 얼사함마 둥게 디여라 내 사랑아
노들의 버들은 해마다 푸르른데 한강을 지키는 님 지금은 어디에 계신고
아 아하 에헤요 에헤요 어허야 얼사함마 둥게 디여라 내 사랑아
앞강에 뜬 배는 낚시질 거루요 뒷 강에 뜬 배는 님 실러 가는 배란다
아 아하 에헤요 에헤요 어허야 얼사함마 둥게 디여라 내 사랑아",한강수라 깊고 맑은 물에 수상선 / 타고서 에루화 뱃놀이 가잔다 / 아 아하 에헤요 에헤요 / 어허야 얼사함마 둥게 디여라 내 사랑아 / 양구화천 흐르는 물 / 소양정을 감돌아 양수리를 거쳐서 / 노들로 흘러만 가누나 / 아 아하 에헤요 에헤요 / 어허야 얼사함마 둥게 디여라 내 사랑아 / 유유히 흐르는 / 한강물 위에 뗏목 위에 노래도 / 에루화 처량도 하다 / 아 아하 에헤요 에헤요 / 어허야 얼사함마 둥게 디여라 내 사랑아 / 멀리뵈는 관악산 웅장도 하고요 돛단배 두서넛 / 에루화 한가도 하다 / 아 아하 에헤요 에헤요 / 어허야 얼사함마 둥게 디여라 내 사랑아 / 노들의 버들은 해마다 푸르른데 한강을 지키는 님 / 지금은 어디에 계신고 / 아 아하 에헤요 에헤요 / 어허야 얼사함마 둥게 디여라 내 사랑아 / 앞강에 뜬 배는 낚시질 거루요 뒷 강에 뜬 배는 / 님 실러 가는 배란다 / 아 아하 에헤요 에헤요 / 어허야 얼사함마 둥게 디여라 내 사랑아,26.0,247.97
KC_TM_MF_MY_S000108,경기,민속악,민요,경기민요,베틀가,성슬기,여창,C / Am,굿거리,12/8,140.0,"경쾌한(3), 생기 있는(3), 낭만적인(2), 신나는(2), 향토적인(2), 가볍고 신비로운(1), 귀여운(1), 그리운(1), 다정한(1), 마음을 울리는(1), 명랑한(1), 부드러운(1), 애절한(1), 애정 어린(1), 유려한(1), 유쾌한(1), 활기찬(1)","매끄러운(3), 고운(2), 청아한(2), 화사한(2), 깨끗한(1), 밝은(1), 비강 울림이 있는(1), 뻗어 나가는(1), 선명한(1), 섬세한(1), 시원한(1), 콧소리 나는(1)","베틀가는 경기민요의 대표적인 예로, 베를 짜는 노동요에서 유래하여 경기 명창들에 의해 통속화된 민속악이다. 이 곡은 베틀 작업의 과정을 서정적으로 묘사하며, 시집살이의 애환을 담고 있다. 노동의 고됨을 예술적으로 승화시키며, 경기민요의 특징이 잘 드러나는 곡이다. 여창 가창자 성슬기의 목소리는 곡의 서정적 요소를 강조하며, 그녀의 발성은 명확하고 안정적이다. 성슬기는 굿거리장단의 리듬을 타며 멜로디를 부드럽게 표현하고, 시김새를 적절히 활용하여 곡의 감정을 전달한다. 그녀의 성량은 곡의 전개에 따라 유동적으로 변화하며, 호흡은 긴 구절을 자연스럽게 이어주는 역할을 한다. 굿거리의 경쾌한 리듬 위에서 성슬기는 자신의 목소리로 곡의 흐름을 이끌어가며, 호흡의 조절로 마무리를 장식한다. 이러한 요소들이 결합되어 곡의 장르적 완성도를 높인다.","Betel-ganeun is a representative example of Gyeonggi folk songs, originating from a labor song used in weaving and popularized by Gyeonggi masters of song. This piece lyrically depicts the process of weaving and encapsulates the joys and sorrows of married life. It artistically elevates the hardships of labor, showcasing the distinctive characteristics of Gyeonggi folk songs. The voice of female vocalist Seong Seul-gi emphasizes the lyrical elements of the piece, with her clear and stable vocalization. Seong Seul-gi expresses the melody smoothly while riding the rhythm of the Gutgeori Jangdan, appropriately utilizing ornamentation to convey the emotions of the song. Her vocal range dynamically shifts according to the development of the piece, with her breath facilitating the seamless continuation of long phrases. Over the lively rhythm of Gutgeori, Seong Seul-gi leads the flow of the song with her voice, concluding with a refined control of her breath. These elements combine to enhance the genre's overall completeness.","베틀을 놓세 베틀을 놓세 옥난간에다 베틀을 놓세
에헤요 배 짜는 아가씨 사랑 노래 베틀에 수심만 지누나
반공중에 걸린 저 달은 바디 장단에 다 넘어간다
에헤요 배 짜는 아가씨 사랑 노래 베틀에 수심만 지누나
양덕 맹산 중세포요 길주 명천 세북포로다
에헤요 배 짜는 아가씨 사랑 노래 베틀에 수심만 지누나
오늘 날도 하 심심하니 베틀이나 놓아 볼까
에헤요 배 짜는 아가씨 사랑 노래 베틀에 수심만 지누나
닭아 닭아 우지를 마라 이 베 짜기가 다 늦어간다
에헤요 배 짜는 아가씨 사랑 노래 베틀에 수심만 지누나
춘포 조포 생당포요 경상도라 안동포로다
에헤요 배 짜는 아가씨 사랑 노래 베틀에 수심만 지누나
젊은 비단 생팔주요 늙은 비단 노방주로다
에헤요 배 짜는 아가씨 사랑 노래 베틀에 수심만 지누나
주야장천 베만 짜면 어느 시절에 임만나볼까
에헤요 배 짜는 아가씨 사랑 노래 베틀에 수심만 지누나
이 베를 짜서 누구를 주나 바디 칠손 눈물이로다
에헤요 배 짜는 아가씨 사랑 노래 베틀에 수심만 지누나
베틀을 놓세 베틀을 놓세 옥난간에다 베틀을 놓세
에헤요 배 짜는 아가씨 사랑 노래 베틀에 수심만 지누나
반공중에 걸린 저 달은 바디 장단에 다 넘어간다
에헤요 배 짜는 아가씨 사랑 노래 베틀에 수심만 지누나
양덕 맹산 중세포요 길주 명천 세북포로다
에헤요 배 짜는 아가씨 사랑 노래 베틀에 수심만 지누나",베틀을 놓세 베틀을 놓세 옥난간에다 베틀을 놓세 / 에헤요 배 짜는 아가씨 사랑 노래 베틀에 수심만 지누나 / 반공중에 걸린 저 달은 바디 장단에 다 넘어간다 / 에헤요 배 짜는 아가씨 사랑 노래 베틀에 수심만 지누나 / 양덕 맹산 중세포요 길주 명천 세북포로다 / 에헤요 배 짜는 아가씨 사랑 노래 베틀에 수심만 지누나 / 오늘 날도 하 심심하니 베틀이나 놓아 볼까 / 에헤요 배 짜는 아가씨 사랑 노래 베틀에 수심만 지누나 / 닭아 닭아 우지를 마라 이 베 짜기가 다 늦어간다 / 에헤요 배 짜는 아가씨 사랑 노래 베틀에 수심만 지누나 / 춘포 조포 생당포요 경상도라 안동포로다 / 에헤요 배 짜는 아가씨 사랑 노래 베틀에 수심만 지누나 / 젊은 비단 생팔주요 늙은 비단 노방주로다 / 에헤요 배 짜는 아가씨 사랑 노래 베틀에 수심만 지누나 / 주야장천 베만 짜면 어느 시절에 임만나볼까 / 에헤요 배 짜는 아가씨 사랑 노래 베틀에 수심만 지누나 / 이 베를 짜서 누구를 주나 바디 칠손 눈물이로다 / 에헤요 배 짜는 아가씨 사랑 노래 베틀에 수심만 지누나 / 베틀을 놓세 베틀을 놓세 옥난간에다 베틀을 놓세 / 에헤요 배 짜는 아가씨 사랑 노래 베틀에 수심만 지누나 / 반공중에 걸린 저 달은 바디 장단에 다 넘어간다 / 에헤요 배 짜는 아가씨 사랑 노래 베틀에 수심만 지누나 / 양덕 맹산 중세포요 길주 명천 세북포로다 / 에헤요 배 짜는 아가씨 사랑 노래 베틀에 수심만 지누나,24.0,252.24
KC_TM_MF_MY_S000109,경기,민속악,민요,경기민요,뱃노래,김민지,여창,Ab / Fm,굿거리,12/8,120.0,"신나는(3), 경쾌한(2), 생기 있는(1), 시적인(1), 쓸쓸한(1), 에너지 넘치는(1), 여유로운(1), 열정적인(1), 유쾌한(1), 조화로운(1), 편안한(1), 평화로운(1), 표현적인(1), 활기찬(1), 희망적인(1), 희망찬(1)","가는(3), 유연한(3), 선명한(2), 청아한(2), 깨끗한(1), 밝은(1), 비강 울림이 있는(1), 콧소리 나는(1)","뱃노래는 어부들의 노동요를 바탕으로 경기 명창들이 다듬어 부른 통속민요로, 경기민요의 특징이 잘 드러나는 민속악 > 민요 곡이다. 이 곡은 굿거리장단에 맞추어 만선의 기쁨과 뱃놀이의 흥취를 노래하며, 주로 자진뱃노래와 이어서 불러 점차 고조되는 흥을 표현한다. 여창 가창자 김민지는 곡을 이끌어가는 데 있어 목소리의 발성과 시김새로 주목받는다. 그녀는 곡의 멜로디를 표현하는 방식에서 전통적인 창법을 잘 살리며, 각 음절마다 섬세한 시김새를 통해 감정을 전달한다. 성량이 풍부하여 곡의 흐름을 자연스럽게 이어가며, 호흡을 조절하여 긴 음을 이어가는 기술이 돋보인다. 김민지는 굿거리의 리듬 위에서 리드미컬하게 흐름을 타며, 각 구절마다 적절한 호흡을 통해 곡의 마무리를 장식하고, 전체적인 장르적 완성도를 높인다. 이러한 요소들은 뱃노래의 전통적인 느낌을 잘 살리며, 듣는 이로 하여금 곡의 흥미를 더욱 끌어올리게 한다.","The boat song, or ""baetnorae,"" is a popular folk song refined and sung by Gyeonggi masters based on the labor songs of fishermen, distinctly showcasing the characteristics of Gyeonggi folk music. This piece is performed in the ""guggeori jangdan"" rhythm, celebrating the joy of a bountiful catch and the excitement of boat outings, primarily expressed through the ""jajinbaetnorae"" style, which gradually builds up the excitement. Female vocalist Kim Min-ji stands out for her vocal delivery and expressive nuances as she leads the song. She effectively preserves traditional singing techniques in her interpretation of the melody, conveying emotions through delicate variations in each syllable. With her rich vocal quality, she seamlessly maintains the flow of the piece, demonstrating impressive breath control to sustain long notes. Kim Min-ji rhythmically rides the beat of the ""guggeori,"" embellishing the conclusion of each phrase with appropriate breaths, thereby enhancing the overall genre's completeness. These elements beautifully preserve the traditional essence of the boat song, captivating the listener's interest even further.","어기야 디여차 어야디야 어기여차 뱃놀이 가잔다
부딪치는 파도소리 잠을깨우니 들려오는 노소리 처량도 하구나
어기야 디여차 어야디야 어기여차 뱃놀이 가잔다
만경창파에 몸을 실리어 갈매기로 벗을 삼고 싸워만 가누나
어기야 디여차 어야디야 어기여차 뱃놀이 가잔다
망망한 해도중에 북을 울리며 원포귀범으로 돌아를 오누나
어기야 디여차 어야디야 어기여차 뱃놀이 가잔다
낙조청강에 배를띄우고 술렁술렁 노저어라 달맞이 가잔다
어기야 디여차 어야디야 어기여차 뱃놀이 가잔다
탕탕한 물결에 유랑한 소리는 애내성중 어적이 분명하구나
어기야 디여차 어야디야 어기여차 뱃놀이 가잔다
하늬바람 마파람아 맘대로 불어라 키를 잡은 이 사공도 갈 곳이 있다네
어기야 디여차 어야디야 어기여차 뱃놀이 가잔다",어기야 디여차 어야디야 어기여차 뱃놀이 가잔다 / 부딪치는 파도소리 잠을깨우니 / 들려오는 노소리 처량도 하구나 / 어기야 디여차 어야디야 어기여차 뱃놀이 가잔다 / 만경창파에 몸을 실리어 / 갈매기로 벗을 삼고 싸워만 가누나 / 어기야 디여차 어야디야 어기여차 뱃놀이 가잔다 / 망망한 해도중에 북을 울리며 / 원포귀범으로 돌아를 오누나 / 어기야 디여차 어야디야 어기여차 뱃놀이 가잔다 / 낙조청강에 배를띄우고 / 술렁술렁 노저어라 달맞이 가잔다 / 어기야 디여차 어야디야 어기여차 뱃놀이 가잔다 / 탕탕한 물결에 유랑한 소리는 / 애내성중 어적이 분명하구나 / 어기야 디여차 어야디야 어기여차 뱃놀이 가잔다 / 하늬바람 마파람아 맘대로 불어라 / 키를 잡은 이 사공도 갈 곳이 있다네 / 어기야 디여차 어야디야 어기여차 뱃놀이 가잔다,19.0,271.54
KC_TM_MF_MY_S000110,경기,민속악,민요,경기민요,창부타령,김민지,여창,Eb / Cm,굿거리,12/8,120.0,"생기 있는(3), 명랑한(2), 에너지 넘치는(2), 감상적인(1), 강렬한(1), 경쾌한(1), 다이내믹한(1), 마음을 울리는(1), 비통한(1), 신나는(1), 신명난(1), 여유로운(1), 열정적인(1), 유쾌한(1), 즐거운(1), 진심 어린(1), 평온한(1), 표현적인(1), 향수 어린(1), 향토적인(1), 희망찬(1)","밝은(3), 선명한(2), 고운(1), 날 선(1), 담백한(1), 맑은(1), 머금은 듯한(1), 뻗어 나가는(1), 섬세한(1), 울리는(1), 유연한(1), 콧소리 나는(1)","창부타령은 서울 굿판의 창부거리에서 불리던 무가가 민간에 퍼져 통속화된 경기민요의 대표곡으로, 경기민요의 특징이 잘 드러나는 민속악 > 민요 장르에 속한다. 이 곡은 창부타령조(경토리)라는 독자적인 선율 형식을 가지며, 다양한 사설을 얹어 부를 수 있어 널리 사랑받는 노래 중 하나이다. 여창 가창자 김민지는 이 곡을 통해 전통적인 창법을 잘 살리고 있다. 그녀의 목소리는 곡의 흐름을 자연스럽게 이끌어가며, 발성은 안정적이고 명확하여 청중에게 강한 인상을 남긴다. 김민지는 시김새를 적절히 활용하여 곡의 전통적인 요소를 강조하며, 각 음절을 정교하게 표현하여 곡의 서사를 풍부하게 만든다. 성량 또한 적절하게 조절되어 있으며, 호흡은 긴 구절을 소화하는 데 필요한 안정성을 제공한다. 굿거리의 리듬 위에서 김민지는 곡의 흐름을 잘 타며, 리듬감 있게 멜로디를 이어간다. 그녀의 호흡은 곡의 마무리를 장식하며, 전통 민요의 장르적 완성도를 높이는 데 기여한다.","Changbu Taryeong is a representative song of Gyeonggi folk songs that originated from the shamanistic rituals in Seoul, having spread into the public domain and become popularized. It belongs to the genre of folk music > folk songs, where the characteristics of Gyeonggi folk songs are prominently displayed. This piece features a unique melodic structure known as Changbu Taryeong-jo (Gyeongtori) and can be sung with various lyrics, making it one of the most beloved songs. Female vocalist Kim Min-ji effectively preserves traditional singing techniques through this piece. Her voice naturally guides the flow of the song, with stable and clear vocalization that leaves a strong impression on the audience. Kim Min-ji skillfully employs vocal embellishments to emphasize the traditional elements of the piece, intricately expressing each syllable to enrich the narrative of the song. Her vocal volume is also appropriately controlled, providing the stability needed to manage long phrases. Riding on the rhythm of the gutgeori, Kim Min-ji adeptly navigates the flow of the song, seamlessly connecting the melody with a sense of rhythm. Her breath concludes the piece, contributing to the overall artistic completeness of the traditional folk song genre.","아니 아니노지는 못하리라
백두산 천지가에 들쭉 열매 아름답고 구비치는 압록강에 뗏목 또한 경이로다
금강산 비로봉엔 기화이초 피어있고 해금강 총석정엔 넘실대는 파도위에 백조쌍쌍 흥겨운다
배를 타고 노를 저어 대자연 좋은 풍경 마음대로 즐겨볼까
얼씨구나 지화자 좋네 아니 노지는 못하리라
진국명산 만장봉이 청천삭출 금부용은 서색은 반공 응상궐이요 숙기는 종영
출인걸 하니 만만세지 금탕이라 태평연월 좋은 시절 전조사를 꿈꾸는 듯
유유한 한강물은 말없이 흘러가고 인왕으로 넘는 해는 나의 감회를 돋우는듯
얼씨구나 절씨구려 아니 노지는 못하리라
섬섬옥수 부여잡고 만단정회 어제련듯 조물이 시기하여 이별될 줄 뉘라알리
이리생각 저리궁리 생각끝에 한숨일세 얄미웁고 아쉬웁고 분하고도 그리워라
아픈 가슴 움켜잡고 나만혼자 고민일세
얼씨구 절씨구 절씨구 지화자 좋네 아니노지는 못하리라",아니 아니노지는 못하리라 / 백두산 천지가에 들쭉 열매 아름답고 / 구비치는 압록강에 뗏목 또한 경이로다 / 금강산 비로봉엔 기화이초 피어있고 / 해금강 총석정엔 넘실대는 파도위에 / 백조쌍쌍 흥겨운다 배를 타고 노를 저어 / 대자연 좋은 풍경 마음대로 즐겨볼까 / 얼씨구나 지화자 좋네 아니 노지는 못하리라 / 진국명산 만장봉이 청천삭출 금부용은 / 서색은 반공 응상궐이요 숙기는 종영 출인걸 하니 / 만만세지 금탕이라 태평연월 좋은 시절 / 전조사를 꿈꾸는 듯 유유한 한강물은 / 말없이 흘러가고 인왕으로 넘는 해는 나의 감회를 돋우는듯 / 얼씨구나 절씨구려 아니 노지는 못하리라 / 섬섬옥수 부여잡고 만단정회 어제련듯 / 조물이 시기하여 이별될 줄 뉘라알리 / 이리생각 저리궁리 생각끝에 한숨일세 / 얄미웁고 아쉬웁고 분하고도 그리워라 / 아픈 가슴 움켜잡고 나만혼자 고민일세 / 얼씨구 절씨구 절씨구 지화자 좋네 아니노지는 못하리라,20.0,247.54
KC_TM_MF_MY_S000111,경기,민속악,민요,경기민요,청춘가,김민지,여창,Eb / Cm,굿거리,12/8,120.0,"경쾌한(3), 신나는(2), 가볍고 신비로운(1), 그루브감 있는(1), 낭만적인(1), 마음을 울리는(1), 부드러운(1), 생기 있는(1), 에너지 넘치는(1), 유려한(1), 유쾌한(1), 잔잔한(1), 즐거운(1), 평화로운(1), 향수 어린(1), 향토적인(1), 희망적인(1), 희망찬(1)","콧소리 나는(3), 가는(2), 맑은(2), 청아한(2), 고운(1), 공명감 있는(1), 밝은(1), 뻗어 나가는(1), 시원한(1), 화사한(1)","청춘가는 '이팔청춘가'에서 유래하여 일제강점기에 경기민요로 정착한 곡으로, 청춘의 덧없음과 권학을 주제로 하여 인생의 무상함을 담담하면서도 경쾌하게 표현하는 전형적인 경기민요이다. 이 곡은 민속악의 한 장르로서, 경기민요의 특징이 잘 드러나는 작품이다. 여창 가창자 김민지는 이 곡을 통해 자신의 목소리로 청춘의 주제를 효과적으로 전달한다. 그녀의 가창은 발성과 시김새를 통해 곡의 흐름을 이끌어가며, 명확한 음절 발음과 함께 곡의 리듬에 잘 맞춰져 있다. 김민지는 시김새를 적절히 사용하여 멜로디를 표현하며, 성량을 통해 곡의 에너지를 높인다. 그녀의 호흡은 곡의 전개에 따라 조절되며, 각 구절의 시작과 끝에서 힘을 주거나 여유를 두어 청춘의 주제를 더욱 강조한다. 굿거리 장단의 리듬 위에서 김민지는 곡의 흐름을 타며, 리듬에 맞춰 자연스럽게 호흡을 조절하여 곡의 마무리를 장식한다. 이러한 호흡의 조절은 곡의 완성도를 높이며, 경기민요의 특성을 잘 살려준다.","Cheongchun-gane, derived from ""Ipalcheongchunga,"" is a piece that settled as a Gyeonggi folk song during the Japanese colonial period, expressing the fleeting nature of youth and the pursuit of learning while conveying the transience of life in a calm yet lively manner, making it a quintessential example of Gyeonggi folk music. This piece, as a genre of folk music, showcases the distinctive characteristics of Gyeonggi folk songs effectively. Female vocalist Kim Min-ji communicates the theme of youth through her voice, guiding the flow of the piece with her vocalization and ornamentation, which are well-aligned with clear syllable pronunciation and the rhythm of the song. Kim Min-ji appropriately employs ornamentation to express the melody and enhances the energy of the piece through her vocal strength. Her breath control adjusts according to the development of the song, emphasizing the theme of youth by applying strength or relaxation at the beginning and end of each phrase. Riding on the rhythm of the gutgeori jangdan, Kim Min-ji naturally regulates her breathing in accordance with the rhythm, beautifully concluding the piece. This control of breath elevates the overall quality of the song and effectively highlights the characteristics of Gyeonggi folk music.","이팔청춘에 소년몸 되어서 문명의 학문을 닦아를 봅시다
청춘홍안을 내자랑 말어라 덧없는 세월에 백발이 되누나
요지일월 순지건곤이요 태평성대가 여기로구나
동두천소요산 약수대 꼭대기 홀로선 소나무 날같이외롭다
여울에 바둑돌 부디껴 희고요 이내몸시달려 백발이 되누나
세상만사를 생각을 하면은 묘창해지 일속이로구나
무정세월아 가지를 말아라 장안에 호걸이 다늙어가누나
세월이가기는 흐르는 물같고 사람이 늙기는 바람결같구나
이팔청춘에 소년몸 되어서 문명의 학문을 닦아를 봅시다
창밖에 오는 비 산란도 하더니 비끝에 돋는 달 유정도 하구나",이팔청춘에 소년몸 되어서 / 문명의 학문을 닦아를 봅시다 / 청춘홍안을 내자랑 말어라 / 덧없는 세월에 백발이 되누나 / 요지일월 순지건곤이요 / 태평성대가 여기로구나 / 동두천소요산 약수대 꼭대기 / 홀로선 소나무 날같이외롭다 / 여울에 바둑돌 부디껴 희고요 / 이내몸시달려 백발이 되누나 / 세상만사를 생각을 하면은 / 묘창해지 일속이로구나 / 무정세월아 가지를 말아라 / 장안에 호걸이 다늙어가누나 / 세월이가기는 흐르는 물같고 / 사람이 늙기는 바람결같구나 / 이팔청춘에 소년몸 되어서 / 문명의 학문을 닦아를 봅시다 / 창밖에 오는 비 산란도 하더니 / 비끝에 돋는 달 유정도 하구나,20.0,241.54
KC_TM_MF_MY_S000112,경기,민속악,민요,경기민요,천안삼거리,김민지,여창,Eb / Cm,굿거리,12/8,120.0,"경쾌한(2), 다이내믹한(2), 따뜻한(2), 신나는(2), 에너지 넘치는(2), 유쾌한(2), 즐거운(2), 편안한(2), 귀여운(1), 그루브감 있는(1), 도취된(1), 명랑한(1), 생기 있는(1), 평화로운(1), 행복한(1), 활기찬(1), 활달한(1), 희망적인(1)","가는(2), 고운(2), 맑은(2), 시원한(2), 화사한(2), 깨끗한(1), 매끄러운(1), 밝은(1), 비강 울림이 있는(1), 유연한(1), 청아한(1)","천안삼거리는 경기민요의 대표적인 곡으로, 충청 지역에서 널리 불리는 민속악의 일종이다. 이 곡은 '천안삼거리 흥~'으로 시작하며, 능수버들과 관련된 전설을 담고 있어 지역적 특색이 잘 드러난다. 경기민요의 특징을 잘 살린 이 곡은 굿거리장단의 흥겨운 리듬 속에 애절한 사연을 담고 있어, 듣는 이로 하여금 깊은 감동을 자아낸다. 여창 가창자 김민지는 이 곡을 통해 곡의 서사를 효과적으로 전달하며, 그녀의 목소리는 곡의 흐름을 매끄럽게 이끌어간다. 김민지는 발성에서 안정적인 호흡을 유지하며, 시김새를 적절히 활용하여 민요 특유의 감정을 표현한다. 또한, 그녀의 성량은 곡의 전개에 따라 유연하게 변화하며, 각 음절의 발음이 명확하게 드러난다. 굿거리장단의 경쾌한 리듬 위에서 김민지는 리드미컬하게 흐름을 타며, 목소리의 높낮이를 조절하여 곡의 긴장감과 완급을 조절한다. 곡의 마무리에서는 호흡을 통해 자연스럽게 여운을 남기며, 전체적인 장르적 완성도를 높이는 데 기여한다. 이러한 요소들이 결합되어 김민지의 가창은 천안삼거리를 더욱 빛나게 한다.","Cheonan Samgeori is a representative piece of Gyeonggi folk song, widely sung in the Chungcheong region, and is a type of folk music. The song begins with ""Cheonan Samgeori heung~"" and encapsulates a legend related to the willow trees, showcasing the distinct regional characteristics. This piece effectively embodies the features of Gyeonggi folk songs, containing a poignant narrative within the lively rhythm of the Gutgeori Jangdan, which evokes deep emotions in the listeners. Vocalist Kim Min-ji conveys the song's narrative effectively, and her voice smoothly guides the flow of the piece. She maintains stable breath control in her vocalization and appropriately employs vocal embellishments to express the unique emotions of the folk song. Additionally, her vocal volume flexibly adjusts according to the development of the piece, with clear enunciation of each syllable. Riding on the brisk rhythm of the Gutgeori Jangdan, Kim rhythmically navigates the flow, modulating her pitch to control the tension and dynamics of the song. In the conclusion of the piece, she leaves a lingering resonance through her breath, contributing to the overall artistic completeness of the genre. These elements combine to enhance Kim Min-ji's performance, making Cheonan Samgeori shine even brighter.","천안삼거리 흥 능수버들은 흥 제멋에 겨워서 휘늘어졌구나 에루화좋다 흥 성화로구나 흥
세상만사를 흥 생각을 하면은 흥 인생의 부영이 꿈이로구나 에루화좋다 흥 성화로구나 흥
발그레한 저녁노을 흥 돋는 저 곳에 흥 넘어가는 낙일이 물에비치네 에루화좋다 흥 성화로구나 흥
은하작교가 흥 콱 무너졌으니 흥 건너 갈 길이 망연이로구나 에루화좋다 흥 성화로구나 흥
설만산중에 흥 치두홍이요 흥 우리집 사랑에 영산홍이라 에루화좋다 흥 성화로구나 흥
서산에 지는 해 흥 뉘가 막으며 흥 창해유수는 다시 못 오네 에루화좋다 흥 성화로구나 흥
천안삼거리 흥 능수버들은 흥 제멋에 겨워서 휘늘어졌구나 에루화좋다 흥 성화로구나 흥",천안삼거리 흥 능수버들은 흥 / 제멋에 겨워서 휘늘어졌구나 / 에루화좋다 흥 성화로구나 흥 / 세상만사를 흥 생각을 하면은 흥 / 인생의 부영이 꿈이로구나 / 에루화좋다 흥 성화로구나 흥 / 발그레한 저녁노을 흥 돋는 저 곳에 흥 / 넘어가는 낙일이 물에비치네 / 에루화좋다 흥 성화로구나 흥 / 은하작교가 흥 콱 무너졌으니 흥 / 건너 갈 길이 망연이로구나 / 에루화좋다 흥 성화로구나 흥 / 설만산중에 흥 치두홍이요 흥 / 우리집 사랑에 영산홍이라 / 에루화좋다 흥 성화로구나 흥 / 서산에 지는 해 흥 뉘가 막으며 흥 / 창해유수는 다시 못 오네 / 에루화좋다 흥 성화로구나 흥 / 천안삼거리 흥 능수버들은 흥 / 제멋에 겨워서 휘늘어졌구나 / 에루화좋다 흥 성화로구나 흥,21.0,253.54
KC_TM_MF_MY_S000113,서도,민속악,민요,서도민요,봉죽타령,유지숙,여창,D / Bm,굿거리,12/8,140.0,"경쾌한(2), 그루브감 있는(2), 유쾌한(2), 향토적인(2), 가볍고 신비로운(1), 그리운(1), 긴장된(1), 따뜻한(1), 생기 있는(1), 서사적인(1), 슬픈(1), 신나는(1), 애정 어린(1), 에너지 넘치는(1), 여유로운(1), 즐거운(1), 편안한(1), 활달한(1)","날카로운(2), 단단한(2), 비강 울림이 있는(2), 뻗어 나가는(2), 가는(1), 고운(1), 담백한(1), 쇳소리 나는(1), 시원한(1), 콧소리 나는(1), 탁 트인(1), 힘 있는(1)","봉죽타령은 민속악의 범주에 속하는 서도민요로, 조기잡이 뱃길을 따라 연평도를 중심으로 한 지역에서 전해 내려오는 곡이다. 이 곡은 북쪽의 평북 철산군과 남쪽의 전남 진도군 조도면 소마도를 연결하는 뱃노래로, 다양한 지역에서 불리면서도 서도민요의 골격을 유지하고 있는 특징을 지닌다. 여창 가창자 유지숙의 목소리는 이 곡을 이끌어가는 중요한 요소로, 그녀는 발성을 통해 곡의 멜로디를 명확하게 표현하며, 시김새를 적절히 사용하여 전통적인 민요의 느낌을 잘 살린다. 유지숙은 성량을 조절하며 굿거리 장단의 리듬에 맞춰 유연하게 흐름을 타고, 호흡을 통해 각 구절의 끝을 부드럽게 마무리하여 곡의 완성도를 높인다. 이러한 호흡의 조절은 곡의 전반적인 리듬을 더욱 강조하며, 청중이 자연스럽게 곡의 흐름에 몰입할 수 있게 만든다.","Bongjuk Taryeong is a folk song belonging to the category of minyo from the western region, passed down in the area centered around Yeonpyeongdo, along the fishing routes for catching croakers. This song serves as a boat song connecting Somado in Jodo-myeon, Jeonnam Jindo-gun in the south, with Cheolsan-gun in Pyongbuk in the north, maintaining the structural characteristics of western minyo while being sung in various regions. The voice of the female vocalist Yoo Ji-sook is a crucial element that drives this piece; through her vocalization, she clearly articulates the melody of the song and appropriately employs the traditional ornamentation known as sigimsae, effectively capturing the essence of the folk song. Yoo Ji-sook skillfully adjusts her vocal volume, flowing flexibly with the rhythm of the gutgeori jangdan, and she gently concludes each phrase through her breath control, enhancing the overall quality of the piece. This regulation of breath further emphasizes the song's overall rhythm, allowing the audience to naturally immerse themselves in the flow of the music.","에헤에헤야 어그야 지화자 좋다
청남 청북에 오가는 재물 모두 다 실어다 들이자누나
에헤에헤야 어그야 지화자 좋다
일년 열두달 이 정성 들여 이 한몫 보자구 또 하는 구나
에헤에헤야 어그야 지화자 좋다
수상 수하에 오르는 조기 한쌍만 냉기고 다 잡아 드려라
에헤에헤야 어그야 지화자 좋다
높은 돛대다 만선길 달고 뱃굽을 쾅쾅 치는 소리 여덟도 고깃배 다모여든다
에헤에헤야 어그야 지화자 좋다
청남 청북에 오가는 재물 모두 다 실어다 들이자누나
에헤에헤야 어그야 지화자 좋다
일년 열두달 이 정성 들여 이 한몫 보자구 또 하는 구나
에헤에헤야 어그야 지화자 좋다
수상 수하에 오르는 조기 한쌍만 냉기고 다 잡아 드려라
에헤에헤야 어그야 지화자 좋다
높은 돛대다 만선길 달고 뱃굽을 쾅쾅 치는 소리 여덟도 고깃배 다모여든다
에헤에헤야 어그야 지화자 좋다
에헤에헤야 어그야 지화자 좋다",에헤에헤야 어그야 지화자 좋다 / 청남 청북에 오가는 재물 모두 다 실어다 들이자누나 / 에헤에헤야 어그야 지화자 좋다 / 일년 열두달 이 정성 들여 이 한몫 보자구 또 하는 구나 / 에헤에헤야 어그야 지화자 좋다 / 수상 수하에 오르는 조기 한쌍만 냉기고 다 잡아 드려라 / 에헤에헤야 어그야 지화자 좋다 / 높은 돛대다 만선길 달고 뱃굽을 쾅쾅 치는 소리 여덟도 고깃배 다모여든다 / 에헤에헤야 어그야 지화자 좋다 / 청남 청북에 오가는 재물 모두 다 실어다 들이자누나 / 에헤에헤야 어그야 지화자 좋다 / 일년 열두달 이 정성 들여 이 한몫 보자구 또 하는 구나 / 에헤에헤야 어그야 지화자 좋다 / 수상 수하에 오르는 조기 한쌍만 냉기고 다 잡아 드려라 / 에헤에헤야 어그야 지화자 좋다 / 높은 돛대다 만선길 달고 뱃굽을 쾅쾅 치는 소리 여덟도 고깃배 다모여든다 / 에헤에헤야 어그야 지화자 좋다 / 에헤에헤야 어그야 지화자 좋다,18.0,196.75
KC_TM_MF_MY_S000114,경기,민속악,민요,경기민요,천안도삼거리,김민지,여창,Eb / Cm,굿거리,12/8,100.0,"유쾌한(3), 경쾌한(2), 감상적인(1), 다이내믹한(1), 단아한(1), 신나는(1), 신명난(1), 쓸쓸한(1), 애정 어린(1), 에너지 넘치는(1), 여유로운(1), 우아한(1), 잔잔한(1), 즐거운(1), 평화로운(1), 표현적인(1)","시원한(3), 담백한(2), 콧소리 나는(2), 고운(1), 쇳소리 나는(1), 울리는(1), 직진의(1), 투명한(1)","천안도삼거리는 본래 충청도 민요로 시작되었으나 서울과 경기 지역의 명창들에 의해 전승되어 경기민요로 인식되는 곡이다. 이 곡은 향토민요인 긴아리의 변형 혹은 사당패 소리에서 유래되었다는 견해가 있으며, 음악적으로는 사당패 소리인 산타령이나 화초사거리의 영향을 받아 통속민요화되었다. 여창 가창자 김민지는 이 곡에서 독특한 창법을 통해 곡의 흐름을 이끌어간다. 그녀의 목소리는 강한 발성과 함께 시김새 표현이 두드러지며, 전통적인 경기민요의 특성을 잘 살려낸다. 김민지는 멜로디를 표현할 때 음의 높낮이를 자유롭게 조절하며, 각 음절에 감정을 담아내는 방식으로 청중을 사로잡는다. 또한, 그녀의 성량은 곡의 전체적인 구조와 잘 어우러지며, 호흡 조절을 통해 긴장감과 안정감을 동시에 전달한다. 굿거리장단의 흥겨운 리듬 위에서 김민지는 자연스럽게 흐름을 타며, 리듬에 맞춰 시김새를 적절히 배치하여 곡의 완성도를 높인다. 그녀의 호흡은 곡의 마무리를 장식하며, 각 음절의 끝을 부드럽게 마감하여 전체적인 통일감을 주는 동시에 전통적인 민요의 매력을 더욱 돋보이게 한다.","Cheonan Dosamgeori originally began as a folk song from Chungcheong Province but has been transmitted by renowned singers from Seoul and Gyeonggi Province, becoming recognized as a Gyeonggi folk song. There is a perspective that this piece is a variation of the local folk song Ginaris or derived from the sounds of the Sadanpae, and musically, it has been popularized under the influence of Sadanpae sounds such as Santaryeong or Hwacho Sago-ri. Female vocalist Kim Min-ji leads the flow of the piece with her unique singing style. Her voice is characterized by strong projection and prominent expression of sigimsae, effectively embodying the characteristics of traditional Gyeonggi folk music. Kim Min-ji freely adjusts the pitch while expressing the melody, captivating the audience by infusing emotion into each syllable. Additionally, her vocal range harmonizes well with the overall structure of the piece, conveying both tension and stability through breath control. Riding on the lively rhythm of the Gutgeori Jangdan, Kim Min-ji naturally flows with the music, appropriately placing sigimsae in accordance with the rhythm to enhance the piece's completeness. Her breath adorns the conclusion of the song, softly finishing each syllable, which not only provides a sense of overall unity but also accentuates the charm of traditional folk music.","천안도 삼거리 능수나 버들은 제멋에 겨워서 축 늘어졌구나
무정세월아 오고가지 말어라 아까운 내청춘 다 늙어가노라
날다려 가거라 날모셔 가거라 한양낭군아 날모셔 가거라
적막빈방에 외로운 이몸이 누구를 바라고 산단 말이냐
설만산중에 치두홍이요 우리집 사랑에 영산홍이라
은하작교가 콱무너졌으니 건너갈 길이 망연이로구나
에루화 좋구나 성화로구나 아니나 노지는 못하겠구나
창밖에 오는비 산란도 하더니 비끝에 돋는 달 유정도 하구나
가는 곳마다 정들여놓구요 이별이 잦아서 나 못살겠구나",천안도 삼거리 능수나 버들은 / 제멋에 겨워서 축 늘어졌구나 / 무정세월아 오고가지 말어라 / 아까운 내청춘 다 늙어가노라 / 날다려 가거라 날모셔 가거라 / 한양낭군아 날모셔 가거라 / 적막빈방에 외로운 이몸이 / 누구를 바라고 산단 말이냐 / 설만산중에 치두홍이요 / 우리집 사랑에 영산홍이라 / 은하작교가 콱무너졌으니 / 건너갈 길이 망연이로구나 / 에루화 좋구나 성화로구나 / 아니나 노지는 못하겠구나 / 창밖에 오는비 산란도 하더니 / 비끝에 돋는 달 유정도 하구나 / 가는 곳마다 정들여놓구요 / 이별이 잦아서 나 못살겠구나,18.0,261.02
KC_TM_MF_MY_S000115,경기,민속악,민요,경기민요,오봉산타령,김민지,여창,Eb / Cm,굿거리,12/8,120.0,"애정 어린(3), 생기 있는(2), 표현적인(2), 가볍고 신비로운(1), 강렬한(1), 경쾌한(1), 낭만적인(1), 부드러운(1), 신나는(1), 신명난(1), 아정한(1), 에너지 넘치는(1), 여유로운(1), 유쾌한(1), 향수 어린(1), 활달한(1), 희망적인(1), 희망찬(1)","밝은(3), 가는(1), 고운(1), 담백한(1), 맑은(1), 비강 울림이 있는(1), 뻗어 나가는(1), 선명한(1), 여린(1), 청아한(1), 콧소리 나는(1), 투명한(1), 화사한(1)","오봉산타령은 오봉산의 경치와 임을 그리는 마음을 노래한 경기 신민요로, 1930년대에 형성된 민속악의 한 갈래이다. 이 곡은 경기민요의 특징이 잘 드러나며, 경쾌하고 명랑한 분위기를 자아낸다. 여창 가창자 김민지는 이 곡을 통해 전통적인 민요의 매력을 전달한다. 그녀의 목소리는 곡의 멜로디를 자연스럽게 이끌어가며, 발성은 안정적이고 명료하다. 김민지는 시김새를 활용하여 곡의 감정을 섬세하게 표현하며, 각 음절에 대한 장단을 정확히 살려낸다. 그녀는 굿거리 장단의 리듬에 맞춰 호흡을 조절하며, 음의 길이를 조절하여 곡의 흐름을 부드럽게 이어간다. 특히, 김민지의 호흡은 곡의 마무리를 장식하며, 각 음의 끝을 정교하게 마무리 짓는 데 기여하여 장르적 완성도를 높인다. 전체적으로 그녀의 가창은 오봉산타령의 전통적인 요소를 잘 살리면서도, 현대적인 감각을 더해주는 역할을 한다.","Obongsan Taryeong is a Gyeonggi folk song that expresses the beauty of Obongsan Mountain and the feelings of longing for a beloved, representing a branch of folk music that emerged in the 1930s. This piece distinctly showcases the characteristics of Gyeonggi minyo, evoking a lively and cheerful atmosphere. The female vocalist Kim Min-ji conveys the charm of traditional folk songs through her performance. Her voice naturally guides the melody of the piece, displaying stable and clear vocalization. Kim Min-ji employs sigimsae to delicately express the emotions of the song, accurately maintaining the rhythmic patterns of each syllable. She adjusts her breathing in accordance with the rhythm of the gutgeori jangdan, skillfully controlling the length of the notes to ensure a smooth flow throughout the piece. Notably, her breath embellishes the conclusion of the song, contributing to the intricate finishing of each note and enhancing the genre's overall completeness. Overall, her singing effectively preserves the traditional elements of Obongsan Taryeong while also infusing a modern sensibility.","오봉산 꼭대기 에루화 돌배나무는 가지가지 꺾어도 에루화 모양만 나누나
에헤요 어허야 영산홍록에 봄바람
오봉산제일봉에 백학이 춤추고 단풍진 숲속에 새울음도 처량타
에헤요 어허야 영산홍록에 봄바람
그윽한 준봉에 한떨기 핀꽃은 바람에 휘날려 에루화 간들거리네
에헤요 어허야 영산홍록에 봄바람
바람아 불어라 에루화 구름아 일어라 부평초 이내몸 끝없이 한없이 가잔다
에헤요 어허야 영산홍록에 봄바람
오봉산 꼭대기 채색구름이 뭉게뭉게 만학의 연무는 에루화 아롱아롱
에헤요 어허야 영산홍록에 봄바람
오봉산 꼭대기 홀로 섰는 노송남근 광풍을 못이겨 에루화 반춤만 춘다
에헤요 어허야 영산홍록에 봄바람
오봉산 기슭에 아름다운 꽃들은 방실방실 웃으며 이 봄을 즐겨 주노라
에헤요 어허야 영산홍록에 봄바람",오봉산 꼭대기 에루화 돌배나무는 / 가지가지 꺾어도 에루화 모양만 나누나 / 에헤요 어허야 영산홍록에 봄바람 / 오봉산제일봉에 백학이 춤추고 / 단풍진 숲속에 새울음도 처량타 / 에헤요 어허야 영산홍록에 봄바람 / 그윽한 준봉에 한떨기 핀꽃은 / 바람에 휘날려 에루화 간들거리네 / 에헤요 어허야 영산홍록에 봄바람 / 바람아 불어라 에루화 구름아 일어라 / 부평초 이내몸 끝없이 한없이 가잔다 / 에헤요 어허야 영산홍록에 봄바람 / 오봉산 꼭대기 채색구름이 뭉게뭉게 / 만학의 연무는 에루화 아롱아롱 / 에헤요 어허야 영산홍록에 봄바람 / 오봉산 꼭대기 홀로 섰는 노송남근 / 광풍을 못이겨 에루화 반춤만 춘다 / 에헤요 어허야 영산홍록에 봄바람 / 오봉산 기슭에 아름다운 꽃들은 / 방실방실 웃으며 이 봄을 즐겨 주노라 / 에헤요 어허야 영산홍록에 봄바람,21.0,253.54
KC_TM_MF_MY_S000116,경기,민속악,민요,경기민요,사발가,김민지,여창,Db / Bbm,굿거리,12/8,120.0,"유쾌한(3), 평화로운(3), 경쾌한(2), 생기 있는(2), 여유로운(2), 즐거운(2), 희망적인(2), 귀여운(1), 다이내믹한(1), 단아한(1), 명랑한(1), 부드러운(1), 신나는(1), 에너지 넘치는(1), 절제된(1), 축제적인(1), 표현적인(1), 행복한(1), 활기찬(1), 희망찬(1)","단단한(3), 밝은(3), 유연한(3), 뻗어 나가는(2), 가는(1), 걸쭉한(1), 날 선(1), 역동적인(1), 청아한(1), 콧소리 나는(1), 탁 트인(1), 힘 있는(1)","사발가는 일제강점기 '석탄백탄가'에서 유래한 경기 신민요로, 민족의 애환과 사랑을 노래하는 곡이다. 이 곡은 경기민요의 특징이 잘 드러나는 민속악 > 민요 장르에 속하며, 반경토리의 선율과 굿거리장단으로 구성되어 있다. 여창 가창자 김민지는 이 곡을 통해 깊은 감정을 전달하며, 그녀의 목소리는 곡의 서정적인 선율과 잘 어우러진다. 김민지는 발성을 통해 고유의 창법을 구사하며, 시김새를 적절히 사용하여 멜로디의 흐름을 자연스럽게 이어간다. 그녀의 성량은 곡의 긴장감을 조절하며, 호흡은 각 구절의 끝에서 적절히 조절되어 리듬의 흐름을 끊지 않고 이어간다. 굿거리장단의 리듬 위에서 김민지는 안정적인 호흡으로 곡의 전체적인 흐름을 타며, 그녀의 호흡은 곡의 마무리를 부드럽게 장식하고 장르적 완성도를 높이는 데 기여한다.","Sabalgara is a Gyeonggi folk song that originated from ""Seoktan Baektan-ga"" during the Japanese colonial period, expressing the sorrows and loves of the Korean people. This piece belongs to the folk music genre of Gyeonggi minyo, which showcases the distinctive characteristics of Gyeonggi folk songs, and is structured with a melody based on ban-gyeongtori and a rhythm of gutgeori jangdan. Female vocalist Kim Min-ji conveys deep emotions through this song, and her voice harmonizes beautifully with the lyrical melody. Kim employs her unique singing technique through her vocalization, skillfully utilizing sigimsae to create a natural flow in the melody. Her vocal range adjusts the tension of the piece, while her breath control is carefully managed at the end of each phrase, maintaining the continuity of the rhythmic flow. Riding on the rhythm of gutgeori jangdan, Kim navigates the overall progression of the song with stable breath support, and her breathing gracefully embellishes the conclusion of the piece, enhancing its genre-specific completeness.","금수강산 삼천리 풍년이오니 한사발 두사발 함포고복이라
에헤요 어허야 어여라 난다 듸여라 허송세월 말어라
정든님아 오실테면 버젓하게 오지요 꿈속에만 오락가락 구곡간장 다태운다
에헤요 어허야 어여라 난다 듸여라 허송세월 말어라
일망무제 너른들에 가득히 심은 곡식은 농업보국 다한후에 학발양친을 봉양하세
에헤요 어허야 어여라 난다 듸여라 허송세월 말어라
낙동강 칠백리 포곡새 울고요 이강산 삼천리 무궁화 피누나
에헤요 어허야 어여라 난다 듸여라 허송세월 말어라
열두주름 치마폭 갈피갈피 맺힌 설움이 초생달이 기울면 줄줄이 쌍쌍이 눈물이라
에헤요 어허야 어여라 난다 듸여라 허송세월 말어라
시냇가에 빨래소리 오드락 똑딱 나는데 아롱아롱 버들잎은 정든 님 얼굴을 가리누나
에헤요 어허야 어여라 난다 듸여라 허송세월 말어라",금수강산 삼천리 풍년이오니 / 한사발 두사발 함포고복이라 / 에헤요 어허야 어여라 난다 듸여라 허송세월 말어라 / 정든님아 오실테면 버젓하게 오지요 / 꿈속에만 오락가락 구곡간장 다태운다 / 에헤요 어허야 어여라 난다 듸여라 허송세월 말어라 / 일망무제 너른들에 가득히 심은 곡식은 / 농업보국 다한후에 학발양친을 봉양하세 / 에헤요 어허야 어여라 난다 듸여라 허송세월 말어라 / 낙동강 칠백리 포곡새 울고요 / 이강산 삼천리 무궁화 피누나 / 에헤요 어허야 어여라 난다 듸여라 허송세월 말어라 / 열두주름 치마폭 갈피갈피 맺힌 설움이 / 초생달이 기울면 줄줄이 쌍쌍이 눈물이라 / 에헤요 어허야 어여라 난다 듸여라 허송세월 말어라 / 시냇가에 빨래소리 오드락 똑딱 나는데 / 아롱아롱 버들잎은 정든 님 얼굴을 가리누나 / 에헤요 어허야 어여라 난다 듸여라 허송세월 말어라,18.0,255.02
KC_TM_MF_MY_S000117,경기,민속악,민요,경기민요,꼭두각시,김민지,여창,F / Dm,자진모리,12/8,330.0,"신나는(3), 귀여운(2), 명랑한(2), 생기 있는(2), 신명난(2), 유쾌한(2), 즐거운(2), 경쾌한(1), 편안한(1), 평화로운(1), 해학적인(1), 행복한(1), 향토적인(1), 활기찬(1), 활달한(1)","깨끗한(3), 밝은(3), 가는(2), 유연한(2), 고운(1), 맑은(1), 섬세한(1), 여린(1), 투명한(1), 화사한(1)","이 곡은 경기민요 어법으로 만들어진 근대 신민요로, 꼭두각시 또는 신랑 각시의 결혼식을 표현하고 있으며, 탈춤 구경하는 흥겨운 분위기와 과장된 몸짓을 담고 있다. 경기민요의 특징이 잘 드러나는 민속악 장르의 곡으로, 전통적인 가창 방식과 창법을 통해 민속적인 정서를 전달한다. 여창 가창자 김민지는 이 곡에서 자신의 목소리로 이야기의 흐름을 이끌어가며, 명확한 발성과 함께 전통적인 시김새를 적절히 활용하여 곡의 리듬을 살린다. 그녀의 목소리는 각 구절마다 다채로운 멜로디를 표현하며, 특히 높은 음역대에서의 발음이 뚜렷하게 드러나고, 힘 있는 성량으로 청중의 귀를 사로잡는다. 호흡은 곡의 리듬에 맞춰 자연스럽게 이어지며, 각 마디의 시작과 끝에서의 호흡 조절이 곡의 긴장감과 이완을 잘 표현한다. 자진모리 장단의 경쾌한 리듬 위에서 김민지는 곡의 흐름을 타며, 각 시구마다 적절한 호흡을 통해 곡의 마무리를 장식하고, 전체적인 장르적 완성도를 높인다. 이러한 요소들은 경기민요의 전통적인 특성을 잘 살리면서도 현대적인 해석을 더해, 청중에게 깊은 인상을 남기는 데 기여한다.","This piece is a modern shinnmiyo created in the style of Gyeonggi minyo, expressing the wedding ceremony of a kkokdugaksi or a bride and groom, capturing the lively atmosphere of watching a talchum performance along with exaggerated gestures. It is a folk music genre that prominently features the characteristics of Gyeonggi minyo, conveying a folkloric sentiment through traditional singing methods and vocal techniques. Female vocalist Kim Min-ji leads the narrative flow of the piece with her voice, utilizing clear enunciation and appropriately employing traditional sigimsae to enhance the rhythm of the song. Her voice expresses a diverse melody in each phrase, with particularly distinct pronunciation in the higher vocal range, captivating the audience with her powerful timbre. Breathing is naturally aligned with the rhythm of the piece, and the control of breath at the beginning and end of each measure effectively conveys the tension and relaxation of the composition. Riding on the brisk rhythm of the jajinmori jangdan, Kim Min-ji navigates the flow of the piece, embellishing the conclusion of each verse with appropriate breaths, thereby enhancing the overall genre's completeness. These elements not only preserve the traditional characteristics of Gyeonggi minyo but also add a modern interpretation, contributing to a profound impression on the audience.","탈을 쓰고 신이 나서 춤춘다 꼭두각시 한쌍이 빙글빙글 돈다
꺼덕꺼덕 꼭두각시 나온다 타령 장단 맞추어 신이 나서 춤춘다
봉산 탈춤 구경에 해지는 줄 모르고 오광대 놀음에 날새는 줄 모르네
꼭두각시 한쌍이 빙글빙글 돈다
가세가세 구경하러 가세 구경은 웬구경 탈춤구경가세
아장아장 나오는 꼴좀보소 천하일색 기생이 사또님 앞에 나왔다
탐관오리 고을원님 권세자랑은 좋은데 죄없는 사람은 때리기는 왜때려
꼭두각시 한쌍이 빙글빙글 돈다
탈을 쓰고 신이 나서 춤춘다 꼭두각시 한쌍이 빙글빙글 돈다
꺼덕꺼덕 꼭두각시 나온다 타령 장단 맞추어 신이 나서 춤춘다
봉산 탈춤 구경에 해지는 줄 모르고 오광대 놀음에 날새는 줄 모르네
꼭두각시 한쌍이 빙글빙글 돈다
가세가세 구경하러 가세 구경은 웬구경 탈춤구경가세
아장아장 나오는 꼴좀보소 천하일색 기생이 사또님 앞에 나왔다
탐관오리 고을원님 권세자랑은 좋은데 죄없는 사람은 때리기는 왜때려
꼭두각시 한쌍이 빙글빙글 돈다
탈을 쓰고 신이 나서 춤춘다 꼭두각시 한쌍이 빙글빙글 돈다
꺼덕꺼덕 꼭두각시 나온다 타령 장단 맞추어 신이 나서 춤춘다
봉산 탈춤 구경에 해지는 줄 모르고 오광대 놀음에 날새는 줄 모르네
꼭두각시 한쌍이 빙글빙글 돈다
가세가세 구경하러 가세 구경은 웬구경 탈춤구경가세
아장아장 나오는 꼴좀보소 천하일색 기생이 사또님 앞에 나왔다
탐관오리 고을원님 권세자랑은 좋은데 죄없는 사람은 때리기는 왜때려
꼭두각시 한쌍이 빙글빙글 돈다
탈을 쓰고 신이 나서 춤춘다 꼭두각시 한쌍이 빙글빙글 돈다
꺼덕꺼덕 꼭두각시 나온다 타령 장단 맞추어 신이 나서 춤춘다
봉산 탈춤 구경에 해지는 줄 모르고 오광대 놀음에 날새는 줄 모르네
꼭두각시 한쌍이 빙글빙글 돈다
가세가세 구경하러 가세 구경은 웬구경 탈춤구경가세
아장아장 나오는 꼴좀보소 천하일색 기생이 사또님 앞에 나왔다
탐관오리 고을원님 권세자랑은 좋은데 죄없는 사람은 때리기는 왜때려
꼭두각시 한쌍이 빙글빙글 돈다",탈을 쓰고 신이 나서 춤춘다 꼭두각시 한쌍이 빙글빙글 돈다 / 꺼덕꺼덕 꼭두각시 나온다 타령 장단 맞추어 신이 나서 춤춘다 / 봉산 탈춤 구경에 해지는 줄 모르고 오광대 놀음에 날새는 줄 모르네 / 꼭두각시 한쌍이 빙글빙글 돈다 / 가세가세 구경하러 가세 구경은 웬구경 탈춤구경가세 / 아장아장 나오는 꼴좀보소 천하일색 기생이 사또님 앞에 나왔다 / 탐관오리 고을원님 권세자랑은 좋은데 죄없는 사람은 때리기는 왜때려 / 꼭두각시 한쌍이 빙글빙글 돈다 / 탈을 쓰고 신이 나서 춤춘다 꼭두각시 한쌍이 빙글빙글 돈다 / 꺼덕꺼덕 꼭두각시 나온다 타령 장단 맞추어 신이 나서 춤춘다 / 봉산 탈춤 구경에 해지는 줄 모르고 오광대 놀음에 날새는 줄 모르네 / 꼭두각시 한쌍이 빙글빙글 돈다 / 가세가세 구경하러 가세 구경은 웬구경 탈춤구경가세 / 아장아장 나오는 꼴좀보소 천하일색 기생이 사또님 앞에 나왔다 / 탐관오리 고을원님 권세자랑은 좋은데 죄없는 사람은 때리기는 왜때려 / 꼭두각시 한쌍이 빙글빙글 돈다 / 탈을 쓰고 신이 나서 춤춘다 꼭두각시 한쌍이 빙글빙글 돈다 / 꺼덕꺼덕 꼭두각시 나온다 타령 장단 맞추어 신이 나서 춤춘다 / 봉산 탈춤 구경에 해지는 줄 모르고 오광대 놀음에 날새는 줄 모르네 / 꼭두각시 한쌍이 빙글빙글 돈다 / 가세가세 구경하러 가세 구경은 웬구경 탈춤구경가세 / 아장아장 나오는 꼴좀보소 천하일색 기생이 사또님 앞에 나왔다 / 탐관오리 고을원님 권세자랑은 좋은데 죄없는 사람은 때리기는 왜때려 / 꼭두각시 한쌍이 빙글빙글 돈다 / 탈을 쓰고 신이 나서 춤춘다 꼭두각시 한쌍이 빙글빙글 돈다 / 꺼덕꺼덕 꼭두각시 나온다 타령 장단 맞추어 신이 나서 춤춘다 / 봉산 탈춤 구경에 해지는 줄 모르고 오광대 놀음에 날새는 줄 모르네 / 꼭두각시 한쌍이 빙글빙글 돈다 / 가세가세 구경하러 가세 구경은 웬구경 탈춤구경가세 / 아장아장 나오는 꼴좀보소 천하일색 기생이 사또님 앞에 나왔다 / 탐관오리 고을원님 권세자랑은 좋은데 죄없는 사람은 때리기는 왜때려 / 꼭두각시 한쌍이 빙글빙글 돈다,32.0,246.58
KC_TM_MF_MY_S000118,경기,민속악,민요,경기민요,경복궁타령,성슬기,여창,D / Bm,자진모리,12/8,280.0,"경쾌한(2), 신나는(2), 유쾌한(2), 즐거운(2), 귀여운(1), 다이내믹한(1), 단아한(1), 명랑한(1), 생기 있는(1), 서사적인(1), 신비로운(1), 쓸쓸한(1), 엄숙한(1), 에너지 넘치는(1), 절제된(1), 표현적인(1), 활기찬(1)","밝은(2), 시원한(2), 가는(1), 맑은(1), 매끄러운(1), 비강 울림이 있는(1), 섬세한(1), 여린(1), 유연한(1), 직진의(1), 콧소리 나는(1), 화사한(1)","경복궁타령은 경복궁 중건 당시 노역의 고달픔을 노래한 노동요에서 유래하여 경기민요로 정착한 곡이다. 이 곡은 경기민요의 특징이 잘 드러나는 민속악 > 민요 장르에 속하며, 자진모리장단의 빠르고 힘찬 선율이 특징이다. 여창 가창자 성슬기의 목소리는 이 곡을 생동감 있게 이끌어가며, 그녀의 발성은 명확하고 힘찬 음의 흐름을 만들어낸다. 성슬기는 멜로디를 표현하는 방식에서 전통적인 시김새를 적절히 사용하여 곡의 리듬과 감정을 잘 전달한다. 그녀의 성량은 곡의 역동성을 잘 살리며, 호흡은 긴 구절을 자연스럽게 이어가는 데 중요한 역할을 한다. 자진모리의 경쾌한 리듬 위에서 가창자는 리듬의 흐름을 타며, 후렴구를 통해 곡의 에너지를 더욱 강조한다. 성슬기의 호흡은 곡의 마무리를 부드럽게 장식하며, 전체적인 장르적 완성도를 높이는 데 기여한다.","Gyeongbokgung Taryeong is a song that originated from a labor song expressing the hardships of the construction of Gyeongbokgung Palace and has since settled into the genre of Gyeonggi folk songs. This piece belongs to the folk music > minyo genre, which distinctly showcases the characteristics of Gyeonggi minyo, featuring a fast and vigorous melody in the Jajinmori Jangdan. The voice of the female vocalist, Seong Seul-gi, brings the song to life with its vibrant energy, and her vocalization creates a clear and powerful flow of sound. Seong Seul-gi effectively employs traditional singing techniques in her interpretation of the melody, successfully conveying the rhythm and emotions of the piece. Her vocal range enhances the dynamism of the song, while her breath control plays a crucial role in seamlessly connecting long phrases. Riding on the lively rhythm of the Jajinmori, the vocalist navigates the flow of the rhythm, further emphasizing the energy of the piece through the refrain. Seong Seul-gi's breath elegantly adorns the conclusion of the song, contributing to the overall genre's completeness.","에 에헤이 에야 얼럴럴 거리고 방아로다
에 남문을 열고 파루를 치니 계명산천이 밝아 온다
에 에헤이 에야 얼럴럴 거리고 방아로다
에 을축사월 갑자일에 경복궁을 이룩일세
에 에헤이 에야 얼럴럴 거리고 방아로다
에 도편수의 거동을 봐라 먹통을 들고서 갈팡질팡 한다
에 에헤이 에야 얼럴럴 거리고 방아로다
에 단산봉황은 죽실을 물고 벽오동 속으로 넘나든다
에 에헤이 에야 얼럴럴 거리고 방아로다
에 남산하고 십이봉에 오작 한 쌍이 훨훨 날아든다
에 에헤이 에야 얼럴럴 거리고 방아로다
에 남문을 열고 파루를 치니 계명산천이 밝아 온다
에 에헤이 에야 얼럴럴 거리고 방아로다
에 을축사월 갑자일에 경복궁을 이룩일세
에 에헤이 에야 얼럴럴 거리고 방아로다
에 도편수의 거동을 봐라 먹통을 들고서 갈팡질팡 한다
에 에헤이 에야 얼럴럴 거리고 방아로다",에 에헤이 에야 얼럴럴 거리고 방아로다 / 에 남문을 열고 파루를 치니 계명산천이 밝아 온다 / 에 에헤이 에야 얼럴럴 거리고 방아로다 / 에 을축사월 갑자일에 경복궁을 이룩일세 / 에 에헤이 에야 얼럴럴 거리고 방아로다 / 에 도편수의 거동을 봐라 먹통을 들고서 갈팡질팡 한다 / 에 에헤이 에야 얼럴럴 거리고 방아로다 / 에 단산봉황은 죽실을 물고 벽오동 속으로 넘나든다 / 에 에헤이 에야 얼럴럴 거리고 방아로다 / 에 남산하고 십이봉에 오작 한 쌍이 훨훨 날아든다 / 에 에헤이 에야 얼럴럴 거리고 방아로다 / 에 남문을 열고 파루를 치니 계명산천이 밝아 온다 / 에 에헤이 에야 얼럴럴 거리고 방아로다 / 에 을축사월 갑자일에 경복궁을 이룩일세 / 에 에헤이 에야 얼럴럴 거리고 방아로다 / 에 도편수의 거동을 봐라 먹통을 들고서 갈팡질팡 한다 / 에 에헤이 에야 얼럴럴 거리고 방아로다,17.0,239.83
KC_TM_MF_MY_S000119,경기,민속악,민요,경기민요,자진뱃노래,김세윤,여창,Gb / Ebm,자진모리,12/8,280.0,"신나는(4), 경쾌한(2), 유쾌한(2), 조화로운(2), 편안한(2), 명랑한(1), 생기 있는(1), 서사적인(1), 신명난(1), 에너지 넘치는(1), 즐거운(1), 축제적인(1), 행복한(1), 향토적인(1), 활기찬(1)","깨끗한(2), 시원한(2), 가는(1), 단단한(1), 맑은(1), 밝은(1), 뻗어 나가는(1), 울리는(1), 유연한(1), 탁 트인(1)","자진뱃노래는 경기민요의 특징이 잘 드러나는 민속악으로, 본래 어업 노동요로 불리던 뱃노래가 서울·경기 지역의 명창들에 의해 통속민요로 다듬어진 곡이다. 이 곡은 주로 신나는 분위기로 연주되며, 여창 가창자 김세윤의 목소리는 곡의 흐름을 이끌어가는 중요한 요소로 작용한다. 김세윤은 메기고 받는 소리를 통해 곡의 흥을 자아내며, 발성에서 특히 명확한 음정과 강한 성량을 발휘한다. 그녀의 창법은 순차 위주의 선율을 잘 표현하며, 시김새가 두드러지지 않는 메나리토리의 특성을 살려 곡의 리듬과 흐름을 자연스럽게 이어간다. 자진모리의 경쾌한 리듬 위에서 김세윤은 호흡을 조절하며 빠른 호흡으로 음을 이어가는 방식으로 곡을 마무리한다. 이러한 호흡의 흐름은 곡의 긴장감을 높이고, 전체적인 완성도를 더욱 돋보이게 한다.","The Jajinbaetnorae is a folk music piece that distinctly showcases the characteristics of Gyeonggi minyo, originally known as a work song for fishing, which has been refined into a popular folk song by renowned singers from the Seoul and Gyeonggi regions. This piece is primarily performed with an upbeat atmosphere, and the voice of female vocalist Kim Se-yoon serves as a crucial element guiding the flow of the song. Kim Se-yoon evokes the song's excitement through her call-and-response singing style, demonstrating particularly clear pitch and strong vocal power. Her singing technique effectively expresses melodies based on sequential patterns, while also highlighting the characteristics of menaritori, where the ornamentation is not overly pronounced, allowing for a natural continuity of rhythm and flow throughout the piece. Over the lively rhythm of Jajinmori, Kim Se-yoon skillfully manages her breath, connecting the notes with rapid inhalations to conclude the song. This flow of breath enhances the tension of the piece and further accentuates its overall completeness.","어야디야 어야디야 어기야디야 어기야디야 어기야디야 에헤 에헤야 에헤에헤 에헤야 어허야 어야디야 어야디야
달은 밝고 명랑한데 어야디야 고향생각 절로난다
어야디야 어기야디야 어기야디야 어기야디야 에헤 에헤야 에헤에헤 에헤야 어허야 어야디야 어야디야
배띄워라 배띄워라 어야디야 만경창파 배띄워라
어야디야 어기야디야 어기야디야 어기야디야 에헤 에헤야 에헤에헤 에헤야 어허야 어야디야 어야디야
순풍에다 돛을 달고 어야디야 원포귀범 떠들어온다
어야디야 어기야디야 어기야디야 어기야디야 에헤 에헤야 에헤에헤 에헤야 어허야 어야디야 어야디야
넘실대는 파도 위에 어야디야 갈매기떼 춤을 춘다
어야디야 어기야디야 어기야디야 어기야디야 에헤 에헤야 에헤에헤 에헤야 어허야 어야디야 어야디야",어야디야 어야디야 어기야디야 어기야디야 어기야디야 에헤 / 에헤야 에헤에헤 에헤야 어허야 어야디야 어야디야 / 달은 밝고 명랑한데 어야디야 고향생각 절로난다 / 어야디야 어기야디야 어기야디야 어기야디야 에헤 / 에헤야 에헤에헤 에헤야 어허야 어야디야 어야디야 / 배띄워라 배띄워라 어야디야 만경창파 배띄워라 / 어야디야 어기야디야 어기야디야 어기야디야 에헤 / 에헤야 에헤에헤 에헤야 어허야 어야디야 어야디야 / 순풍에다 돛을 달고 어야디야 원포귀범 떠들어온다 / 어야디야 어기야디야 어기야디야 어기야디야 에헤 / 에헤야 에헤에헤 에헤야 어허야 어야디야 어야디야 / 넘실대는 파도 위에 어야디야 갈매기떼 춤을 춘다 / 어야디야 어기야디야 어기야디야 어기야디야 에헤 / 에헤야 에헤에헤 에헤야 어허야 어야디야 어야디야,14.0,207.02
KC_TM_MF_MY_S000120,경기,민속악,민요,경기민요,자진방아타령,채수현,여창,Eb / Cm,자진모리,12/8,260.0,"신나는(4), 경쾌한(2), 귀여운(2), 신명난(2), 에너지 넘치는(2), 즐거운(2), 향토적인(2), 드라마틱한(1), 따뜻한(1), 생기 있는(1), 유쾌한(1), 조화로운(1), 편안한(1), 평화로운(1), 표현적인(1), 활달한(1), 희망적인(1)","시원한(3), 맑은(2), 담백한(1), 밝은(1), 비강 울림이 있는(1), 뻗어 나가는(1), 선명한(1), 쇳소리 나는(1), 역동적인(1), 유연한(1), 청아한(1), 콧소리 나는(1)","자진방아타령은 경기민요의 전통을 잘 담고 있는 민속악의 일환으로, 빠른 속도로 흥겹게 부르는 곡이다. 이 곡은 사당패 소리에서 유래하였으며, 월령체 가사를 포함하고 있어 경기민요의 특징을 잘 드러낸다. 여창 가창자 채수현의 목소리는 이 곡의 경쾌한 리듬과 어우러지며, 신나는 분위기를 자아낸다. 그녀는 시김새를 적절히 활용하여 멜로디를 생동감 있게 표현하고, 발성을 통해 곡의 빠른 템포를 자연스럽게 소화한다. 성량이 풍부하여 곡의 흥겨움이 극대화되며, 호흡을 조절하여 긴 구절도 안정적으로 이어간다. 자진모리의 리듬 위에서 그녀의 목소리는 경쾌하게 흐름을 타며, 각 음절을 힘차게 전달하여 곡의 에너지를 끌어올린다. 마지막 부분에서는 호흡을 적절히 조절하여 곡의 마무리를 장식하고, 전반적인 장르적 완성도를 높인다.","Jajinbangataeryeong is a folk song that encapsulates the traditions of Gyeonggi minyo, characterized by its lively and fast-paced melody. This piece originates from the sound of sadangpae and features Wolnyeongche lyrics, effectively showcasing the distinctive characteristics of Gyeonggi minyo. The voice of the female vocalist, Chae Su-hyun, harmonizes with the song's brisk rhythm, creating an exhilarating atmosphere. She skillfully employs vocal embellishments to bring the melody to life and manages to naturally navigate the song's rapid tempo through her vocal technique. With a rich vocal timbre, she maximizes the song's joyousness, controlling her breath to maintain stability even through long phrases. Riding on the rhythm of jajinmori, her voice flows energetically, delivering each syllable with vigor and elevating the song's energy. In the final section, she adeptly regulates her breath to elegantly conclude the piece, enhancing the overall genre's completeness.","어얼씨구 절씨구 잦은방아로 돌려라
아하 에헤요 에헤여라 방아흥아로다
정월이라 십오일 구머리장군 긴코백이 액맥이 연이 떳다
에라디여 에헤요 에헤여라 방아흥아로다
이월이라 한식날 종달새 떳다
아하 에헤요 에헤여라 방아흥아로다
삼월이라 삼짓날 제비새끼 명마구리 바람개비가 떳다
에라디여 에헤요 에헤여라 방아흥아로다
사월이라 초파일 관등하러 임고대 사면보살 장안사 아가리벙실 잉어등에 등대줄이 떳다
아하 에헤요 에헤여라 방아흥아로다
오월이라 단오일 송백수양 푸른가지 높다랗게 그네매고 작작도화 늘어진가지 백능버선에 두발길로 에 후리쳐 툭툭차니 낙엽이 둥실 떳다
에라디여 에헤요 에헤여라 방아흥아로다
어얼씨구 절씨구 잦은방아로 돌려라
아하 에헤요 에헤여라 방아흥아로다
정월이라 십오일 구머리장군 긴코백이 액맥이 연이 떳다
에라디여 에헤요 에헤여라 방아흥아로다
이월이라 한식날 종달새 떳다
아하 에헤요 에헤여라 방아흥아로다
삼월이라 삼짓날 제비새끼 명마구리 바람개비가 떳다
에라디여 에헤요 에헤여라 방아흥아로다
사월이라 초파일 관등하러 임고대 사면보살 장안사 아가리벙실 잉어등에 등대줄이 떳다
아하 에헤요 에헤여라 방아흥아로다
오월이라 단오일 송백수양 푸른가지 높다랗게 그네매고 작작도화 늘어진가지 백능버선에 두발길로 에 후리쳐 툭툭차니 낙엽이 둥실 떳다
에라디여 에헤요 에헤여라 방아흥아로다",어얼씨구 절씨구 잦은방아로 돌려라 아하 / 에헤요 에헤여라 방아흥아로다 / 정월이라 십오일 구머리장군 긴코백이 액맥이 연이 떳다 / 에라디여 에헤요 에헤여라 방아흥아로다 / 이월이라 한식날 종달새 떳다 아하 / 에헤요 에헤여라 방아흥아로다 / 삼월이라 삼짓날 제비새끼 명마구리 바람개비가 떳다 / 에라디여 에헤요 에헤여라 방아흥아로다 / 사월이라 초파일 관등하러 임고대 사면보살 장안사 아가리벙실 잉어등에 등대줄이 떳다 / 아하 에헤요 에헤여라 방아흥아로다 / 오월이라 단오일 송백수양 푸른가지 높다랗게 그네매고 / 작작도화 늘어진가지 백능버선에 두발길로 / 에 후리쳐 툭툭차니 낙엽이 둥실 떳다 / 에라디여 에헤요 에헤여라 방아흥아로다 / 어얼씨구 절씨구 잦은방아로 돌려라 아하 / 에헤요 에헤여라 방아흥아로다 / 정월이라 십오일 구머리장군 긴코백이 액맥이 연이 떳다 / 에라디여 에헤요 에헤여라 방아흥아로다 / 이월이라 한식날 종달새 떳다 아하 / 에헤요 에헤여라 방아흥아로다 / 삼월이라 삼짓날 제비새끼 명마구리 바람개비가 떳다 / 에라디여 에헤요 에헤여라 방아흥아로다 / 사월이라 초파일 관등하러 임고대 사면보살 장안사 / 아가리벙실 잉어등에 등대줄이 떳다 아하 / 에헤요 에헤여라 방아흥아로다 / 오월이라 단오일 송백수양 푸른가지 높다랗게 그네매고 / 작작도화 늘어진가지 백능버선에 두발길로 에 후리쳐 툭툭차니 낙엽이 둥실 떳다 / 에라디여 에헤요 에헤여라 방아흥아로다,28.0,257.57
KC_TM_MF_MY_S000121,경기,민속악,민요,경기잡가,장기타령,김민지,여창,Eb / Cm,자진모리,12/8,260.0,"명랑한(2), 에너지 넘치는(2), 즐거운(2), 표현적인(2), 행복한(2), 희망적인(2), 가볍고 신비로운(1), 귀여운(1), 단아한(1), 생기 있는(1), 신나는(1), 신명난(1), 신비로운(1), 유쾌한(1), 향토적인(1), 활달한(1)","맑은(2), 밝은(2), 가는(1), 고운(1), 날카로운(1), 섬세한(1), 시원한(1), 유연한(1), 콧소리 나는(1), 탁 트인(1), 화사한(1)","장기타령은 20세기 초 형성된 경기잡가로, 유흥적 성격이 강하며 산타령 계통의 영향을 받은 민속악의 한 형태이다. 이 곡은 경기 지방의 전통적인 음악적 요소를 잘 담고 있으며, 빠른 4박자의 볶는타령장단을 기본으로 하면서도 불규칙한 2박자의 삽입이 특징인 구조를 지닌다. 여창 가창자 김민지는 이 곡에서 목소리를 통해 곡의 흐름을 이끌어가며, 창법에서 시김새를 적절히 활용하여 곡의 감정을 전달한다. 그녀의 발성은 경기잡가의 전통적인 요소를 잘 살리면서도, 후렴 부분에서의 굴곡 있는 선율을 통해 청중의 주목을 끌고, 촘촘히 엮인 사설을 강하게 표현한다. 특히 문장이 끝날 때 소리 없이 장구 반주만 들어가는 기법을 통해 곡의 독특한 매력을 더욱 부각시킨다. 자진모리의 리듬 위에서 가창자는 경쾌하게 흐름을 타며, 호흡의 조절을 통해 곡의 마무리를 장식한다. 김민지의 호흡은 곡의 긴장감을 유지하면서도 자연스럽게 풀어주는 역할을 하여, 장기타령의 장르적 완성도를 높인다.","Janggitaryeong is a genre of Gyeonggi folk song that emerged in the early 20th century, characterized by its entertaining nature and influenced by the San taryeong lineage of folk music. This piece encapsulates the traditional musical elements of the Gyeonggi region, featuring a structure based on the brisk four-beat Bokkneuntaryeong jangdan, while also incorporating irregular two-beat insertions. Female vocalist Kim Min-ji leads the flow of the piece with her voice, effectively employing vocal techniques to convey the emotions of the song. Her vocalization preserves the traditional elements of Gyeonggi folk song, while the undulating melodies in the refrain capture the audience's attention and strongly express the intricately woven lyrics. Notably, the technique of allowing only the janggu accompaniment to play silently at the end of phrases further highlights the unique charm of the piece. Riding on the rhythm of Jajinmori, the vocalist flows with liveliness and adorns the conclusion of the song through breath control. Kim Min-ji's breathing maintains the tension of the piece while also allowing for a natural release, enhancing the genre's overall completeness in Janggitaryeong.","날아든다 떠든다 오호로 날아든다
범려는 간 곳없고 백빈주 갈매기는 홍요안으로 날아들고
한산사 찬 바람에 객선이 두둥둥 에화 날아 지화자 에
아하 에 에에헤 에헤요 아하하 어허야
얼사함마 두둥둥 내 사랑이로다 에
계명산 내린 줄기 학의 등에 터를 닦아
앞으로 열두간 뒤로 열두간 이십사간을 지어놓고
이 집 진지 삼년만에 고사 한 번을 잘 지냈더니
아들을 낳면 효자 낳고 딸을 낳면 효녀로다
며느리 얻으면 열녀얻고 말을 놓면 용마되고 소를 놓면 약대로다
닭을 놓면 봉이 되고 개를 놓면 청삽사리 네 눈백이 안 마당에 곤드라졌다
낯선 사람 오게 되면 커겅컹 짖는 소리 지전 갈쭉이 물 밀듯 하노라 에
니나나에 니나나 니나나 니나나 니나나
널 너리고 나리소서 에
만첩청산 쑥 들어가서 호양목 한가지 찍었구나
서른 두짝 장기 만들어 장기 한판을 두어보자
한수 한자 유황숙이요 초나라 초자 조맹덕 이라
이 차 저 차 관운장이요 이 포 저 포 여포로다
코끼리 상자 조자룡 이요 말 마자 마초로다
양 사로 모사를 삼고 오졸로 군졸을 삼아
양진이 상접하니 적벽대전이 예로구나
조조가 대패 하여 화룡도로 도망을 할 제
관운장의 후덕으로 조맹덕이 살아만 가누나 에
지화자 에 지화자 지화자 지화자 지화자
널 너리고 나리소서 에",날아든다 떠든다 오호로 날아든다 / 범려는 간 곳없고 백빈주 갈매기는 홍요안으로 날아들고 / 한산사 찬 바람에 객선이 두둥둥 에화 날아 지화자 에 / 아하 에 에에헤 에헤요 아하하 어허야 / 얼사함마 두둥둥 내 사랑이로다 에 / 계명산 내린 줄기 학의 등에 터를 닦아 / 앞으로 열두간 뒤로 열두간 이십사간을 지어놓고 / 이 집 진지 삼년만에 고사 한 번을 잘 지냈더니 / 아들을 낳면 효자 낳고 딸을 낳면 효녀로다 / 며느리 얻으면 열녀얻고 말을 놓면 용마되고 소를 놓면 약대로다 / 닭을 놓면 봉이 되고 개를 놓면 청삽사리 네 눈백이 안 마당에 곤드라졌다 / 낯선 사람 오게 되면 커겅컹 짖는 소리 지전 갈쭉이 물 밀듯 하노라 에 / 니나나에 / 니나나 니나나 니나나 니나나널 너리고 나리소사 에 / 만첩청산 쑥 들어가서 호양목 한가지 찍었구나 / 서른 두짝 장기 만들어 장기 한판을 두어보자 / 한수 한자 유황숙이요 초나라 초자 조맹덕 이라 / 이 차 저 차 관운장이요 이 포 저 포 여포로다 / 코끼리 상자 조자룡 이요 말 마자 마초로다 / 양 사로 모사를 삼고 오졸로 군졸을 삼아 / 양진이 상접하니 적벽대전이 예로구나 / 조조가 대패 하여 화룡도로 도망을 할 제 / 관운장의 후덕으로 조맹덕이 살아만 가누나 에 / 지화자 에 / 지화자 지화자 지화자 지화자널 / 너리고 나리소서 에,26.0,236.11
KC_TM_MF_MY_S000122,경기,민속악,민요,경기민요,군밤타령,김민지,여창,Eb / Cm,자진모리,12/8,260.0,"신나는(4), 생기 있는(3), 평화로운(3), 경쾌한(2), 명랑한(2), 여유로운(2), 유쾌한(2), 즐거운(2), 활기찬(2), 귀여운(1), 그루브감 있는(1), 신명난(1), 에너지 넘치는(1), 향토적인(1), 희망적인(1)","밝은(3), 깨끗한(2), 맑은(2), 청아한(2), 화사한(2), 가는(1), 고운(1), 단단한(1), 담백한(1), 시원한(1)","군밤타령은 경기민요의 대표적인 곡으로, '바람이 분다' 등의 가사와 '생률 밤' 후렴구로 널리 알려져 있다. 이 곡은 경쾌한 자진모리장단의 빠른 박자와 당김음이 특징으로, 누구나 쉽게 따라 부를 수 있는 대중적인 선율로 오랫동안 사랑받아 온 민속악의 일환이다. 여창 가창자 김민지는 이 곡에서 그녀의 목소리로 활기찬 분위기를 이끌어내며, 곡의 경쾌함을 더욱 강조한다. 그녀는 발성을 통해 명확하고 힘찬 음을 내며, 시김새를 적절히 사용하여 전통적인 민요의 매력을 잘 살린다. 성량이 풍부하여 멜로디의 흐름을 자연스럽게 이어가며, 호흡을 조절하여 곡의 리듬에 잘 맞춘다. 곡의 특징인 자진모리의 리듬 위에서 김민지는 경쾌한 템포에 맞춰 목소리를 유연하게 배치하며, 각 음절을 정확하게 전달한다. 그녀의 호흡은 곡의 마무리에서 절제된 힘을 발휘하며, 전체적인 장르적 완성도를 높이는 데 기여한다.","Gunbataryeong is a representative piece of Gyeonggi folk song, widely recognized for its lyrics such as ""The Wind Blows"" and the refrain ""Saengnyul Bam."" This song is characterized by the lively and fast tempo of the Jajinmori jangdan, along with syncopation, making it a popular melody that has been cherished for a long time as part of folk music that anyone can easily sing along to. Female vocalist Kim Min-ji brings a vibrant atmosphere to this piece with her voice, further emphasizing its liveliness. Through her vocal technique, she produces clear and powerful tones, effectively utilizing vocal ornamentation to capture the charm of traditional folk songs. With her rich vocal range, she seamlessly connects the flow of the melody while skillfully controlling her breath to match the rhythm of the piece. Over the characteristic rhythm of the Jajinmori, Kim Min-ji flexibly positions her voice to the lively tempo, accurately conveying each syllable. Her breath control showcases restrained power in the conclusion of the piece, contributing to the overall genre's completeness.","바람이분다 바람이 불어 연평바다에 어헐싸 돈바람분다
얼싸좋네아좋네 군밤이여 에헤라 생률밤이로구나
달도밝다 달도밝아 우주강산에 어헐싸 저달이 밝아
얼싸좋네아좋네 군밤이여 에헤라 생률밤이로구나
개가짖네 개가짖어 눈치없이도 어헐싸 함부로짖네
얼싸좋네아좋네 군밤이여 에헤라 생률밤이로구나
산도 설고 물도 선데 누굴 바라고 어헐싸 나여기왔나
얼싸좋네아좋네 군밤이여 에헤라 생률밤이로구나
눈이온다 눈이와요 이산저산에 어헐싸 흰 눈이 온다
얼싸좋네아좋네 군밤이여 에헤라 생률밤이로구나
봄이왔네 봄이와요 금수강산에 어헐싸 새봄이 왔네
얼싸좋네아좋네 군밤이여 에헤라 생률밤이로구나
가자가자 어서가자 이수건너 어헐싸 백로주 가자
얼싸좋네아좋네 군밤이여 에헤라 생률밤이로구나
너는 총각 나는 처녀 처녀 총각이 어헐싸 막놀아난다
얼싸좋네아좋네 군밤이여 에헤라 생률밤이로구나
중아중아 상좌중아 네 절 인심이 어헐싸 얼마나 좋냐
얼싸좋네아좋네 군밤이여 에헤라 생률밤이로구나
봉이 난다 봉이 날어 벽오동 속으로 어헐싸 봉황이 난다
얼싸좋네아좋네 군밤이여 에헤라 생률밤이로구나
갈까 보다 갈까 보다 임을 따라서 어헐싸 갈까나보다
얼싸좋네아좋네 군밤이여 에헤라 생률밤이로구나
풍년이 왔네 풍년이 와요 금수강산에 어헐싸 풍년이 왔네
얼싸좋네아좋네 군밤이여 에헤라 생률밤이로구나",바람이분다 바람이 불어 연평바다에 어헐싸 돈바람분다 / 얼싸좋네아좋네 군밤이여 에헤라 생률밤이로구나 / 달도밝다 달도밝아 우주강산에 어헐싸 저달이 밝아 / 얼싸좋네아좋네 군밤이여 에헤라 생률밤이로구나 / 개가짖네 개가짖어 눈치없이도 어헐싸 함부로짖네 / 얼싸좋네아좋네 군밤이여 에헤라 생률밤이로구나 / 산도 설고 물도 선데 누굴 바라고 어헐싸 나여기왔나 / 얼싸좋네아좋네 군밤이여 에헤라 생률밤이로구나 / 눈이온다 눈이와요 이산저산에 어헐싸 흰 눈이 온다 / 얼싸좋네아좋네 군밤이여 에헤라 생률밤이로구나 / 봄이왔네 봄이와요 금수강산에 어헐싸 새봄이 왔네 / 얼싸좋네아좋네 군밤이여 에헤라 생률밤이로구나 / 가자가자 어서가자 이수건너 어헐싸 백로주 가자 / 얼싸좋네아좋네 군밤이여 에헤라 생률밤이로구나 / 너는 총각 나는 처녀 처녀 총각이 어헐싸 막놀아난다 / 얼싸좋네아좋네 군밤이여 에헤라 생률밤이로구나 / 중아중아 상좌중아 네 절 인심이 어헐싸 얼마나 좋냐 / 얼싸좋네아좋네 군밤이여 에헤라 생률밤이로구나 / 봉이 난다 봉이 날어 벽오동 속으로 어헐싸 봉황이 난다 / 얼싸좋네아좋네 군밤이여 에헤라 생률밤이로구나 / 갈까 보다 갈까 보다 임을 따라서 어헐싸 갈까나보다 / 얼싸좋네아좋네 군밤이여 에헤라 생률밤이로구나 / 풍년이 왔네 풍년이 와요 금수강산에 어헐싸 풍년이 왔네 / 얼싸좋네아좋네 군밤이여 에헤라 생률밤이로구나,24.0,233.57
KC_TM_MF_MY_S000123,경기,민속악,민요,경기민요,궁초댕기,김세윤,여창,F / Dm,자진모리,12/8,280.0,"경쾌한(3), 신나는(2), 에너지 넘치는(2), 표현적인(2), 향수 어린(2), 관능적인(1), 그루브감 있는(1), 낭만적인(1), 다이내믹한(1), 마음을 울리는(1), 몽환적인(1), 부드러운(1), 신비로운(1), 유쾌한(1), 잔잔한(1), 편안한(1), 향토적인(1)","맑은(3), 울리는(2), 콧소리 나는(2), 가는(1), 매끄러운(1), 밝은(1), 선명한(1), 시원한(1), 여린(1), 유연한(1)","궁초댕기는 함경도 민요 '어랑타령'을 바탕으로 한 신민요로, 경기민요의 특징을 잘 드러내는 민속악 > 민요 곡이다. 이 곡은 볶는타령장단에 맞춰 흥겹게 부르며, '궁초'라는 비단 댕기를 소재로 남녀의 사랑과 이별을 노래한다. 여창 가창자 김세윤의 목소리는 곡의 주제를 효과적으로 전달하며, 전통적인 창법을 통해 깊이 있는 표현을 이끌어낸다. 그녀는 발성을 통해 멜로디를 명확하게 전달하며, 시김새를 적절히 사용하여 곡의 감정을 더욱 풍부하게 만든다. 특히, 김세윤은 성량을 조절하여 곡의 흐름에 맞춰 안정감 있게 가창하며, 호흡을 통해 긴 구절을 자연스럽게 이어간다. 자진모리의 리듬 위에서 그녀의 목소리는 경쾌하게 흐르며, 각 구절의 끝에서 호흡을 조절하여 곡의 마무리를 장식한다. 이러한 호흡의 조절은 곡의 완성도를 높이는 요소로 작용하며, 전통적인 민요의 매력을 잘 살리고 있다.","Gungchodaenggineun is a new folk song based on the Hamgyeong-do folk song 'Eorangtaryeong,' which effectively showcases the characteristics of Gyeonggi folk music. This piece is joyfully sung to the rhythm of the Bokkneun Taryeong Jangdan, and it narrates the themes of love and separation between men and women, using the silk ribbon known as 'gungcho' as its motif. The voice of female vocalist Kim Seyun effectively conveys the song's theme, drawing out profound expression through traditional singing techniques. She clearly articulates the melody through her vocalization and enriches the song's emotions by appropriately employing vocal embellishments. Notably, Kim Seyun adjusts her vocal volume to sing with stability in accordance with the flow of the piece, seamlessly connecting long phrases through her breath control. Over the rhythm of Jajinmori, her voice flows cheerfully, and she manages her breath at the end of each phrase to elegantly conclude the song. This control of breath acts as an element that enhances the song's completeness, beautifully preserving the charm of traditional folk music.","궁초댕기 풀어지고 신고산 열 두고개 단숨에 올랐네
무슨 짝에 무슨짝에 부령 청진 간 님아 신고산 열 두고개 단숨에 올랐네
바람아 봄바람아 네가 부지 마라 머리단장 곱게 한 것 모두 다 풀린다
무슨 짝에 무슨짝에 부령 청진 간 님아 신고산 열 두고개 단숨에 올랐네
어랑천 이백리 굽이굽이 돌아 묘망한 동해바다 명태잡이 갈꺼나
무슨 짝에 무슨짝에 부령 청진 간 님아 신고산 열 두고개 단숨에 올랐네
장근 십년을 상사로 보내니 무덤만 가까이 주름이 잡혔네
무슨 짝에 무슨짝에 부령 청진 간 님아 신고산 열 두고개 단숨에 올랐네
백년 궁합 못잊겠소 가락지 죽절비녀 노각이 났네
무슨 짝에 무슨짝에 부령 청진 간 님아 신고산 열 두고개 단숨에 올랐네
궁초댕기 단장하고 신고산에 뵈올때는 한아름 꽃을 안고 웃으며 오리라
무슨 짝에 무슨짝에 부령 청진 간 님아 신고산 열 두고개 단숨에 올랐네",궁초댕기 풀어지고 신고산 열 두고개 단숨에 올랐네 / 무슨 짝에 무슨짝에 부령 청진 간 / 님아 신고산 열 두고개 단숨에 올랐네 / 바람아 봄바람아 네가 부지 마라 머리단장 곱게 한 것 모두 다 풀린다 / 무슨 짝에 무슨짝에 부령 청진 간 / 님아 신고산 열 두고개 단숨에 올랐네 / 어랑천 이백리 굽이굽이 돌아 묘망한 동해바다 명태잡이 갈꺼나 / 무슨 짝에 무슨짝에 부령 청진 간 / 님아 신고산 열 두고개 단숨에 올랐네 / 장근 십년을 상사로 보내니 무덤만 가까이 주름이 잡혔네 / 무슨 짝에 무슨짝에 부령 청진 간 / 님아 신고산 열 두고개 단숨에 올랐네 / 백년 궁합 못잊겠소 가락지 죽절비녀 노각이 났네 / 무슨 짝에 무슨짝에 부령 청진 간 / 님아 신고산 열 두고개 단숨에 올랐네 / 궁초댕기 단장하고 신고산에 뵈올때는 한아름 꽃을 안고 웃으며 오리라 / 무슨 짝에 무슨짝에 부령 청진 간 / 님아 신고산 열 두고개 단숨에 올랐네,18.0,232.1
KC_TM_MF_MY_S000124,경기,민속악,민요,경기민요,자진한강수타령,김민지,여창,Eb / Cm,자진모리,12/8,200.0,"희망적인(3), 경쾌한(2), 서사적인(2), 신나는(2), 평화로운(2), 가볍고 신비로운(1), 감상적인(1), 몽환적인(1), 생기 있는(1), 신명난(1), 에너지 넘치는(1), 여유로운(1), 즐거운(1), 편안한(1), 향토적인(1)","밝은(3), 맑은(2), 유연한(2), 콧소리 나는(2), 가는(1), 담백한(1), 비강 울림이 있는(1), 선명한(1), 섬세한(1), 시원한(1)","자진한강수타령은 경기 지역 민요로, 황해도 민요인 간지타령의 영향을 받아 서도 음악어법이 혼재된 곡이다. 이 곡은 경기민요의 특징이 잘 드러나는 민속악 > 민요 장르에 속하며, 굿거리장단의 3분박 4박자 구조로 구성되어 있다. 여창 가창자 김민지는 이 곡을 통해 경기 민요의 선율적 특성을 잘 살리고, 자진모리장단의 빠른 템포에 맞춰 강한 발성과 함께 선율을 표현한다. 그녀의 목소리는 순차 진행되는 선율을 따라 유연하게 흐르며, 특정 음을 떨지 않고 안정적으로 발음하여 경기민요의 특징을 잘 나타낸다. 또한, 김민지는 시김새를 적절히 사용하여 곡의 리듬감과 선율의 변화를 효과적으로 전달하며, 성량을 조절하여 곡의 흐름을 자연스럽게 이어간다. 자진모리의 경쾌한 리듬 위에서 그녀의 목소리는 곡의 진행에 맞춰 경쾌하게 흐르며, 호흡을 잘 조절하여 각 구절의 마무리를 깔끔하게 장식한다. 이러한 요소들이 어우러져 곡의 완성도를 높이며, 전통 민요의 매력을 잘 전달한다.","Jajinhan Gangsutaryeong is a folk song from the Gyeonggi region, influenced by the Ganjeotaryeong, a folk song from Hwanghae Province, and features a blend of Western musical techniques. This piece belongs to the genre of folk music, where the characteristics of Gyeonggi folk songs are prominently displayed, and it is structured in a 3/4 time signature with a Gukgeori Jangdan rhythm. The female vocalist Kim Min-ji effectively highlights the melodic traits of Gyeonggi folk songs through this piece, expressing the melody with strong vocalization that aligns with the fast tempo of the Jajinmori Jangdan. Her voice flows smoothly along the sequential melody, articulating each note stably without any wavering, which exemplifies the characteristics of Gyeonggi folk music. Furthermore, Kim Min-ji appropriately employs vocal embellishments to convey the rhythmic nuances and melodic variations of the song, skillfully adjusting her vocal volume to maintain a natural flow throughout the piece. Over the lively rhythm of Jajinmori, her voice flows cheerfully in accordance with the progression of the song, managing her breath well to neatly conclude each phrase. These elements come together to enhance the overall quality of the piece and effectively convey the charm of traditional folk music.","한강수라 깊고 맑은 물에 수상선 타고서 에루화 뱃놀이 가잔다
아하아하 에헤요 에헤요 어허야 얼사함마 둥게 디여라 내 사랑아
양구화천 흐르는 물 소양정을 감돌아 양수리를 거쳐서 노들로 흘러만가누나
아하아하 에헤요 에헤요 어허야 얼사함마 둥게 디여라 내 사랑아
멀리뵈는 관악산 웅장도 하고 돛단배 두서넛 에루화 한가도 하다
아하아하 에헤요 에헤요 어허야 얼사함마 둥게 디여라 내 사랑아
노들의 버들은 해마다 푸르른데 한강을 지키던님 지금은 어디에 계신가
아하아하 에헤요 에헤요 어허야 얼사함마 둥게 디여라 내 사랑아
유유히 흐르는 한강물위에 뗏목위에 노래도 에루화 처량도 하다
아하아하 에헤요 에헤요 어허야 얼사함마 둥게 디여라 내 사랑아
앞강에 뜬배는 낚시질 거루요 뒷강에 뜬배는 임실러 가는 배란다
아하아하 에헤요 에헤요 어허야 얼사함마 둥게 디여라 내 사랑아
조요한 월색은 강심에 어렸는데 술렁술렁 배띄워라 에루화 달맞이가잔다
아하아하 에헤요 에헤요 어허야 얼사함마 둥게 디여라 내 사랑아
한강수야 네가 말을 하렴아 눈물 둔 영웅이 몇몇 줄을 지은고
아하아하 에헤요 에헤요 어허야 얼사함마 둥게 디여라 내 사랑아",한강수라 깊고 맑은 물에 수상선 타고서 에루화 뱃놀이 가잔다 / 아하아하 에헤요 에헤요 어허야 얼사함마 둥게 디여라 내 사랑아 / 양구화천 흐르는 물 소양정을 감돌아 양수리를 거쳐서 노들로 흘러만가누나 / 아하아하 에헤요 에헤요 어허야 얼사함마 둥게 디여라 내 사랑아 / 멀리뵈는 관악산 웅장도 하고 돛단배 두서넛 에루화 한가도 하다 / 아하아하 에헤요 에헤요 어허야 얼사함마 둥게 디여라 내 사랑아 / 노들의 버들은 해마다 푸르른데 한강을 지키던님 지금은 어디에 계신가 / 아하아하 에헤요 에헤요 어허야 얼사함마 둥게 디여라 내 사랑아 / 유유히 흐르는 한강물위에 뗏목위에 노래도 에루화 처량도 하다 / 아하아하 에헤요 에헤요 어허야 얼사함마 둥게 디여라 내 사랑아 / 앞강에 뜬배는 낚시질 거루요 뒷강에 뜬배는 임실러 가는 배란다 / 아하아하 에헤요 에헤요 어허야 얼사함마 둥게 디여라 내 사랑아 / 조요한 월색은 강심에 어렸는데 술렁술렁 배띄워라 에루화 달맞이가잔다 / 아하아하 에헤요 에헤요 어허야 얼사함마 둥게 디여라 내 사랑아 / 한강수야 네가 말을 하렴아 눈물 둔 영웅이 몇몇 줄을 지은고 / 아하아하 에헤요 에헤요 어허야 얼사함마 둥게 디여라 내 사랑아,16.0,231.62
KC_TM_MF_MY_S000125,경기,민속악,민요,경기민요,신고산타령,성슬기,여창,F / Dm,자진모리,12/8,200.0,"명랑한(3), 경쾌한(2), 따뜻한(2), 생기 있는(2), 귀여운(1), 그루브감 있는(1), 낭만적인(1), 서사적인(1), 신나는(1), 애정 어린(1), 에너지 넘치는(1), 우아한(1), 조화로운(1), 표현적인(1), 해학적인(1), 행복한(1), 향토적인(1)","가는(3), 맑은(3), 비강 울림이 있는(2), 시원한(2), 콧소리 나는(2), 담백한(1), 여린(1), 유연한(1)","신고산타령은 함경도 민요 어랑타령이 개화기 시대상을 담아 분화된 곡으로, 경기민요의 특징이 잘 드러나는 민속악 장르의 대표적인 민요이다. 이 곡은 '신고산이 우루루'라는 기차 소리의 묘사가 유명하며, 개화기의 혼란스러운 사회상과 민중들의 삶을 반영하고 있다. 여창 가창자 성슬기는 이 곡을 통해 전통적인 창법을 잘 살려내며, 그녀의 목소리는 곡을 이끌어가는 중요한 요소가 된다. 성슬기는 발성에서 명확한 음정을 유지하며, 시김새를 적절히 사용하여 곡의 감정을 표현한다. 그녀의 성량은 곡의 진행에 따라 유연하게 조절되며, 호흡은 안정적이고 규칙적으로 유지되어 멜로디의 흐름을 자연스럽게 이어준다. 자진모리의 리듬 위에서 성슬기는 경쾌하게 곡을 전개하며, 각 음절의 구성이 리듬과 잘 맞아떨어진다. 그녀의 호흡은 곡의 마무리를 장식하며, 전체적인 장르적 완성도를 높이는 데 기여한다. 이처럼 성슬기의 목소리는 신고산타령의 전통적 요소를 잘 살리면서도 현대적인 해석을 더해 곡의 매력을 한층 부각시킨다.","Singosan Taryeong is a refined piece that encapsulates the societal landscape of the Enlightenment period, originating from the folk song Eorang Taryeong of Hamgyeong Province, and is a representative example of the folk music genre that distinctly showcases the characteristics of Gyeonggi folk songs. This piece is renowned for its depiction of the train sound ""Singosan-i urururu,"" reflecting the tumultuous social conditions and the lives of the common people during the Enlightenment era. The vocalist Seong Seul-gi effectively brings out the traditional singing style through this piece, with her voice serving as a crucial element that guides the song. Seong Seul-gi maintains clear pitch in her vocalization and appropriately employs vocal embellishments to convey the emotions of the piece. Her vocal power is flexibly adjusted according to the progression of the song, while her breathing remains stable and regular, seamlessly connecting the flow of the melody. Over the rhythm of Jajinmori, Seong Seul-gi develops the piece with a lively tempo, where the composition of each syllable aligns well with the rhythm. Her breath adorns the conclusion of the piece, contributing to the overall genre's completeness. In this way, Seong Seul-gi's voice not only preserves the traditional elements of Singosan Taryeong but also adds a modern interpretation, enhancing the song's appeal.","어랑어랑 어허야 어허야 더야 내 사랑아
신고산이 우루루 함흥차 가는 소리에 구고산 큰애기 밤 봇짐만 싼다
어랑어랑 어허야 어허야 더야 내 사랑아
구부러진 노송남근 바람에 건들거리고 허공중천 뜬 달은 사해를 비춰주누나
어랑어랑 어허야 어허야 더야 내 사랑아
가을바람 소슬하니 낙엽이 우수수지고요 귀뚜라미 슬피 울어 남은 간장을 다 썩이네
어랑어랑 어허야 어허야 더야 내 사랑아
휘늘어진 낙락장송 휘어 덤석 잡구요 애달픈 이내 심정 하소연이나 할꺼나
어랑어랑 어허야 어허야 더야 내 사랑아
공산야월 두견이는 피나게 슬피 울고요 강심에 어린달빛 쓸쓸히 비춰있네
어랑어랑 어허야 어허야 더야 내 사랑아
백두산 명물은 들쭉열매인데 압록강 굽이 굽이 이천리를 흐르네
어랑어랑 어허야 어허야 더야 내 사랑아
신고산이 우루루 함흥차 가는 소리에 구고산 큰애기 밤 봇짐만 싼다
어랑어랑 어허야 어허야 더야 내 사랑아
구부러진 노송남근 바람에 건들거리고 허공중천 뜬 달은 사해를 비춰주누나
어랑어랑 어허야 어허야 더야 내 사랑아",어랑어랑 어허야 어허야 더야 내 사랑아 / 신고산이 우루루 함흥차 가는 소리에 / 구고산 큰애기 밤 봇짐만 싼다 / 어랑어랑 어허야 어허야 더야 내 사랑아 / 구부러진 노송남근 바람에 건들거리고 / 허공중천 뜬 달은 사해를 비춰주누나 / 어랑어랑 어허야 어허야 더야 내 사랑아 / 가을바람 소슬하니 낙엽이 우수수지고요 / 귀뚜라미 슬피 울어 남은 간장을 다 썩이네 / 어랑어랑 어허야 어허야 더야 내 사랑아 / 휘늘어진 낙락장송 휘어 덤석 잡구요 / 애달픈 이내 심정 하소연이나 할꺼나 / 어랑어랑 어허야 어허야 더야 내 사랑아 / 공산야월 두견이는 피나게 슬피 울고요 / 강심에 어린달빛 쓸쓸히 비춰있네 / 어랑어랑 어허야 어허야 더야 내 사랑아 / 백두산 명물은 들쭉열매인데 / 압록강 굽이 굽이 이천리를 흐르네 / 어랑어랑 어허야 어허야 더야 내 사랑아 / 신고산이 우루루 함흥차 가는 소리에 / 구고산 큰애기 밤 봇짐만 싼다 / 어랑어랑 어허야 어허야 더야 내 사랑아 / 구부러진 노송남근 바람에 건들거리고 / 허공중천 뜬 달은 사해를 비춰주누나 / 어랑어랑 어허야 어허야 더야 내 사랑아,25.0,260.14
KC_TM_MF_MY_S000126,서도,민속악,민요,서도민요,풍구타령,장효선,여창,Db / Bbm,자진모리,12/8,240.0,"신나는(4), 경쾌한(2), 평화로운(2), 해학적인(2), 향토적인(2), 활기찬(2), 그루브감 있는(1), 따뜻한(1), 마음을 울리는(1), 몽환적인(1), 생기 있는(1), 신명난(1), 애정 어린(1), 엄숙한(1), 유쾌한(1), 잔잔한(1), 조화로운(1), 진지한(1), 차분한(1), 축제적인(1), 편안한(1), 희망찬(1)","시원한(2), 울리는(2), 콧소리 나는(2), 단단한(1), 담백한(1), 매끄러운(1), 머금은 듯한(1), 밀도 있는(1), 밝은(1), 비강 울림이 있는(1), 섬세한(1), 여린(1), 역동적인(1), 정제된(1), 진한(1), 탁 트인(1)","풍구타령은 대장간에서 풀무질을 하며 부르던 노동요에서 유래한 서도민요로, 민속악의 일종인 민요에 속한다. 이 곡은 자진모리장단의 빠른 호흡을 통해 노동의 활력을 표현하며, 단순하면서도 힘찬 선율이 노동의 고됨을 잊게 해주는 역할을 한다. 여창 가창자 장효선의 목소리는 이 곡을 이끌어가는 중요한 요소로, 그녀의 창법은 곡의 경쾌한 분위기를 잘 전달한다. 장효선은 강한 성량으로 멜로디를 표현하며, 시김새를 적절히 사용하여 전통적인 느낌을 살린다. 그녀의 호흡은 곡의 리듬과 잘 어우러져, 자진모리의 경쾌한 흐름을 타고 나아간다. 이러한 방식으로 장효선은 곡의 에너지를 고조시키며, 신나는 분위기를 만들어낸다. 곡의 마무리에서 그녀의 호흡은 리듬을 더욱 강조하며, 전체적인 장르적 완성도를 높이는 데 기여한다.","Punggutaryeong is a type of Seodo folk song that originated from a labor song sung while working the bellows in a blacksmith's shop, and it belongs to the category of folk music known as minyo. This piece expresses the vitality of labor through the brisk rhythm of the jajinmori jangdan, and its simple yet vigorous melody serves to alleviate the hardships of work. The voice of the female vocalist Jang Hyo-seon is a crucial element that drives this piece, as her singing style effectively conveys the lively atmosphere of the song. Jang Hyo-seon expresses the melody with a strong vocal presence, skillfully employing vocal embellishments to maintain a traditional feel. Her breath control harmonizes well with the rhythm of the piece, riding the lively flow of the jajinmori. In this manner, Jang Hyo-seon elevates the energy of the song, creating an exhilarating ambiance. At the conclusion of the piece, her breath further emphasizes the rhythm, contributing to the overall genre's completeness.","불어라 불어라 어기엿차 불어라 불불불 불어도 만대장만 나온다
신계 곡산에 풍구는 칠팔명이 불어도 우리들의 풍구는 단둘이만 분다네
불어라 불어라 어기엿차 불어라 불불불 불어도 만대장만 나온다
왜 생겼나 왜 생겨났나 요다지 곱게도 왜 생겨났나
불어라 불어라 어기엿차 불어라 불불불 불어도 만대장만 나온다
삼수갑산에 풍구가 얼마나 좋은지 꽃같은 날 두구 풍구 불러만 간다네
불어라 불어라 어기엿차 불어라 불불불 불어도 만대장만 나온다
신계 곡산에 풍구는 무쇳덩이도 녹이는데 우리집에 낭군은 풍구 불러만 간다네
불어라 불어라 어기엿차 불어라 불불불 불어도 만대장만 나온다
물길러 간다고 강짜를 말구요 부뚜막 위에다가 바고물을 파렴아
불어라 불어라 어기엿차 불어라 불불불 불어도 만대장만 나온다
신계 곡산에 풍구는 칠팔명이 불어도 우리들의 풍구는 단둘이만 분다네
불어라 불어라 어기엿차 불어라 불불불 불어도 만대장만 나온다
왜 생겼나 왜 생겨났나 요다지 곱게도 왜 생겨났나
불어라 불어라 어기엿차 불어라 불불불 불어도 만대장만 나온다
삼수갑산에 풍구가 얼마나 좋은지 꽃같은 날 두구 풍구 불러만 간다네
불어라 불어라 어기엿차 불어라 불불불 불어도 만대장만 나온다
신계 곡산에 풍구는 무쇳덩이도 녹이는데 우리집에 낭군은 풍구 불러만 간다네
불어라 불어라 어기엿차 불어라 불불불 불어도 만대장만 나온다",불어라 불어라 어기엿차 불어라 불불불 불어도 만대장만 나온다 / 신계 곡산에 풍구는 칠팔명이 불어도 우리들의 풍구는 단둘이만 분다네 / 불어라 불어라 어기엿차 불어라 불불불 불어도 만대장만 나온다 / 왜 생겼나 왜 생겨났나 요다지 곱게도 왜 생겨났나 / 불어라 불어라 어기엿차 불어라 불불불 불어도 만대장만 나온다 / 삼수갑산에 풍구가 얼마나 좋은지 꽃같은 날 두구 풍구 불러만 간다네 / 불어라 불어라 어기엿차 불어라 불불불 불어도 만대장만 나온다 / 신계 곡산에 풍구는 무쇳덩이도 녹이는데 우리집에 낭군은 풍구 불러만 간다네 / 불어라 불어라 어기엿차 불어라 불불불 불어도 만대장만 나온다 / 물길러 간다고 강짜를 말구요 부뚜막 위에다가 바고물을 파렴아 / 불어라 불어라 어기엿차 불어라 불불불 불어도 만대장만 나온다 / 신계 곡산에 풍구는 칠팔명이 불어도 우리들의 풍구는 단둘이만 분다네 / 불어라 불어라 어기엿차 불어라 불불불 불어도 만대장만 나온다 / 왜 생겼나 왜 생겨났나 요다지 곱게도 왜 생겨났나 / 불어라 불어라 어기엿차 불어라 불불불 불어도 만대장만 나온다 / 삼수갑산에 풍구가 얼마나 좋은지 꽃같은 날 두구 풍구 불러만 간다네 / 불어라 불어라 어기엿차 불어라 불불불 불어도 만대장만 나온다 / 신계 곡산에 풍구는 무쇳덩이도 녹이는데 우리집에 낭군은 풍구 불러만 간다네 / 불어라 불어라 어기엿차 불어라 불불불 불어도 만대장만 나온다,19.0,231.02
KC_TM_MF_MY_S000127,경기,민속악,민요,경기민요,아리랑,채수현,여창,Eb / Cm,세마치,9/8,200.0,"향토적인(3), 그리운(2), 마음을 울리는(2), 가볍고 신비로운(1), 경쾌한(1), 생기 있는(1), 서사적인(1), 시적인(1), 쓸쓸한(1), 애절한(1), 애정 어린(1), 에너지 넘치는(1), 유려한(1), 잔잔한(1), 절제된(1), 편안한(1), 표현적인(1), 희망적인(1)","맑은(2), 밝은(2), 깨끗한(1), 단단한(1), 담백한(1), 매끄러운(1), 머금은 듯한(1), 밀도 있는(1), 뻗어 나가는(1), 유연한(1)","신아리랑은 구아리랑을 바탕으로 1930년대에 새롭게 편곡된 신민요로, 경기민요 창부타령조의 선율을 사용하여 밝고 경쾌한 느낌을 주는 곡이다. 이 곡은 아리랑의 정서를 현대적인 감각으로 재해석한 민속악의 일종으로, 경기민요의 특징이 잘 드러나는 민요이다. 여창 가창자 채수현의 목소리는 이 곡의 중심을 이끌어가며, 그녀의 발성은 전통적인 민요의 창법을 잘 살린다. 채수현은 시김새를 적절히 활용하여 멜로디에 생동감을 부여하고, 가창 중에는 음을 자연스럽게 연결하며 리듬감을 강조한다. 그녀의 성량은 곡의 각 구절을 명확하게 전달하며, 호흡을 통해 곡의 흐름을 부드럽게 이어간다. 특히 세마치 장단의 리듬 위에서 채수현은 가창의 리듬을 타며 곡의 경쾌함을 더욱 부각시킨다. 그녀의 호흡은 곡의 마무리에서 중요한 역할을 하며, 리듬의 흐름을 잘 따르면서도 여유롭게 마무리하여 곡의 완성도를 높인다.","Shin Arirang is a newly arranged folk song based on Gu Arirang, created in the 1930s, which employs the melody of Gyeonggi minyo Changbutaryeong to convey a bright and lively feeling. This piece is a type of folk music that reinterprets the sentiment of Arirang with a modern sensibility, showcasing the characteristics of Gyeonggi minyo effectively. The voice of female vocalist Chae Soo-hyun leads the essence of this piece, and her vocalization beautifully captures the traditional singing style of folk music. Chae Soo-hyun skillfully utilizes ornamentation to infuse vitality into the melody, seamlessly connecting notes during her performance while emphasizing the rhythmic quality. Her vocal power clearly conveys each phrase of the piece, and her breath control allows for a smooth flow throughout the song. Particularly, over the rhythm of the semachi jangdan, Chae Soo-hyun rides the rhythm of the singing, further accentuating the song's liveliness. Her breath plays a crucial role in the conclusion of the piece, following the rhythmic flow while concluding leisurely, thereby enhancing the overall completeness of the work.","아리랑 아리랑 아라리요 아리랑 고개로 넘어간다
나를 버리고 가시는 님은 십리도 못가서 발병난다
아리랑 아리랑 아라리요 아리랑 고개로 넘어간다
가자가자 어서가자 백두산덜미에 해져물어간다
아리랑 아리랑 아라리요 아리랑 고개로 넘어간다
청천 하늘엔 잔별도 많고 우리네 가슴엔 희망도 많다
아리랑 아리랑 아라리요 아리랑 고개로 넘어간다
나를 버리고 가시는 님은 십리도 못가서 발병난다
아리랑 아리랑 아라리요 아리랑 고개로 넘어간다
청천 하늘엔 잔별도 많고 우리네 가슴엔 희망도 많다
아리랑 아리랑 아라리요 아리랑 고개로 넘어간다",아리랑 아리랑 아라리요 / 아리랑 고개로 넘어간다 / 나를 버리고 가시는 님은 / 십리도 못가서 발병난다 / 아리랑 아리랑 아라리요 / 아리랑 고개로 넘어간다 / 가자가자 어서가자 / 백두산덜미에 해져물어간다 / 아리랑 아리랑 아라리요 / 아리랑 고개로 넘어간다 / 청천 하늘엔 잔별도 많고 / 우리네 가슴엔 희망도 많다 / 아리랑 아리랑 아라리요 / 아리랑 고개로 넘어간다 / 나를 버리고 가시는 님은 / 십리도 못가서 발병난다 / 아리랑 아리랑 아라리요 / 아리랑 고개로 넘어간다 / 청천 하늘엔 잔별도 많고 / 우리네 가슴엔 희망도 많다 / 아리랑 아리랑 아라리요 / 아리랑 고개로 넘어간다,22.0,240.34
KC_TM_MF_MY_S000128,경기,민속악,민요,경기민요,건드렁타령,김세윤,여창,Ab / Fm,세마치,9/8,180.0,"진지한(3), 유쾌한(2), 잔잔한(2), 활기찬(2), 생기 있는(1), 신명난(1), 쓸쓸한(1), 애절한(1), 에너지 넘치는(1), 유려한(1), 해학적인(1), 향수 어린(1), 향토적인(1), 활달한(1), 희망찬(1)","콧소리 나는(2), 가는(1), 걸쭉한(1), 고운(1), 날 선(1), 날카로운(1), 담백한(1), 매끄러운(1), 밀도 있는(1), 시원한(1), 유연한(1), 화사한(1)","건드렁타령은 처녀들이 나물 등을 팔러 나가는 모습을 해학적으로 그린 경기민요로, 서울과 경기 지방의 소박하고 명랑한 정서를 잘 보여주는 민속악의 대표적인 곡이다. 이 곡은 '건드렁 건드렁' 하는 후렴구에서 이름이 유래하며, 세마치장단으로 경쾌하게 부른다. 여창 가창자 김세윤은 이 곡을 통해 전통적인 민요의 특성을 잘 살리고 있으며, 그녀의 목소리는 곡의 흐름을 자연스럽게 이끌어간다. 김세윤은 발성을 통해 곡의 멜로디를 명확히 표현하며, 시김새를 적절하게 사용하여 전통적인 창법의 매력을 더한다. 그녀의 성량은 곡의 각 부분에서 적절하게 조절되며, 호흡은 리듬에 맞춰 안정적으로 이어진다. 특히 세마치의 경쾌한 리듬 속에서 김세윤은 유연하게 흐름을 타며, 곡의 전개에 따라 호흡을 조절하여 리듬감을 살린다. 이러한 요소들은 곡의 마무리를 더욱 매끄럽게 장식하며, 전통적인 경기민요의 완성도를 높인다.","Geundeureong Taryeong is a playful depiction of young women going out to sell wild greens, representing the simple and cheerful sentiments of the Seoul and Gyeonggi regions, and stands as a quintessential piece of folk music. The title of this song is derived from its catchy refrain ""Geundeureong Geundeureong,"" and it is performed in a lively manner using the semachi jangdan. Female vocalist Kim Se-yoon effectively embodies the characteristics of traditional folk songs through her performance, with her voice guiding the flow of the piece naturally. Kim Se-yoon articulates the melody clearly through her vocalization, employing appropriate vocal embellishments to enhance the charm of the traditional singing style. Her vocal volume is adeptly adjusted throughout the various sections of the song, and her breath control is maintained steadily in accordance with the rhythm. Notably, within the lively rhythm of the semachi, Kim Se-yoon fluidly navigates the flow, modulating her breath to emphasize the rhythmic quality as the piece unfolds. These elements contribute to a smoother conclusion of the song, elevating the overall quality of traditional Gyeonggi folk music.","건드렁 건드렁 건드렁 거리고 놀아보자
왕십리 처녀는 풋나물 장사로 나간다지 고비고사리 두릅나물 용문 산채를 사시래요
건드렁 건드렁 건드렁 거리고 놀아보자
누각골 처녀는 쌈지장사로 나간다지 쥘쌈지 찰쌈지 유자비빔을 사시래요
건드렁 건드렁 건드렁 거리고 놀아보자
애오개 처녀는 망건장사로 나간다지 인모망건 경조망건 곱쌀 망건을 사시래요
건드렁 건드렁 건드렁 거리고 놀아보자
경기안성 처녀는 유기장사로 나간다지 주발 대접 방짜대야 놋요강을 사시래요
건드렁 건드렁 건드렁 거리고 놀아보자
마장리 처녀는 미나리 장수로 나간다지 봄미나리 가을미나리 애미나리를 사시래요
건드렁 건드렁 건드렁 거리고 놀아보자",건드렁 건드렁 건드렁 거리고 놀아보자 / 왕십리 처녀는 풋나물 장사로 나간다지 / 고비고사리 두릅나물 용문 산채를 사시래요 / 건드렁 건드렁 건드렁 거리고 놀아보자 / 누각골 처녀는 쌈지장사로 나간다지 / 쥘쌈지 찰쌈지 유자비빔을 사시래요 / 건드렁 건드렁 건드렁 거리고 놀아보자 / 애오개 처녀는 망건장사로 나간다지 / 인모망건 경조망건 곱쌀 망건을 사시래요 / 건드렁 건드렁 건드렁 거리고 놀아보자 / 경기안성 처녀는 유기장사로 나간다지 / 주발 대접 방짜대야 놋요강을 사시래요 / 건드렁 건드렁 건드렁 거리고 놀아보자 / 마장리 처녀는 미나리 장수로 나간다지 / 봄미나리 가을미나리 애미나리를 사시래요 / 건드렁 건드렁 건드렁 거리고 놀아보자,16.0,228.53
KC_TM_MF_MY_S000129,경기,민속악,민요,경기민요,양산도,김세윤,여창,Eb / Cm,세마치,9/8,280.0,"경쾌한(3), 부드러운(3), 따뜻한(2), 신나는(2), 에너지 넘치는(2), 행복한(2), 다정한(1), 마음을 울리는(1), 명랑한(1), 생기 있는(1), 아정한(1), 여유로운(1), 유려한(1), 유쾌한(1), 즐거운(1), 평온한(1), 향수 어린(1), 희망적인(1)","맑은(2), 밝은(2), 선명한(2), 유연한(2), 콧소리 나는(2), 깨끗한(1), 날 선(1), 단단한(1), 매끄러운(1), 머금은 듯한(1), 비강 울림이 있는(1), 뻗어 나가는(1), 섬세한(1), 여린(1), 직진의(1)","양산도는 경기 통속민요의 하나로, 세마치장단에 맞춰 부르는 흥겨운 노래이다. 이 곡은 입타령으로 시작하는 독특한 형식을 가지고 있으며, 자연 풍광과 인생의 무상함을 노래하는 내용이 특징이다. 경기민요의 특성을 잘 드러내는 이 곡은 경쾌한 곡조와 함께 역설적인 매력을 지닌다. 여창 가창자 김세윤의 목소리는 이 곡을 이끌어가는 중요한 요소로, 그녀의 발성은 명확하고 힘차게 멜로디를 전개한다. 김세윤은 전통적인 경기민요의 창법을 충실히 따르며, 시김새를 적절히 사용하여 곡의 감정을 더욱 풍부하게 표현한다. 그녀의 성량은 곡의 흐름에 따라 유연하게 변화하며, 호흡 조절이 뛰어나 곡의 긴장감과 여유를 잘 조화시킨다. 세마치장단의 리듬 위에서 김세윤은 경쾌하게 흐름을 타며, 각 음절을 정확하게 전달하여 청중이 자연스럽게 곡에 몰입할 수 있도록 돕는다. 마무리 부분에서 그녀의 호흡은 곡을 장식하며, 전체적인 장르적 완성도를 높이는 데 기여한다. 이러한 요소들이 결합하여 양산도는 경기민요의 매력을 잘 드러내는 곡으로 자리잡고 있다.","Yangsan-do is one of the popular folk songs of the Gyeonggi region, sung to the lively rhythm of the semachi jangdan. This piece features a unique structure that begins with an iptaeryeong, and its content is characterized by themes of natural scenery and the transience of life. Well showcasing the characteristics of Gyeonggi folk songs, this piece possesses a cheerful melody along with a paradoxical charm. The voice of the female vocalist Kim Se-yoon is a crucial element that drives the song, as her vocalization clearly and powerfully unfolds the melody. Kim Se-yoon faithfully adheres to the traditional singing style of Gyeonggi folk songs, skillfully employing vocal embellishments to express the emotions of the piece more richly. Her vocal range flexibly adapts to the flow of the song, and her excellent breath control harmonizes the tension and relaxation within the piece. Riding the lively rhythm of the semachi jangdan, Kim Se-yoon delivers each syllable accurately, helping the audience to immerse themselves naturally in the song. In the concluding section, her breath adorns the piece, contributing to the overall genre's completeness. These elements combine to establish Yangsan-do as a piece that effectively highlights the charm of Gyeonggi folk songs.","에라 놓아라 아니 못 놓겠네 능지를 하여도 못 놓겠네
에헤이에 동원도리 편시춘 하니 일촌의 광음이 애석하다
세월아 봄철아 오고 가지 마라 장안의 호걸이 다 늙어간다
에헤이에 무심한 저 달이 구름 밖에 나더니 공연한 심사를 산란케 한다
일락은 서산에 해 떨어지고 월출동령에 달 솟아온다
에헤이에 도화유수 흐르는 물에 두둥실 배 띄우고 떠놀아볼까
아서라 말어라 네 그리 마라 사람의 괄시를 네 그리 마라
에헤이에 맨드라미 봉선화 누루퉁퉁 호박꽃 흔들흔들 초롱꽃 달랑달랑 방울꽃
에라 놓아라 아니 못 놓겠네 능지를 하여도 못 놓겠네
에헤이에 양덕맹산 흐르는 물은 감돌아든다고 부벽루하로다
삼산은 반락에 모란봉이요 이수중분에 능라도로다",에라 놓아라 아니 못 놓겠네 / 능지를 하여도 못 놓겠네 / 에헤이에 / 동원도리 편시춘 하니 / 일촌의 광음이 애석하다 / 세월아 봄철아 오고 가지 마라 / 장안의 호걸이 다 늙어간다 / 에헤이에 / 무심한 저 달이 구름 밖에 나더니 / 공연한 심사를 산란케 한다 / 일락은 서산에 해 떨어지고 / 월출동령에 달 솟아온다 / 에헤이에 / 도화유수 흐르는 물에 / 두둥실 배 띄우고 떠놀아볼까 / 아서라 말어라 네 그리 마라 / 사람의 괄시를 네 그리 마라 / 에헤이에 / 맨드라미 봉선화 누루퉁퉁 호박꽃 / 흔들흔들 초롱꽃 달랑달랑 방울꽃 / 에라 놓아라 아니 못 놓겠네 / 능지를 하여도 못 놓겠네 / 에헤이에 / 양덕맹산 흐르는 물은 / 감돌아든다고 부벽루하로다 / 삼산은 반락에 모란봉이요 / 이수중분에 능라도로다,27.0,241.75
KC_TM_MF_MY_S000130,경기,민속악,민요,경기민요,방아타령,성슬기,여창,Eb / Cm,세마치,9/8,220.0,"향토적인(2), 경쾌한(1), 그루브감 있는(1), 기품 있는(1), 낭만적인(1), 부드러운(1), 생기 있는(1), 신나는(1), 신명난(1), 애절한(1), 에너지 넘치는(1), 유쾌한(1), 조화로운(1), 즐거운(1), 차분한(1), 평온한(1), 행복한(1), 향수 어린(1), 활기찬(1), 활달한(1), 희망적인(1)","콧소리 나는(4), 가는(3), 맑은(2), 고운(1), 깨끗한(1), 매끄러운(1), 비강 울림이 있는(1), 여린(1), 유연한(1), 청아한(1)","방아타령은 사당패 소리에서 유래하여 경기 명창들에 의해 통속화된 민요로, 경기민요의 특징을 잘 드러내는 곡이다. 이 곡은 긴 후렴구와 변화하는 노랫말로 구성되어 있으며, 주로 자진방아타령과 짝을 이루어 불린다. '에라 디여라' 하는 후렴구는 흥을 돋우며 경기 소리의 진수를 보여준다. 여창 가창자 성슬기의 목소리는 이 곡의 전개를 이끌어가는 중요한 요소로 작용한다. 그녀의 목소리는 콧소리 나는 음색으로, 곡의 특성과 잘 어우러진다. 성슬기는 멜로디를 표현할 때 시김새를 적절히 사용하여 전통적인 느낌을 살리며, 발성 또한 안정적이다. 그녀의 성량은 곡의 흐름을 자연스럽게 이끌고, 호흡은 긴 후렴구를 소화하는 데 중요한 역할을 한다. 세마치의 리듬 위에서 성슬기는 곡의 흐름을 잘 타며, 그녀의 호흡은 곡의 마무리를 장식하고 장르적 완성도를 높이는 데 기여한다. 전체적으로 성슬기의 가창은 방아타령의 전통적인 요소를 잘 살리면서도 현대적인 감각을 더하는 조화를 이룬다.","Bangataeryeong is a folk song that originated from the sounds of the Sadanpae and was popularized by Gyeonggi masters, effectively showcasing the characteristics of Gyeonggi folk music. This piece is composed of a lengthy refrain and changing lyrics, and it is primarily sung in conjunction with Jajinbangataeryeong. The refrain ""Era diyeora"" serves to elevate the mood and exemplifies the essence of Gyeonggi sound. The voice of female vocalist Seong Seul-gi plays a crucial role in guiding the development of the piece. Her voice, characterized by a nasal timbre, harmonizes well with the nature of the song. Seong Seul-gi employs appropriate embellishments when expressing the melody, preserving a traditional feel, while her vocalization remains stable. Her vocal range naturally leads the flow of the piece, and her breath control plays an important role in managing the lengthy refrain. Riding on the rhythm of semachi, Seong Seul-gi adeptly navigates the flow of the song, and her breath contributes to the conclusion of the piece, enhancing its genre-specific completeness. Overall, Seong Seul-gi's singing achieves a harmony that not only preserves the traditional elements of Bangataeryeong but also adds a modern sensibility.","에 에헤에 에헤이야 에라 우겨라 방아로 구나
반 넘어 늙었으니 다시 젊기는 꽃집이 앵도라 졌다
엣다 좋구나
오초동남 너른 물에 오고가는 상고선은
순풍에 돛을 달고 북을 두리둥실 울리면서
어기여차 닻 감는 소리 원포귀범 에헤라 이 아니란 말가
에 에헤에 에헤이야 에라 우겨라 방아로 구나
널과 날과 닻이나 감아라 줄을 당기여라 물때가 막 늦어 간다
노자 좋구나
무산십이 높은 봉은 구름 밖에 솟아 있고
해외소상 떠가는 배는 범려의 오호주요
운간으로 날아드는 새는 서왕모의 에헤라 청조로다
에 에헤에 에헤이야 에라 우겨라 방아로 구나
일락은 서산에 해떨어지고 월출동령에 저기 저 달이 막 솟아온다",에 에헤에 에헤이야 / 에라 우겨라 방아로 구나 / 반 넘어 늙었으니 / 다시 젊기는 / 꽃집이 앵도라 졌다 / 엣다 좋구나 / 오초동남 너른 물에 / 오고가는 상고선은 / 순풍에 돛을 달고 / 북을 두리둥실 울리면서 / 어기여차 닻 감는 소리 / 원포귀범 / 에헤라 이 아니란 말가 / 에 에헤에 에헤이야 / 에라 우겨라 방아로 구나 / 널과 날과 닻이나 감아라 / 줄을 당기여라 / 물때가 막 늦어 간다 / 노자 좋구나 / 무산십이 높은 봉은 / 구름 밖에 솟아 있고 / 해외소상 떠가는 배는 / 범려의 오호주요 / 운간으로 날아드는 새는 / 서왕모의 / 에헤라 청조로다 / 에 에헤에 에헤이야 / 에라 우겨라 방아로 구나 / 일락은 서산에 해떨어지고 / 월출동령에 / 저기 저 달이 막 솟아온다,31.0,305.21
KC_TM_MF_MY_S000131,경기,민속악,민요,경기민요,노들강변,김세윤,여창,Eb / Cm,세마치,9/8,280.0,"행복한(3), 그루브감 있는(2), 따뜻한(2), 신나는(2), 평화로운(2), 감상적인(1), 기품 있는(1), 낭만적인(1), 다정한(1), 단아한(1), 서사적인(1), 쓸쓸한(1), 애정 어린(1), 에너지 넘치는(1), 우아한(1), 즐거운(1), 평온한(1), 향수 어린(1), 희망찬(1)","유연한(3), 맑은(2), 밝은(2), 시원한(2), 가는(1), 고운(1), 공명감 있는(1), 깨끗한(1), 단단한(1), 비강 울림이 있는(1), 뻗어 나가는(1), 쇳소리 나는(1), 여린(1), 직진의(1), 청아한(1), 콧소리 나는(1)","노들강변은 1934년 신불출 작사, 문호월 작곡으로 발표된 신민요로, 경기민요로 정착된 대표적인 곡이다. 이 곡은 세마치장단을 바탕으로 한강 노들나루의 정취와 삶의 애환을 담고 있으며, 유려한 선율과 서정적인 가사로 오랫동안 대중적인 사랑을 받아왔다. 여창 가창자 김세윤의 목소리는 이 곡의 감정을 깊이 있게 전달하며, 전통적인 창법을 통해 세밀한 표현을 이끌어낸다. 김세윤은 발성을 통해 곡의 멜로디를 부드럽게 흐르게 하며, 시김새를 적절히 활용하여 전통적인 민요의 특성을 잘 살린다. 성량이 풍부하여 각 음절이 명확하게 전달되며, 호흡의 조절이 뛰어나 곡의 흐름을 자연스럽게 이어간다. 세마치의 리듬 위에서 가창자는 곡의 구조를 잘 파악하여 리듬감을 살리며, 호흡을 통해 곡의 마무리를 세련되게 장식한다. 이러한 호흡 조절은 곡의 장르적 완성도를 높이며, 전통 민속악의 매력을 더욱 부각시킨다.","Nodeul Riverside is a newly composed folk song released in 1934, with lyrics by Shin Bul-chul and music by Moon Ho-wol, and it has become a representative piece of Gyeonggi folk music. This song captures the essence and the joys and sorrows of life along the Han River's Nodeul ferry, based on the Semachi Jangdan rhythm, and has enjoyed enduring popularity due to its graceful melody and lyrical lyrics. The voice of the female vocalist Kim Se-yoon deeply conveys the emotions of the piece, drawing out intricate expressions through traditional singing techniques. Kim Se-yoon allows the melody to flow smoothly through her vocalization, effectively utilizing the nuances of traditional folk music. Her rich vocal tone ensures that each syllable is clearly articulated, and her excellent breath control seamlessly maintains the flow of the song. Over the rhythm of Semachi, the vocalist skillfully grasps the structure of the piece, enhancing the sense of rhythm, and elegantly embellishes the conclusion of the song through her breath. This control of breath elevates the genre's overall completeness and further highlights the charm of traditional folk music.","노들 강변 봄버들 휘휘 늘어진 가지에다 무정 세월 한 허리를 칭칭 동여 메어볼까
에헤요 봄버들도 못 잊으리로다 흐르는 저기 저 물만 흘러 흘러서 가노라
​노들 강변 백사장 모래 마다 밟은 자국 만고 풍상 비바람에 몇번이나 지워갔나
에헤요 백사장도 못 믿으리로다 푸르른 저기 저 물만 흘러 흘러서 가노라
노들 강변 푸른물 네가 무슨 망령으로 재자가인 아까운 몸 몇몇이나 데려갔나
에헤요 네가 진정 마음을 돌려서 이 세상 쌓인 한이나 두둥 싣고서 가노라
노들 강변 봄버들 휘휘 늘어진 가지에다 무정 세월 한 허리를 칭칭 동여 메어볼까
에헤요 봄버들도 못 잊으리로다 흐르는 저기 저 물만 흘러 흘러서 가노라",노들 강변 봄버들 휘휘 늘어진 가지에다 / 무정 세월 한 허리를 칭칭 동여 메어볼까 / 에헤요 봄버들도 못 잊으리로다 / 흐르는 저기 저 물만 흘러 흘러서 가노라 / ​노들 강변 백사장 모래 마다 밟은 자국 / 만고 풍상 비바람에 몇번이나 지워갔나 / 에헤요 백사장도 못 믿으리로다 / 푸르른 저기 저 물만 흘러 흘러서 가노라 / 노들 강변 푸른물 네가 무슨 망령으로 / 재자가인 아까운 몸 몇몇이나 데려갔나 / 에헤요 네가 진정 마음을 돌려서 / 이 세상 쌓인 한이나 두둥 싣고서 가노라 / 노들 강변 봄버들 휘휘 늘어진 가지에다 / 무정 세월 한 허리를 칭칭 동여 메어볼까 / 에헤요 봄버들도 못 잊으리로다 / 흐르는 저기 저 물만 흘러 흘러서 가노라,16.0,247.54
KC_TM_MF_MY_S000132,경기,민속악,민요,경기민요,사설방아타령,김민지,여창,Eb / Cm,세마치,9/8,220.0,"명랑한(3), 에너지 넘치는(3), 경쾌한(2), 신명난(2), 단아한(1), 따뜻한(1), 부드러운(1), 신나는(1), 유쾌한(1), 즐거운(1), 평온한(1), 표현적인(1)","가는(2), 맑은(2), 청아한(2), 고운(1), 깨끗한(1), 매끄러운(1), 밝은(1), 시원한(1), 유연한(1)","사설방아타령은 방아타령에서 파생된 경기잡가로, 경기민요의 특징이 잘 드러나는 민속악의 한 형태이다. 이 곡은 사설이 길고 촘촘하게 엮여져 있어 독특한 매력을 지니며, 수심가조의 선율이 섞여 있어 더욱 특별한 맛을 낸다. 여창 가창자 김민지는 이 곡을 통해 경기 잡가 특유의 세련된 기교와 발성을 효과적으로 표현한다. 그녀의 목소리는 복잡한 멜로디를 유연하게 소화하며, 시김새를 적절히 사용하여 전통적인 요소를 잘 살린다. 발성은 강하고 명확하여 곡의 흐름을 이끌어가며, 성량은 곡의 다이내믹을 조절하는 데 중요한 역할을 한다. 김민지는 호흡을 적절히 조절하여 긴 구절을 소화하며, 각 음절에 감정을 담아내는 데 집중한다. 세마치 장단의 리듬 위에서 그녀의 목소리는 자연스럽게 흐름을 타며, 리듬감 있게 전개된다. 호흡을 통해 곡의 마무리를 장식하며, 이는 장르적 완성도를 높이는 데 기여한다. 이러한 요소들은 사설방아타령이 가진 전통적 매력을 더욱 부각시킨다.","Saseol Bangataryeong is a genre of Gyeonggi folk song derived from Bangataryeong, representing a form of folk music that distinctly showcases the characteristics of Gyeonggi minyo. This piece features lengthy and intricately woven lyrics, endowing it with a unique charm, and is further enhanced by the infusion of the Suhimgajyo melody, adding a special flavor. The female vocalist Kim Min-ji effectively expresses the refined techniques and vocalization inherent to Gyeonggi japga through this song. Her voice adeptly navigates the complex melodies, utilizing the traditional ornamentation known as sigimsae to preserve the authentic elements. The vocalization is strong and clear, guiding the flow of the piece, while her vocal range plays a crucial role in regulating the dynamics of the song. Kim Min-ji skillfully manages her breath to articulate long phrases, focusing on infusing emotion into each syllable. Over the rhythm of the Semachi jangdan, her voice flows naturally, developing with a sense of rhythm. She adorns the conclusion of the piece through her breath control, contributing to the genre's overall completeness. These elements further highlight the traditional allure of Saseol Bangataryeong.","경기도라 여주이천 물방아가 제일인데 오곡백곡 잡곡중에 자차벼만 찧어보세
에헤 에헤야 어라 우겨라 방아로구나
마탄금탄 여울물에 물레방아 돌고돌아 줄기차게 쏟는 물은 쿠궁쿵쿵 잘도찧네
에헤 에헤야 어라 우겨라 방아로구나
산에올라 수진방아 들에나려 디딜방아 돌고돌아 연자방아 시름잊고 찧여보세
에헤 에헤야 어라 우겨라 방아로구나
자주찧는 깨방아요 원수끝에 보리방아 찧기좋은 현미백미만 찧어보세
에헤 에헤야 어라 우겨라 방아로구나
쿠궁쿵쿵 쿵쿵쿵 절구대로 찧는 방아 이방아를 어서 찧고 정든 님을 만나보세
에헤 에헤야 어라 우겨라 방아로구나
만첩청산 남글베여 이방아를 놓았구나 방아방아 상사디야 덜크덩떵 잘도 찧네
에헤 에헤야 어라 우겨라 방아로구나
온마을에 풍년들어 사람마다 즐기건만 방아찧는 이내몸은 고달프기 그지없네
에헤 에헤야 어라 우겨라 방아로구나",경기도라 여주이천 물방아가 제일인데 / 오곡백곡 잡곡중에 자차벼만 찧어보세 / 에헤 에헤야 어라 우겨라 방아로구나 / 마탄금탄 여울물에 물레방아 돌고돌아 / 줄기차게 쏟는 물은 쿠궁쿵쿵 잘도찧네 / 에헤 에헤야 어라 우겨라 방아로구나 / 산에올라 수진방아 들에나려 디딜방아 / 돌고돌아 연자방아 시름잊고 찧여보세 / 에헤 에헤야 어라 우겨라 방아로구나 / 자주찧는 깨방아요 원수끝에 보리방아 / 찧기좋은 현미백미만 찧어보세 / 에헤 에헤야 어라 우겨라 방아로구나 / 쿠궁쿵쿵 쿵쿵쿵 절구대로 찧는 방아 / 이방아를 어서 찧고 정든 님을 만나보세 / 에헤 에헤야 어라 우겨라 방아로구나 / 만첩청산 남글베여 이방아를 놓았구나 / 방아방아 상사디야 덜크덩떵 잘도 찧네 / 에헤 에헤야 어라 우겨라 방아로구나 / 온마을에 풍년들어 사람마다 즐기건만 / 방아찧는 이내몸은 고달프기 그지없네 / 에헤 에헤야 어라 우겨라 방아로구나,21.0,241.94
KC_TM_MF_MY_S000133,경기,민속악,민요,경기민요,도라지,김민지,여창,Eb / Cm,세마치,9/8,220.0,"생기 있는(2), 신나는(2), 유쾌한(2), 즐거운(2), 경쾌한(1), 다이내믹한(1), 따뜻한(1), 명랑한(1), 아정한(1), 여유로운(1), 우아한(1), 차분한(1), 표현적인(1), 향수 어린(1), 활달한(1), 희망적인(1), 희망찬(1)","맑은(2), 밝은(2), 유연한(2), 고운(1), 깨끗한(1), 비강 울림이 있는(1), 정제된(1), 청아한(1), 콧소리 나는(1), 투명한(1)","도라지타령은 황해도 산염불조에서 유래하여 경기민요로 정착한 통속민요로, 세마치장단에 맞춰 도라지를 캐는 정경을 경쾌하고 우아하게 노래하는 곡이다. 이 곡은 경기민요의 특징이 잘 드러나는 민속악의 일종으로, 한국을 대표하는 민요 중 하나로 널리 알려져 있다. 여창 가창자 김민지는 이 곡을 통해 특유의 창법으로 청중을 사로잡는다. 그녀의 목소리는 맑고 고운 선율을 효과적으로 표현하며, 발성에서 시김새를 적절히 활용하여 곡의 감정을 전달한다. 김민지는 세심한 호흡 조절로 멜로디의 흐름을 자연스럽게 이어가며, 각 음을 명확하게 구분하여 곡의 구조를 뚜렷하게 만든다. 또한, 그녀는 세마치장단의 경쾌한 리듬에 맞춰 목소리의 리듬감을 조화롭게 조절하여, 곡의 전체적인 흐름을 이끌어간다. 그녀의 호흡은 곡의 마무리에서 중요한 역할을 하며, 자연스럽고 여유 있는 마무리로 장르적 완성도를 높인다.","Doraji Taryeong originates from the Hwanghae Province's San Yeombul style and has settled as a popular folk song within the Gyeonggi region, characterized by its lively and graceful depiction of the scene of harvesting doraji (bellflower). This piece is a type of folk music that distinctly showcases the characteristics of Gyeonggi folk songs and is widely recognized as one of Korea's representative folk songs. The female vocalist Kim Min-ji captivates the audience with her unique singing style through this song. Her voice effectively expresses clear and beautiful melodies, utilizing vocal techniques to convey the emotions of the piece. Kim Min-ji maintains a natural flow of the melody with careful breath control, clearly distinguishing each note to enhance the structure of the song. Additionally, she harmoniously adjusts the rhythmic quality of her voice in accordance with the lively rhythm of the semachi jangdan, guiding the overall flow of the piece. Her breath plays a crucial role in the conclusion of the song, enhancing the genre's completeness with a natural and relaxed ending.","도라지도라지도라지 심심산천에 도라지 한두뿌리만 캐어도 대바구니로 반실만되누나
에헤요 에헤요 에헤야 어여라 난다 지화자 좋다 저기 저산밑에 도라지가 한들한들
도라지도라지 도라지 은율금산포 백도라지 한뿌리 두뿌리 받으니 산골에 도라지 풍년일세
에헤요 에헤요 에헤야 어여라 난다 지화자 좋다 저기 저산밑에 도라지가 한들한들
도라지도라지도라지 강원도 금강산 백도라지 도라지캐는 아가씨들 손맵씨도 멋들어졌네
에헤요 에헤요 에헤야 어여라 난다 지화자 좋다 저기 저산밑에 도라지가 한들한들
도라지도라지도라지 심심산천에 도라지 한두뿌리만 캐어도 대바구니로 반실만되누나
에헤요 에헤요 에헤야 어여라 난다 지화자 좋다 저기 저산밑에 도라지가 한들한들",도라지도라지도라지 심심산천에 도라지 / 한두뿌리만 캐어도 대바구니로 반실만되누나 / 에헤요 에헤요 에헤야 어여라 난다 / 지화자 좋다 저기 저산밑에 도라지가 한들한들 / 도라지도라지 도라지 은율금산포 백도라지 / 한뿌리 두뿌리 받으니 산골에 도라지 풍년일세 / 에헤요 에헤요 에헤야 어여라 난다 / 지화자 좋다 저기 저산밑에 도라지가 한들한들 / 도라지도라지도라지 강원도 금강산 백도라지 / 도라지캐는 아가씨들 손맵씨도 멋들어졌네 / 에헤요 에헤요 에헤야 어여라 난다 / 지화자 좋다 저기 저산밑에 도라지가 한들한들 / 도라지도라지도라지 심심산천에 도라지 / 한두뿌리만 캐어도 대바구니로 반실만되누나 / 에헤요 에헤요 에헤야 어여라 난다 / 지화자 좋다 저기 저산밑에 도라지가 한들한들,16.0,275.76
KC_TM_MF_MY_S000134,서도,민속악,민요,서도민요,몽금포타령,장효선,여창,D / Bm,중모리,12/4,70.0,"그리운(2), 가볍고 신비로운(1), 그루브감 있는(1), 기품 있는(1), 낭만적인(1), 다정한(1), 단아한(1), 마음을 울리는(1), 몽환적인(1), 부드러운(1), 생기 있는(1), 신나는(1), 쓸쓸한(1), 애정 어린(1), 여유로운(1), 영웅적인(1), 우울감 있는(1), 진심 어린(1), 축제적인(1), 표현적인(1), 품위 있는(1)","고운(2), 섬세한(2), 유연한(2), 청아한(2), 가는(1), 매끄러운(1), 비강 울림이 있는(1), 뻗어 나가는(1), 선명한(1), 쇳소리 나는(1), 여린(1), 화사한(1)","몽금포타령은 황해도 장산곶과 몽금포의 경치를 노래한 서도민요로, 서정적이고 유장한 중모리장단에 맞춰 부르는 민속악의 일종이다. 이 곡은 서도 민요의 특징을 잘 드러내며, 콧소리와 애수 띤 선율로 바닷가의 정취를 표현한다. 여창 가창자 장효선의 목소리는 이 곡을 이끌어가는 중요한 요소로, 그녀는 중모리장단에 맞춰 부드럽고도 유연한 발성으로 멜로디를 전달한다. 장효선은 시김새를 적절히 사용하여 곡의 감정을 표현하며, 각 음절을 명확하게 발음하면서도 흐름을 잃지 않는다. 그녀의 성량은 곡의 전개에 따라 변화하며, 호흡을 조절하여 긴 음을 자연스럽게 이어간다. 중모리의 리듬 위에서 장효선은 곡의 흐름을 매끄럽게 타며, 호흡의 조절로 곡의 마무리를 장식하고, 서도민요의 전통적인 요소를 더욱 돋보이게 한다. 이러한 요소들이 결합되어 몽금포타령은 장효선의 가창을 통해 한층 더 완성된 형태로 나타난다.","Monggeumpo Taryeong is a type of Seodo folk song that sings of the scenery of Jangsan Cape and Monggeumpo in Hwanghae Province, characterized by its lyrical and flowing Jungmori Jangdan rhythm. This piece effectively showcases the features of Seodo folk songs, expressing the ambiance of the seaside through nasal tones and a poignant melody. The voice of the female vocalist Jang Hyo-seon is a crucial element that drives the song, as she conveys the melody with a soft and flexible vocalization in accordance with the Jungmori Jangdan. Jang Hyo-seon skillfully employs ornamentation to express the emotions of the piece, articulating each syllable clearly while maintaining the flow. Her vocal range varies with the development of the song, and she manages her breath to seamlessly extend the long notes. Riding smoothly on the rhythm of Jungmori, Jang Hyo-seon embellishes the conclusion of the piece through breath control, further highlighting the traditional elements of Seodo folk songs. These elements combine to present Monggeumpo Taryeong in a more complete form through Jang Hyo-seon's performance.","장산곶 마루에 북소리 나더니 금일도 상봉에 님 만나보겠네
에헤요 에헤요 에헤야 님 만나 보겠네
갈길은 멀구요 행선은 더디니 늦바람 불라고 성황님 조른다
에헤요 에헤요 에헤야 성황님 조른다
바람새 좋다고 돛달지 말구요 몽금이 개암포 들랬다 가소래
에헤요 에헤요 에헤야 들랬다 가소래
앞강에 뜬 배는 낚시질 꾼 배요 뒷강에 뜬 배는 님 실러 갈 배라
에헤요 에헤요 에헤야 님 실러 갈 배라",장산곶 마루에 / 북소리 나더니 / 금일도 상봉에 / 님 만나보겠네 / 에헤요 에헤요 에헤야 / 님 만나 보겠네 / 갈길은 멀구요 / 행선은 더디니 / 늦바람 불라고 / 성황님 조른다 / 에헤요 에헤요 에헤야 / 성황님 조른다 / 바람새 좋다고 / 돛달지 말구요 / 몽금이 개암포 / 들랬다 가소래 / 에헤요 에헤요 에헤야 / 들랬다 가소래 / 앞강에 뜬 배는 / 낚시질 꾼 배요 / 뒷강에 뜬 배는 / 님 실러 갈 배라 / 에헤요 에헤요 에헤야 / 님 실러 갈 배라,24.0,249.46
KC_TM_MF_MY_S000135,서도,민속악,민요,서도민요,산염불,유지숙,여창,Db / Bbm,중모리,12/4,80.0,"애절한(3), 기품 있는(2), 쓸쓸한(2), 엄숙한(2), 표현적인(2), 가볍고 신비로운(1), 감상적인(1), 귀여운(1), 그리운(1), 마음을 울리는(1), 사색적인(1), 신비로운(1), 우울감 있는(1), 유려한(1), 진지한(1)","쇳소리 나는(2), 콧소리 나는(2), 가는(1), 걸쭉한(1), 매끄러운(1), 머금은 듯한(1), 밀도 있는(1), 비강 울림이 있는(1), 선명한(1), 섬세한(1), 역동적인(1), 울리는(1), 진한(1), 힘 있는(1)","산염불은 황해도 지방의 대표적인 민요로, 서도민요의 특징이 잘 드러나는 민속악의 한 형태이다. 이 곡은 불교적 사설보다는 서정적인 내용을 수심가조로 노래하며, 느린 긴염불과 빠른 자진염불을 이어서 부르는 구조로 인생의 무상함과 그리움을 표현하는 데 중점을 둔다. 여창 가창자 유지숙의 목소리는 이 곡을 이끌어가는 중요한 요소로, 그녀는 깊고 풍부한 발성으로 멜로디를 표현한다. 유지숙은 전통적인 창법을 활용하여 시김새를 적절히 구사하며, 음의 높낮이를 자유롭게 조절하는 능력을 보여준다. 그녀의 성량은 곡의 각 구간에 맞춰 조절되며, 호흡 또한 안정적이어서 긴 구절을 이어가는 데 있어 자연스러운 흐름을 유지한다. 중모리의 리듬 위에서 가창자는 곡의 흐름을 타며, 각 음을 부드럽게 연결하여 리듬감을 높인다. 그녀의 호흡은 곡의 마무리에서 여운을 남기며, 전반적인 장르의 완성도를 높이는 역할을 한다.","Sanyeombul is a representative folk song of the Hwanghae Province, exemplifying the characteristics of Seodo folk music. This piece is sung in a lyrical style with a focus on expressing the impermanence of life and longing, using a structure that alternates between the slow Ginyeombul and the fast Jajinyeombul. The voice of the female vocalist Yoo Ji-sook is a crucial element that drives the piece, as she conveys the melody with a deep and rich tone. Yoo Ji-sook employs traditional singing techniques, skillfully utilizing ornamentation and demonstrating her ability to freely adjust the pitch. Her vocal volume is modulated to suit each section of the song, and her breath control is stable, allowing for a natural flow during extended phrases. Riding on the rhythm of Jungmori, the vocalist enhances the sense of rhythm by smoothly connecting each note. Her breath leaves a lingering resonance at the conclusion of the piece, contributing to the overall completeness of the genre.","에 헤에 에헤헤 아미 타아 아허야 불이로다
서산명월은 다 넘어가고 벽수비풍은 슬슬 부는데
새벽 종다리 우지지는 소리 아니 나던 심정이 절로 난다
에 헤에 에헤헤 아미 타아 아허야 불이로다
서산낙조에 떨어지는 해는 내일 아침이면 다시 돋건마는
황천길은 얼마나 먼지 한 번 가면은 영절이라
에 헤에 에헤헤 아미 타아 아허야 불이로다
아해야 연수처라 님에게로 편지 쓰자 검은 먹과 흰 종이는 님의 얼굴을 보건마는
저 붓대 그리고 못 보니 네나 내나 일반이라
에 헤에 에헤헤 아미 타아 아허야 불이로다
어젯밤에 꿈 좋더니 임에게서 편지 왔소 그 편지를 받어 들고 가슴 위에 얹었더니
인철지 한 장이 무겁디는 않소마는 가슴이 답답하여 못 살겠네
에 헤에 에헤헤 아미 타아 아허야 불이로다",에 헤에 에헤헤 아미 / 타아 아허야 불이로다 / 서산명월은 다 넘어가고 / 벽수비풍은 슬슬 부는데 / 새벽 종다리 우지지는 소리 / 아니 나던 심정이 절로 난다 / 에 헤에 에헤헤 아미 / 타아 아허야 불이로다 / 서산낙조에 떨어지는 해는 / 내일 아침이면 다시 돋건마는 / 황천길은 얼마나 먼지 / 한 번 가면은 영절이라 / 에 헤에 에헤헤 아미 / 타아 아허야 불이로다 / 아해야 연수처라 / 님에게로 편지 쓰자 / 검은 먹과 흰 종이는 님의 얼굴을 보건마는 / 저 붓대 그리고 못 보니 / 네나 내나 일반이라 / 에 헤에 에헤헤 아미 / 타아 아허야 불이로다 / 어젯밤에 꿈 좋더니 / 임에게서 편지 왔소 / 그 편지를 받어 들고 / 가슴 위에 얹었더니 / 인철지 한 장이 무겁디는 않소마는 / 가슴이 답답하여 못 살겠네 / 에 헤에 에헤헤 아미 / 타아 아허야 불이로다,29.0,263.28
KC_TM_MF_MY_S000136,경기,민속악,민요,경기민요,개성산염불,김민지,여창,Ab / Fm,중모리,12/4,70.0,"가볍고 신비로운(2), 귀여운(2), 생기 있는(2), 신나는(2), 에너지 넘치는(2), 경쾌한(1), 명랑한(1), 몽환적인(1), 서사적인(1), 열정적인(1), 우아한(1), 편안한(1), 행복한(1), 향수 어린(1)","시원한(3), 콧소리 나는(3), 가는(1), 맑은(1), 매끄러운(1), 밝은(1), 비강 울림이 있는(1), 여린(1), 청아한(1)","개성산염불은 경기민요의 전형적인 예로, 민속악의 범주에 속하는 곡이다. 이 곡은 개성산염불이 산염불 계통 중 가장 먼저 창민요로 발전하면서 높은 인기를 누렸던 시기를 반영하고 있다. 경기민요의 특징이 잘 드러나는 이 곡은 3소박 3박자의 세마치장단을 기본으로 하여, 빠르기가 80~90인 중모리장단이 주를 이루고 있으며, 전통적인 수심가토리의 음계를 활용하여 구성되었다. 여창 가창자 김민지는 이 곡에서 자신의 목소리를 통해 멜로디를 섬세하게 표현하며, 발성과 시김새를 통해 전통적인 창법을 충실히 재현한다. 그녀의 목소리는 곡의 구조에 따라 다양한 음역을 활용하며, 중모리장단의 리듬에 맞춰 유연하게 흐름을 타는 모습이 돋보인다. 김민지는 호흡을 조절하며 각 구절의 끝을 부드럽게 마무리하고, 시김새를 통해 곡의 감정을 효과적으로 전달한다. 이처럼 그녀의 가창은 곡의 전체적인 완성도를 높이며, 중모리의 리듬 위에서 안정감 있는 흐름을 유지한다. 가창자의 호흡은 곡의 클라이맥스를 장식하고, 청중에게 깊은 여운을 남기는 역할을 한다.","Gaeseongsan Yeombul is a quintessential example of Gyeonggi folk song, belonging to the category of traditional music. This piece reflects the period when Gaeseongsan Yeombul first evolved into a popular minyo (folk song) within the Yeombul lineage. The characteristics of Gyeonggi folk music are well manifested in this piece, which is based on the semachi jangdan in a 3/4 time signature, primarily featuring a mid-tempo jungmori jangdan with a speed of 80 to 90 beats per minute, and is constructed using the traditional suhim gatari scale. Female vocalist Kim Min-ji delicately expresses the melody through her voice in this piece, faithfully reproducing traditional singing techniques through her vocalization and ornamentation. Her voice utilizes a wide range according to the structure of the piece, and her ability to flow flexibly with the rhythm of the jungmori jangdan is particularly striking. Kim Min-ji controls her breath to softly conclude each phrase, effectively conveying the emotions of the piece through her ornamentation. In this way, her singing enhances the overall completeness of the piece while maintaining a stable flow over the rhythm of the jungmori. The vocalist's breath adorns the climax of the piece, leaving a profound resonance with the audience.","니나노 나요 나니가 난실레요 니나노 나노가 산이로다
산에올라 옥을 캐니 이름이 좋아서 산옥이냐
니나노 나요 나니가 난실레요 니나노 나노가 산이로다
이산저산 양산간에 울고나 간다고 곡산이라
니나노 나요 나니가 난실레요 니나노 나노가 산이로다
산에올라 도라지를 캐서 돌고나보니 산삼이라
니나노 나요 나니가 난실레요 니나노 나노가 산이로다
학도 뜨고 봉도나 뜬데 강산 두루미 나도 떴소
니나노 나요 나니가 난실레요 니나노 나노가 산이로다
보고지고 보고나지고 유정낭군님 보고지고 니나노 나요 나니가 난실레요 니나노 나노가 산이로다",니나노 나요 나니가 난실레요 / 니나노 나노가 산이로다 / 산에올라 옥을 캐니 / 이름이 좋아서 산옥이냐 / 니나노 나요 나니가 난실레요 / 니나노 나노가 산이로다 / 이산저산 양산간에 / 울고나 간다고 곡산이라 / 니나노 나요 나니가 난실레요 / 니나노 나노가 산이로다 / 산에올라 도라지를 캐서 / 돌고나보니 산삼이라 / 니나노 나요 나니가 난실레요 / 니나노 나노가 산이로다 / 학도 뜨고 봉도나 뜬데 / 강산 두루미 나도 떴소 / 니나노 나요 나니가 난실레요 / 니나노 나노가 산이로다 / 보고지고 보고나지고 / 유정낭군님 보고지고 / 니나노 나요 나니가 난실레요 / 니나노 나노가 산이로다,22.0,233.38
KC_TM_MF_MY_S000137,경기,민속악,민요,경기민요,금강산타령,김민지,여창,Eb / Cm,중모리,12/4,60.0,"경쾌한(2), 생기 있는(2), 표현적인(2), 기품 있는(1), 다이내믹한(1), 다정한(1), 따뜻한(1), 명랑한(1), 여유로운(1), 우아한(1), 잔잔한(1), 절제된(1), 진지한(1), 차분한(1), 편안한(1), 행복한(1)","단단한(2), 맑은(2), 시원한(2), 가는(1), 고운(1), 담백한(1), 매끄러운(1), 청아한(1), 콧소리 나는(1), 탁 트인(1), 투명한(1)","금강산타령은 1920년대 최정식이 금강산의 절경을 주제로 만든 경기 잡가이자 신민요로, 민요와 잡가의 중간적 성격을 지닌 곡이다. 이 곡은 경기민요의 특징이 잘 드러나며, 경기 소리꾼들에 의해 전승되어 온 전통적인 민속악의 일환으로, 금강산의 아름다움을 묘사한 가사가 돋보인다. 여창 가창자 김민지의 목소리는 이 곡을 이끌어가는 중요한 요소로, 그녀는 곡의 멜로디를 표현하는 데 있어 섬세한 발성과 시김새를 활용한다. 김민지는 중모리 장단의 리듬에 맞춰 자유롭게 호흡을 조절하며, 각 음을 길게 늘이거나 짧게 끊어내는 창법을 통해 곡의 흐름을 자연스럽게 이어간다. 그녀의 성량은 곡의 전개에 따라 유동적으로 변화하며, 중모리의 리듬에 잘 어우러져 청중에게 깊은 인상을 남긴다. 곡이 진행될수록 김민지는 호흡을 통해 긴장감을 조절하며, 곡의 마무리에서는 부드럽고 여유로운 호흡으로 곡의 완성도를 높인다. 이러한 방식으로 김민지는 금강산타령의 매력을 극대화하며, 전통적인 경기민요의 정수를 잘 전달한다.","Geumgangsan Taryeong is a Gyeonggi folk song and a new folk song created by Choi Jeong-sik in the 1920s, themed around the breathtaking scenery of Geumgangsan, embodying a transitional nature between folk songs and gagok. This piece distinctly showcases the characteristics of Gyeonggi folk music and is part of the traditional folk music passed down by Gyeonggi singers, with lyrics that vividly depict the beauty of Geumgangsan. The voice of female vocalist Kim Min-ji is a crucial element that drives the song, as she employs delicate vocalization and ornamentation to express the melody. Kim adjusts her breath freely in accordance with the rhythm of the Jungmori jangdan, seamlessly elongating or shortening each note through her singing technique, thereby maintaining the natural flow of the piece. Her vocal timbre dynamically changes with the progression of the song, harmonizing well with the rhythm of Jungmori and leaving a profound impression on the audience. As the piece unfolds, Kim modulates the tension through her breath, and in the conclusion of the song, she enhances its completeness with soft and relaxed breathing. In this manner, Kim maximizes the charm of Geumgangsan Taryeong and effectively conveys the essence of traditional Gyeonggi folk music.","천하명산 어드메뇨 천하명산 구경갈제 동해끼고 솟은산이
일만이천 봉우리가 구름같이 버렸으니 금강산이 분명구나
장안사를 구경하고 명경대에 다리쉬어 망군대를 올라가니
마의태자 어디갔노 바위위에 얽힌꿈은 추모하는 누흔뿐이로다
종소래와 염불소래 바람결에 들려오고 옥류금류 열두담이
굽이굽이 흘렀으니 선경인듯 극락인듯 만물상이 더욱좋다
기암괴석 절경속에 금강수가 새음솟고 구름줄기 몸에 감고
쇠사다리 더듬어서 발옮기어 올라가니 비로봉이 장엄쿠나",천하명산 어드메뇨 / 천하명산 구경갈제 / 동해끼고 솟은산이 / 일만이천 봉우리가 / 구름같이 버렸으니 / 금강산이 분명구나 / 장안사를 구경하고 / 명경대에 다리쉬어 / 망군대를 올라가니 / 마의태자 어디갔노 / 바위위에 얽힌꿈은 / 추모하는 누흔뿐이로다 / 종소래와 염불소래 / 바람결에 들려오고 / 옥류금류 열두담이 / 굽이굽이 흘렀으니 / 선경인듯 극락인듯 / 만물상이 더욱좋다 / 기암괴석 절경속에 / 금강수가 새음솟고 / 구름줄기 몸에 감고 / 쇠사다리 더듬어서 / 발옮기어 올라가니 / 비로봉이 장엄쿠나,24.0,291.02
KC_TM_MF_MY_S000138,경기,민속악,민요,경기민요,구아리랑,채수현,여창,Eb / Cm,중모리,12/4,60.0,"쓸쓸한(2), 애절한(2), 우아한(2), 우울감 있는(2), 진지한(2), 향수 어린(2), 그리운(1), 기품 있는(1), 다정한(1), 단아한(1), 아정한(1), 애정 어린(1), 엄숙한(1), 여유로운(1), 잔잔한(1), 장엄한(1), 절제된(1), 편안한(1)","단단한(2), 뻗어 나가는(2), 역동적인(2), 맑은(1), 매끄러운(1), 밀도 있는(1), 섬세한(1), 시원한(1), 유연한(1), 진한(1)","구아리랑은 본조아리랑이 유행하기 이전 서울·경기 지역에서 불리던 아리랑으로, 경기민요의 특징이 잘 드러나는 민속악 장르의 곡이다. 이 곡은 강원도 아리랑이 경기도화 되어 세마치장단에 경토리로 불려지며, 부드럽고 경쾌한 느낌을 준다. 여창 가창자 채수현의 목소리는 이 곡의 흐름을 이끌어가는 중요한 요소로 작용한다. 그녀의 발성은 명확하고 안정적이며, 전통적인 창법을 바탕으로 시김새를 적절히 활용하여 멜로디의 변화를 섬세하게 표현한다. 채수현은 곡의 구조에 맞춰 성량을 조절하며, 각 구절의 시작과 끝에서 호흡을 잘 관리하여 자연스러운 연결감을 형성한다. 중모리의 리듬 위에서 그녀는 곡의 흐름을 타며, 리듬에 맞춰 유연하게 음의 높낮이를 조절하고, 시김새를 통해 민속적인 정서를 더욱 강조한다. 가창자는 곡의 마무리를 호흡으로 장식하며, 이는 곡의 전체적인 완성도를 높이는 데 기여한다. 이러한 요소들이 모여 구아리랑의 전통적인 매력을 잘 드러내고 있다.","Guarirang is a variant of Arirang that was sung in the Seoul and Gyeonggi regions before the popularity of Bonjo Arirang, and it is a folk music genre that distinctly showcases the characteristics of Gyeonggi folk songs. This piece is a transformation of Gangwon-do Arirang into Gyeonggi style, performed in the semachi jangdan with a gentle and lively feeling. The voice of the female vocalist Chae Su-hyun serves as a crucial element that drives the flow of the piece. Her vocalization is clear and stable, and she skillfully employs traditional singing techniques to delicately express the changes in melody through ornamentation. Chae Su-hyun adjusts her vocal volume according to the structure of the piece, managing her breath well at the beginning and end of each phrase to create a natural sense of connection. Riding on the rhythm of jungmori, she flexibly modulates the pitch in accordance with the rhythm, further emphasizing the folk sentiment through ornamentation. The vocalist adorns the conclusion of the piece with breath, contributing to the overall completeness of the work. These elements collectively reveal the traditional charm of Guarirang.","아리랑 아리랑 아라리요 아리랑 고개로 넘어간다
산좋고 물맑은 금수강산 꽃피고 새우니 봄철일세
아리랑 아리랑 아라리요 아리랑 고개로 넘어간다
서산에 지는해는 지고싶어지나 날버리고 가시는님 가고싶어가나
아리랑 아리랑 아라리요 아리랑 고개로 넘어간다
아리랑 고개넘어 아라수를 건너 아리랑 아리세계 찾아간다
아리랑 아리랑 아라리요 아리랑 고개로 넘어간다
사람의 한평생 사연도 많고 굽이굽이 감돌아드는 얘기도 많다
아리랑 아리랑 아라리요 아리랑 고개로 넘어간다",아리랑 아리랑 아라리요 / 아리랑 고개로 넘어간다 / 산좋고 물맑은 금수강산 / 꽃피고 새우니 봄철일세 / 아리랑 아리랑 아라리요 / 아리랑 고개로 넘어간다 / 서산에 지는해는 지고싶어지나 / 날버리고 가시는님 가고싶어가나 / 아리랑 아리랑 아라리요 / 아리랑 고개로 넘어간다 / 아리랑 고개넘어 아라수를 건너 / 아리랑 아리세계 찾아간다 / 아리랑 아리랑 아라리요 / 아리랑 고개로 넘어간다 / 사람의 한평생 사연도 많고 / 굽이굽이 감돌아드는 얘기도 많다 / 아리랑 아리랑 아라리요 / 아리랑 고개로 넘어간다,18.0,219.02
KC_TM_MF_MY_S000139,경기,민속악,민요,경기민요,한오백년,성슬기,여창,G / Em,중모리,12/4,60.0,"애절한(3), 비통한(2), 서사적인(2), 쓸쓸한(2), 우울감 있는(2), 표현적인(2), 향토적인(2), 그루브감 있는(1), 낭만적인(1), 다이내믹한(1), 단아한(1), 마음을 울리는(1), 몽환적인(1), 슬픈(1), 아정한(1), 애정 어린(1), 어두운(1), 엄숙한(1), 영감을 주는(1), 진심 어린(1), 진지한(1)","고운(4), 시원한(3), 깨끗한(2), 비강 울림이 있는(2), 섬세한(2), 유연한(2), 가는(1), 공명감 있는(1), 매끄러운(1), 머금은 듯한(1), 쇳소리 나는(1), 역동적인(1), 울리는(1), 청아한(1), 콧소리 나는(1), 탁 트인(1), 힘 있는(1)","한오백년은 강원도 민요를 바탕으로 일제강점기에 통속화된 신민요로, 경기민요의 특징이 잘 드러나는 곡이다. 이 곡은 '아무렴 그렇지 그렇고 말고'라는 후렴구를 통해 인생의 무상함과 한을 노래하며, 느린 중모리장단에 실린 애절한 가락이 특징이다. 여창 가창자 성슬기의 목소리는 이 곡의 감정을 깊이 있게 전달하며, 고운 음색으로 청중의 귀를 사로잡는다. 그녀의 발성은 안정적이며, 시김새를 적절히 활용하여 곡의 흐름을 자연스럽게 이끌어간다. 성슬기는 멜로디를 표현하는 데 있어 각 음의 길이와 강약을 세심하게 조절하며, 성량 또한 곡의 분위기에 맞춰 유연하게 변화시킨다. 그녀의 호흡은 곡의 구조와 리듬에 잘 맞아떨어지며, 중모리장단의 리듬 위에서 부드럽게 흐름을 타고, 각 구절의 끝을 정교하게 마무리하여 곡에 장르적 완성도를 더한다. 성슬기의 목소리는 듣는 이로 하여금 곡의 감정에 깊이 몰입하게 하며, 중모리의 리듬과 함께 조화롭게 어우러져 깊은 여운을 남긴다.","Hanobaknyeon is a new folk song that was popularized during the Japanese colonial period, based on the folk songs of Gangwon Province, and it distinctly showcases the characteristics of Gyeonggi folk music. Through the refrain ""Amureum geureohji geureohgo malgo,"" this piece expresses the transience of life and the deep sorrow associated with it, characterized by a poignant melody set to a slow Jungmori jangdan. The voice of the female vocalist Seong Seul-gi conveys the emotions of the song profoundly, captivating the audience with her beautiful timbre. Her vocalization is stable, and she skillfully employs vocal embellishments to guide the flow of the piece naturally. Seong Seul-gi meticulously adjusts the length and dynamics of each note in her melodic expression, flexibly adapting her volume to suit the mood of the song. Her breath control aligns well with the structure and rhythm of the piece, flowing smoothly over the rhythm of the Jungmori jangdan, and she intricately concludes each phrase, enhancing the genre's overall completeness. Seong Seul-gi's voice allows listeners to immerse themselves deeply in the song's emotions, harmoniously blending with the rhythm of Jungmori and leaving a lasting resonance.","아무렴 그렇지 그렇구 말구 한 오백년 살자는데 웬 성화요
한 많은 이 세상 야속한 님아 정을 두고 몸만 가니 눈물이 나네
아무렴 그렇지 그렇구 말구 한 오백년 살자는데 웬 성화요
살살 바람에 달빛은 밝아도 그리는 마음은 어제가 오늘
아무렴 그렇지 그렇구 말구 한 오백년 살자는데 웬 성화요
백사장 세모래 밭에 칠성단을 모고 님 생겨 달라고 비나이다
아무렴 그렇지 그렇구 말구 한 오백년 살자는데 웬 성화요
꽃답던 내 청춘 절로 늙어 남은 반생을 어느 곳에다 뜻 붙일고
아무렴 그렇지 그렇구 말구 한 오백년 살자는데 웬 성화요
살살 바람에 달빛은 밝아도 그리는 마음은 어제가 오늘
아무렴 그렇지 그렇구 말구 한 오백년 살자는데 웬 성화요",아무렴 그렇지 그렇구 말구 / 한 오백년 살자는데 웬 성화요 / 한 많은 이 세상 야속한 님아 / 정을 두고 몸만 가니 눈물이 나네 / 아무렴 그렇지 그렇구 말구 / 한 오백년 살자는데 웬 성화요 / 살살 바람에 달빛은 밝아도 / 그리는 마음은 어제가 오늘 / 아무렴 그렇지 그렇구 말구 / 한 오백년 살자는데 웬 성화요 / 백사장 세모래 밭에 칠성단을 모고 / 님 생겨 달라고 비나이다 / 아무렴 그렇지 그렇구 말구 / 한 오백년 살자는데 웬 성화요 / 꽃답던 내 청춘 절로 늙어 / 남은 반생을 어느 곳에다 뜻 붙일고 / 아무렴 그렇지 그렇구 말구 / 한 오백년 살자는데 웬 성화요 / 살살 바람에 달빛은 밝아도 / 그리는 마음은 어제가 오늘 / 아무렴 그렇지 그렇구 말구 / 한 오백년 살자는데 웬 성화요,22.0,273.79
KC_TM_MF_MY_S000140,경기,민속악,민요,경기민요,는실타령,김민지,여창,Eb / Cm,굿거리,12/8,140.0,"유쾌한(3), 경쾌한(2), 그루브감 있는(2), 다이내믹한(2), 생기 있는(2), 감상적인(1), 기품 있는(1), 드라마틱한(1), 명랑한(1), 신나는(1), 애정 어린(1), 에너지 넘치는(1), 여유로운(1), 영감을 주는(1), 영웅적인(1), 웅대한(1), 장엄한(1)","깨끗한(2), 밝은(2), 비강 울림이 있는(2), 역동적인(2), 콧소리 나는(2), 고운(1), 단단한(1), 담백한(1), 맑은(1), 매끄러운(1), 머금은 듯한(1), 뻗어 나가는(1), 시원한(1), 여린(1), 울리는(1), 유연한(1), 정제된(1), 직진의(1), 힘 있는(1)","는실타령은 동물과 곤충을 묘사한 가사를 '는실는실' 하는 후렴구와 함께 부르는 경기민요로, 경쾌하고 해학적인 요소가 두드러지는 민속악의 한 형태이다. 이 곡은 경기민요의 특징을 잘 드러내며, 자연물에 대한 관찰과 묘사가 재미있게 표현된다. 여창 가창자 김민지는 이 곡에서 자신의 목소리로 이야기를 풀어내며, 곡의 주제를 효과적으로 전달한다. 그녀의 발성은 안정적이며, 시김새를 적절히 사용하여 각 음의 뉘앙스를 강조한다. 김민지는 후렴구에서 '는실는실'이라는 반복적인 구절을 통해 경쾌한 리듬감을 부여하며, 가창의 흐름을 자연스럽게 이어간다. 성량은 적절하게 조절되어 있으며, 호흡을 통해 긴 구간에서도 안정적인 발음을 유지한다. 굿거리 장단 위에서 김민지는 리듬을 잘 타며, 곡의 전개에 따라 호흡의 길이를 조절하여 감정의 흐름을 이끌어낸다. 그녀의 호흡은 곡의 마무리를 부드럽게 장식하며, 전체적인 장르의 완성도를 높이는 데 기여한다.","Nunsiltaryeong is a Gyeonggi folk song characterized by lyrics that depict animals and insects, sung along with the catchy refrain ""nunsil nunsil,"" making it a form of folk music that prominently features lively and humorous elements. This piece effectively showcases the characteristics of Gyeonggi folk songs, with observations and descriptions of natural elements expressed in an engaging manner. The female vocalist Kim Min-ji narrates the story with her voice, effectively conveying the theme of the song. Her vocalization is stable, and she appropriately employs vocal embellishments to emphasize the nuances of each note. In the refrain, she adds a lively rhythmic quality through the repetitive phrase ""nunsil nunsil,"" seamlessly maintaining the flow of the performance. Her vocal volume is well-regulated, and she sustains stable pronunciation even during long passages through controlled breathing. Riding on the gutgeori jangdan, Kim adeptly navigates the rhythm, adjusting her breath length according to the development of the piece to guide the emotional flow. Her breathing gracefully adorns the conclusion of the song, contributing to the overall completeness of the genre.","닭이 운다 닭이 운다 저 건너 모시당굴 닭이 운다
얼씨구 좋다 좋기만 좋지 는실는실 너니가 났노 지화자 좋을씨고
개가 짖네 개가 짖네 건넌 말 삽작밑의 개가 짖네
얼씨구 좋다 좋기만 좋지 는실는실 너니가 났노 지화자 좋을씨고
명매기 운다 명매기 운다 대명당 대들보에 명매기 운다
얼씨구 좋다 좋기만 좋지 는실는실 너니가 났노 지화자 좋을씨고
봉이운다 봉이운다 울밑의 오동 남게 봉황이 운다
얼씨구 좋다 좋기만 좋지 는실는실 너니가 났노 지화자 좋을씨고
두견이 운다 두견이 운다 뒷동산 송림속에 두견이 운다
얼씨구 좋다 좋기만 좋지 는실는실 너니가 났노 지화자 좋을씨고
꾀꼬리 운다 꾀꼬리 운다 휘늘어진 버들위에 꾀꼬리 운다
얼씨구 좋다 좋기만 좋지 는실는실 너니가 났노 지화자 좋을씨고
봉접이 난다 봉접이 난다 후원초당 화계상에 봉접이 난다
얼씨구 좋다 좋기만 좋지 는실는실 너니가 났노 지화자 좋을씨고",닭이 운다 닭이 운다 / 저 건너 모시당굴 닭이 운다 / 얼씨구 좋다 좋기만 좋지 는실는실 너니가 났노 지화자 좋을씨고 / 개가 짖네 개가 짖네 / 건넌 말 삽작밑의 개가 짖네 / 얼씨구 좋다 좋기만 좋지 는실는실 너니가 났노 지화자 좋을씨고 / 명매기 운다 명매기 운다 / 대명당 대들보에 명매기 운다 / 얼씨구 좋다 좋기만 좋지 는실는실 너니가 났노 지화자 좋을씨고 / 봉이운다 봉이운다 / 울밑의 오동 남게 봉황이 운다 / 얼씨구 좋다 좋기만 좋지 는실는실 너니가 났노 지화자 좋을씨고 / 두견이 운다 두견이 운다 / 뒷동산 송림속에 두견이 운다 / 얼씨구 좋다 좋기만 좋지 는실는실 너니가 났노 지화자 좋을씨고 / 꾀꼬리 운다 꾀꼬리 운다 / 휘늘어진 버들위에 꾀꼬리 운다 / 얼씨구 좋다 좋기만 좋지 는실는실 너니가 났노 지화자 좋을씨고 / 봉접이 난다 봉접이 난다 / 후원초당 화계상에 봉접이 난다 / 얼씨구 좋다 좋기만 좋지 는실는실 너니가 났노 지화자 좋을씨고,21.0,253.54
KC_TM_MF_MY_S000141,경기,민속악,민요,경기민요,오돌독,김민지,여창,Db / Bbm,굿거리,12/8,120.0,"애절한(2), 감상적인(1), 경쾌한(1), 관능적인(1), 그리운(1), 낭만적인(1), 다이내믹한(1), 드라마틱한(1), 명랑한(1), 부드러운(1), 생기 있는(1), 신나는(1), 애정 어린(1), 에너지 넘치는(1), 여유로운(1), 장엄한(1), 조화로운(1), 평온한(1), 행복한(1), 활기찬(1), 희망적인(1), 희망찬(1)","가는(2), 탁 트인(2), 깨끗한(1), 날카로운(1), 매끄러운(1), 밝은(1), 뻗어 나가는(1), 선명한(1), 시원한(1), 여린(1), 콧소리 나는(1), 화사한(1)","오돌또기는 제주도의 대표적인 민요로, 경기민요의 특징이 잘 드러나는 곡이다. 제주 특유의 정서가 담긴 이 곡은 제주 사람들의 삶과 사랑을 노래하며, 특히 둥그레 당실이라는 후렴이 유명하다. 여창 가창자 김민지는 이 곡에서 그녀의 목소리로 제주 민속악의 정수를 표현한다. 김민지는 발성을 통해 곡의 멜로디를 섬세하게 전달하며, 시김새를 적절히 사용하여 곡의 감정을 더욱 풍부하게 만든다. 그녀의 성량은 안정적이며, 호흡 조절을 통해 긴 음을 자연스럽게 이어가고, 각 구절의 끝에서 여유를 두어 청중이 여운을 느낄 수 있도록 한다. 굿거리의 리듬 위에서 그녀의 목소리는 곡의 흐름을 타며, 유연하게 리듬을 따라가면서도 각 음절에 힘을 주어 곡의 전개를 이끌어간다. 가창자의 호흡은 곡의 마무리를 장식하며, 전체적인 장르적 완성도를 높이는 데 기여한다.","Odolttoegi is a representative folk song of Jeju Island, showcasing the characteristics of Gyeonggi folk music. This piece, imbued with the unique emotions of Jeju, sings of the lives and loves of its people, with the particularly famous refrain 'Dungeure Dangsil.' The female vocalist Kim Min-ji expresses the essence of Jeju folk music through her voice in this piece. She delicately conveys the melody through her vocalization, employing appropriate techniques to enrich the emotional depth of the song. Her vocal range is stable, and she seamlessly sustains long notes through breath control, allowing pauses at the end of each phrase for the audience to savor the lingering emotions. Riding on the rhythm of the gutgeori, her voice flows with the progression of the piece, flexibly following the rhythm while emphasizing each syllable to drive the development of the song. The vocalist's breath adorns the conclusion of the piece, contributing to the overall genre's completeness.","용안예지 에루화 당대추는 정든 님 공경에 에루화 다 나간다
늴늴늴 어리구절사 말 말어라 사람의 섬섬간장 에루화 다녹인다
황성낙일은 에루화 가인의 눈물이요 고국지 흥망은 에루화 장부한이라
늴늴늴 어리구절사 말 말어라 사람의 섬섬간장 에루화 다녹인다
천길 만길을 에루화 뚝 떨어져 살아도 님 떨어져서는 에루화 못살리로다
늴늴늴 어리구절사 말 말어라 사람의 섬섬간장 에루화 다녹인다
설부화용을 에루화 자랑마라 세월이 흐르면 에루화 허사만사라
늴늴늴 어리구절사 말 말어라 사람의 섬섬간장 에루화 다녹인다
원수의 든 정이 에루화 골수에 맺혀서 잊을망자가 에루화 병들병자라
늴늴늴 어리구절사 말 말어라 사람의 섬섬간장 에루화 다녹인다
인왕산 덜미에 에루화 저 뻐꾹새야 누구를 그리워 밤새도록 우느냐
늴늴늴 어리구절사 말 말어라 사람의 섬섬간장 에루화 다녹인다",용안예지 에루화 당대추는 / 정든 님 공경에 에루화 다 나간다 / 늴늴늴 어리구절사 말 말어라 / 사람의 섬섬간장 에루화 다녹인다 / 황성낙일은 에루화 가인의 눈물이요 / 고국지 흥망은 에루화 장부한이라 / 늴늴늴 어리구절사 말 말어라 / 사람의 섬섬간장 에루화 다녹인다 / 천길 만길을 에루화 뚝 떨어져 살아도 / 님 떨어져서는 에루화 못살리로다 / 늴늴늴 어리구절사 말 말어라 / 사람의 섬섬간장 에루화 다녹인다 / 설부화용을 에루화 자랑마라 / 세월이 흐르면 에루화 허사만사라 / 늴늴늴 어리구절사 말 말어라 / 사람의 섬섬간장 에루화 다녹인다 / 원수의 든 정이 에루화 골수에 맺혀서 / 잊을망자가 에루화 병들병자라 / 늴늴늴 어리구절사 말 말어라 / 사람의 섬섬간장 에루화 다녹인다 / 인왕산 덜미에 에루화 저 뻐꾹새야 / 누구를 그리워 밤새도록 우느냐 / 늴늴늴 어리구절사 말 말어라 / 사람의 섬섬간장 에루화 다녹인다,24.0,290.04
KC_TM_MF_MY_S000142,경기,민속악,민요,가야금병창곡,꽃이피었네,박현숙,여창,C / Am,굿거리,12/8,100.0,"유쾌한(3), 귀여운(2), 표현적인(2), 경쾌한(1), 낭만적인(1), 생기 있는(1), 서사적인(1), 신나는(1), 아정한(1), 애정 어린(1), 에너지 넘치는(1), 여유로운(1), 즐거운(1), 평온한(1), 해학적인(1), 행복한(1), 향토적인(1), 활달한(1), 희망적인(1)","묵직한(3), 쇳소리 나는(2), 거친(1), 걸쭉한(1), 고운(1), 단단한(1), 직진의(1), 콧소리 나는(1), 힘 있는(1)","꽃이피었네는 가야금병창 곡으로, 판소리와 산조의 영향을 받아 발전한 민속악의 한 형태이다. 이 곡은 봄의 풍경을 묘사하며, 민속악의 특징이 잘 드러나는 민요로 분류된다. 여창 가창자 박현숙의 목소리는 이 곡의 중심을 이루며, 그녀는 가야금병창의 전통적인 창법을 통해 곡을 이끌어간다. 박현숙의 발성은 명확하고 안정적이며, 시김새를 적절히 사용하여 멜로디의 흐름을 자연스럽게 표현한다. 그녀의 성량은 곡의 다양한 구간에서 균형을 이루며, 호흡 조절이 뛰어나 긴 구절에서도 안정적으로 음을 유지한다. 굿거리의 리듬 위에서 가창자는 리드미컬하게 흐름을 타며, 곡의 전개에 따라 호흡의 강약을 조절하여 긴장감과 이완을 효과적으로 구현한다. 이러한 호흡의 조화는 곡의 마무리를 장식하며, 전반적인 장르적 완성도를 높이는 데 기여한다.","Flowering is a piece for gayageum byeongchang, a form of folk music that has developed under the influences of pansori and sanjo. This piece depicts the scenery of spring and is classified as a folk song that distinctly showcases the characteristics of traditional music. The voice of the female vocalist Park Hyun-sook forms the core of this piece, as she leads the performance through the traditional singing style of gayageum byeongchang. Park Hyun-sook's vocalization is clear and stable, and she appropriately employs embellishments to express the flow of the melody naturally. Her vocal range maintains balance across the various sections of the piece, and her excellent breath control allows her to sustain notes steadily even through long phrases. Over the rhythm of gutgeori, the vocalist flows rhythmically, adjusting the intensity of her breath according to the development of the piece, effectively embodying tension and relaxation. This harmony of breath adorns the conclusion of the piece and contributes to the overall genre's completeness.","꽃이 피었네 꽃이 피었네 건넌마을 김선달네 큰애기 얼굴 홍도화 피었네 사주단자 받았다고 문밖출입 안한다네
니나노 난실 니나노 난실 얼싸 내사랑아
개가 짖네 개가 짖네 님오신 달밤에 울타리 밑에 삽살개 짖네 달을 보고 짖는갠가 임을 보고 짖는갠가
니나노 난실 니나노 난실 얼싸 내사랑아
닭이 우네 닭이 우네 임이와 가실줄 알려준 이밤 백설은 날려 임이 가실 소식알려 이내마음 안타깝네
니나노 난실 니나노 난실 얼싸 내사랑아
개가 짖네 개가 짖네 님오신 달밤에 울타리 밑에 삽살개 짖네 달을 보고 짖는갠가 임을 보고 짖는갠가
니나노 난실 니나노 난실 얼싸 내사랑아
꽃이 피었네 꽃이 피었네 건넌마을 김선달네 큰애기 얼굴 홍도화 피었네 사주단자 받았다고 문밖출입 안한다네
니나노 난실 니나노 난실 얼싸 내사랑아
닭이 우네 닭이 우네 임이와 가실줄 알려준 이밤 백설은 날려 임이 가실 소식알려 이내마음 안타깝네
니나노 난실 니나노 난실 얼싸 내사랑아",꽃이 피었네 꽃이 피었네 / 건넌마을 김선달네 큰애기 얼굴 홍도화 피었네 / 사주단자 받았다고 문밖출입 안한다네 / 니나노 난실 니나노 난실 얼싸 내사랑아 / 개가 짖네 개가 짖네 / 님오신 달밤에 울타리 밑에 삽살개 짖네 / 달을 보고 짖는갠가 임을 보고 짖는갠가 / 니나노 난실 니나노 난실 얼싸 내사랑아 / 닭이 우네 닭이 우네 / 임이와 가실줄 알려준 이밤 백설은 날려 / 임이 가실 소식알려 이내마음 안타깝네 / 니나노 난실 니나노 난실 얼싸 내사랑아 / 개가 짖네 개가 짖네 / 님오신 달밤에 울타리 밑에 삽살개 짖네 / 달을 보고 짖는갠가 임을 보고 짖는갠가 / 니나노 난실 니나노 난실 얼싸 내사랑아 / 꽃이 피었네 꽃이 피었네 / 건넌마을 김선달네 큰애기 얼굴 홍도화 피었네 / 사주단자 받았다고 문밖출입 안한다네 / 니나노 난실 니나노 난실 얼싸 내사랑아 / 닭이 우네 닭이 우네 / 임이와 가실줄 알려준 이밤 백설은 날려 / 임이 가실 소식알려 이내마음 안타깝네 / 니나노 난실 니나노 난실 얼싸 내사랑아,24.0,306.02
KC_TM_MF_MY_S000143,병창,민속악,민요,강원도민요,강원도아리랑,성슬기,여창,Gb / Ebm,엇모리,10/8,200.0,"즐거운(4), 경쾌한(3), 신나는(2), 그루브감 있는(1), 마음을 울리는(1), 명랑한(1), 생기 있는(1), 신명난(1), 애절한(1), 애정 어린(1), 우울감 있는(1), 조화로운(1), 평화로운(1), 향수 어린(1), 향토적인(1), 활기찬(1), 활달한(1), 희망찬(1)","고운(2), 맑은(2), 콧소리 나는(2), 가는(1), 깨끗한(1), 밝은(1), 비강 울림이 있는(1), 섬세한(1), 시원한(1), 정제된(1), 청아한(1), 화사한(1)","강원도아리랑은 강원도 향토민요 '자진아라리'가 서울·경기 소리꾼들에 의해 통속화된 민요로, 민속악의 일환으로 강원도민요의 특징을 잘 드러내는 곡이다. 이 곡은 엇모리장단의 독특한 리듬과 메나리토리 선율이 어우러져 강원도 산골의 구수하고 소박한 맛을 느낄 수 있게 한다. 여창 가창자 성슬기의 목소리는 이 곡을 이끌어가는 중요한 요소로, 그녀의 발성은 강원도민요의 전통적인 요소를 잘 살리며, 시김새를 적절히 사용하여 곡의 매력을 더욱 부각시킨다. 성슬기는 즐거운 분위기를 조성하며, 고음과 저음을 자유롭게 넘나드는 성량으로 청중을 사로잡는다. 그녀의 호흡은 곡의 흐름을 자연스럽게 이어주며, 각 구절의 끝에서 미세한 조절을 통해 감정의 변화를 섬세하게 표현한다. 엇모리의 리듬 위에서 성슬기는 그 흐름을 타며, 곡의 전개에 맞춰 호흡을 조절하여 리듬감이 느껴지도록 한다. 이러한 호흡의 조절은 곡의 마무리를 장식하는 데 중요한 역할을 하며, 강원도민요의 특성을 살리면서도 장르적 완성도를 높인다.","Gangwon-do Arirang is a folk song from Gangwon Province, derived from the local folk song ""Jajin Arari,"" which has been popularized by singers from Seoul and Gyeonggi Province. This piece effectively showcases the characteristics of Gangwon Province's folk music as part of the broader genre. The unique rhythm of the Eotmori Jangdan combined with the Menaritori melody allows listeners to experience the rustic and simple charm of the mountainous regions of Gangwon. The voice of the female vocalist Seong Seul-gi is a crucial element that drives the song, as her vocalization preserves the traditional aspects of Gangwon folk songs while skillfully employing nuances to enhance the song's appeal. Seong Seul-gi creates a joyful atmosphere, captivating the audience with her dynamic range that effortlessly transitions between high and low notes. Her breath control seamlessly connects the flow of the piece, and through subtle adjustments at the end of each phrase, she delicately expresses emotional shifts. Riding the rhythm of the Eotmori, Seong Seul-gi modulates her breath in accordance with the song's development, allowing for a palpable sense of rhythm. This control of breath plays a significant role in embellishing the conclusion of the piece, enhancing the characteristics of Gangwon folk music while elevating the overall artistic quality of the genre.","아리아리 쓰리쓰리 아라리요 아리아리 고개로 넘어간다
아주까리 동백아 열지 마라 누구를 괴자고 머리에 기름
아리아리 쓰리쓰리 아라리요 아리아리 고개로 넘어간다
산중의 귀물은 머루나 다래 인간의 귀물은 나 하나라
아리아리 쓰리쓰리 아라리요 아리아리 고개로 넘어간다
흙물에 연꽃은 곱기만 하다 세상이 흐려도 나 살탓이지
아리아리 쓰리쓰리 아라리요 아리아리 고개로 넘어간다
만나보세 만나보세 만나보세 아주까리 정자로 만나보세
아리아리 쓰리쓰리 아라리요 아리아리 고개로 넘어간다
열라는 콩팥은 왜 아니 열고 아주까리 동백은 왜여는가
아리아리 쓰리쓰리 아라리요 아리아리 고개로 넘어간다
풀벌레 구슬피 우는 밤에 다듬이 소리도 처량구나
아리아리 쓰리쓰리 아라리요 아리아리 고개로 넘어간다
감꽃을 주으며 헤어진 사랑 그 감이 익을 대 오시만 사랑
아리아리 쓰리쓰리 아라리요 아리아리 고개로 넘어간다
아주까리 정자는 구경자리 살구나무 정자로 만나보세
아리아리 쓰리쓰리 아라리요 아리아리 고개로 넘어간다
울타리를 꺽으면 나온다더니 행랑채를 다 부숴도 왜 아니나와
아리아리 쓰리쓰리 아라리요 아리아리 고개로 넘어간다
영창에 비친 달 다 지도록 온다던 그 님은 왜 아니오나
아리아리 쓰리쓰리 아라리요 아리아리 고개로 넘어간다",아리아리 쓰리쓰리 아라리요 아리아리 고개로 넘어간다 / 아주까리 동백아 열지 마라 누구를 괴자고 머리에 기름 / 아리아리 쓰리쓰리 아라리요 아리아리 고개로 넘어간다 / 산중의 귀물은 머루나 다래 인간의 귀물은 나 하나라 / 아리아리 쓰리쓰리 아라리요 아리아리 고개로 넘어간다 / 흙물에 연꽃은 곱기만 하다 세상이 흐려도 나 살탓이지 / 아리아리 쓰리쓰리 아라리요 아리아리 고개로 넘어간다 / 만나보세 만나보세 만나보세 아주까리 정자로 만나보세 / 아리아리 쓰리쓰리 아라리요 아리아리 고개로 넘어간다 / 열라는 콩팥은 왜 아니 열고 아주까리 동백은 왜여는가 / 아리아리 쓰리쓰리 아라리요 아리아리 고개로 넘어간다 / 풀벌레 구슬피 우는 밤에 다듬이 소리도 처량구나 / 아리아리 쓰리쓰리 아라리요 아리아리 고개로 넘어간다 / 감꽃을 주으며 헤어진 사랑 그 감이 익을 대 오시만 사랑 / 아리아리 쓰리쓰리 아라리요 아리아리 고개로 넘어간다 / 아주까리 정자는 구경자리 살구나무 정자로 만나보세 / 아리아리 쓰리쓰리 아라리요 아리아리 고개로 넘어간다 / 울타리를 꺽으면 나온다더니 행랑채를 다 부숴도 왜 아니나와 / 아리아리 쓰리쓰리 아라리요 아리아리 고개로 넘어간다 / 영창에 비친 달 다 지도록 온다던 그 님은 왜 아니오나 / 아리아리 쓰리쓰리 아라리요 아리아리 고개로 넘어간다,21.0,253.54
KC_TM_MF_MY_S000144,병창,민속악,민요,강원도민요,정선아라리,성슬기,여창,Gb / Ebm,중모리,12/4,60.0,"애절한(4), 쓸쓸한(3), 감상적인(2), 서사적인(2), 기품 있는(1), 단아한(1), 불안한(1), 시적인(1), 애정 어린(1), 우울감 있는(1), 잔잔한(1), 절제된(1), 침울한(1), 평온한(1), 향수 어린(1)","콧소리 나는(3), 청아한(2), 가는(1), 공명감 있는(1), 단단한(1), 담백한(1), 머금은 듯한(1), 비강 울림이 있는(1), 선명한(1), 쇳소리 나는(1), 여린(1)","정선아라리는 강원도 정선을 중심으로 전승되는 토속민요로, 아리랑의 원류가 되는 곡으로 민속악의 한 갈래인 강원도민요의 특징을 잘 드러낸다. 이 곡은 삶의 애환을 메나리조에 담아내며, 척박한 환경 속에서 살아가는 민중들의 한과 흥이 녹아 있다. 여창 가창자 성슬기의 목소리는 이 곡을 이끌어가는 중심적인 요소로, 애절한 감정을 고스란히 전달한다. 그녀의 발성은 부드럽고도 힘찬 느낌을 주며, 시김새를 통해 전통적인 창법을 충실히 재현한다. 성슬기의 성량은 곡의 흐름에 따라 유연하게 변하며, 중모리의 리듬에 맞춰 자연스럽게 호흡을 조절한다. 그녀의 호흡은 멜로디의 각 구절을 매끄럽게 연결하며, 곡의 긴장감을 조절하는 데 중요한 역할을 한다. 성슬기는 중모리의 리듬 위에서 자신의 목소리로 감정을 풀어내며, 애절한 분위기를 고조시킨다. 곡의 마무리에서는 호흡이 자연스럽게 이어지며, 청중에게 깊은 여운을 남기는 방식으로 장르적 완성도를 높인다.","Jeongseon Arari is a folk song that has been transmitted in the Jeongseon region of Gangwon-do, serving as a foundational piece of Arirang and effectively showcasing the characteristics of Gangwon-do folk music, which is a branch of traditional music. This song encapsulates the joys and sorrows of life through its melodic structure, reflecting the deep emotions of the people living in harsh environments. The voice of the female vocalist, Seong Seul-ki, is a central element that drives the piece, conveying poignant emotions with clarity. Her vocalization is both soft and powerful, faithfully reproducing traditional singing techniques through her use of ornamentation. Seong Seul-ki's vocal range adapts fluidly to the flow of the song, naturally regulating her breath in accordance with the rhythm of Jungmori. Her breath connects each phrase of the melody smoothly, playing a crucial role in modulating the song's tension. Seong Seul-ki expresses her emotions through her voice over the rhythm of Jungmori, heightening the song's melancholic atmosphere. In the conclusion of the piece, her breath continues seamlessly, enhancing the genre's overall completeness and leaving a profound resonance with the audience.","아리랑 아리랑 아라리요 아리랑 고개고개로 나를 넘겨주게
눈이 올라나 비가 올라나 억수장마 질라나 만수산 검은 구름이 막늦어간다
아리랑 아리랑 아라리요 아리랑 고개고개로 나를 넘겨주게
명사십리가 아니라며는 해당화는 왜 피며 모춘삼월이 아니라며는 두견새는 왜 우나
아리랑 아리랑 아라리요 아리랑 고개고개로 나를 넘겨주게
떨어진 동박은 낙엽에나 쌓이지 사시장철 님그리워서 나는 못살겠네
아리랑 아리랑 아라리요 아리랑 고개고개로 나를 넘겨주게
아우라지 뱃사공아 배좀 건네 주게 싸리골 올동박이 다 떨어진다
아리랑 아리랑 아라리요 아리랑 고개고개로 나를 넘겨주게
봄 철인지 갈 철인지 나는 몰랐더니 뒷 동산 행화춘절이 날 울려주네
아리랑 아리랑 아라리요 아리랑 고개고개로 나를 넘겨주게",아리랑 아리랑 아라리요 / 아리랑 고개고개로 나를 넘겨주게 / 눈이 올라나 비가 올라나 억수장마 질라나 / 만수산 검은 구름이 막늦어간다 / 아리랑 아리랑 아라리요 / 아리랑 고개고개로 나를 넘겨주게 / 명사십리가 아니라며는 해당화는 왜 피며 / 모춘삼월이 아니라며는 두견새는 왜 우나 / 아리랑 아리랑 아라리요 / 아리랑 고개고개로 나를 넘겨주게 / 떨어진 동박은 낙엽에나 쌓이지 / 사시장철 님그리워서 나는 못살겠네 / 아리랑 아리랑 아라리요 / 아리랑 고개고개로 나를 넘겨주게 / 아우라지 뱃사공아 배좀 건네 주게 / 싸리골 올동박이 다 떨어진다 / 아리랑 아리랑 아라리요 / 아리랑 고개고개로 나를 넘겨주게 / 봄 철인지 갈 철인지 나는 몰랐더니 / 뒷 동산 행화춘절이 날 울려주네 / 아리랑 아리랑 아라리요 / 아리랑 고개고개로 나를 넘겨주게,22.0,267.02
KC_TM_MF_MY_S000145,서도,민속악,민요,서도민요,연평도난봉가,김민경,여창,Eb / Cm,자진모리,12/8,240.0,"경쾌한(2), 우울감 있는(2), 감상적인(1), 그루브감 있는(1), 기품 있는(1), 낭만적인(1), 다이내믹한(1), 몽환적인(1), 부드러운(1), 비통한(1), 서사적인(1), 여유로운(1), 잔잔한(1), 침울한(1), 평온한(1), 향수 어린(1), 향토적인(1)","가는(1), 거친(1), 걸쭉한(1), 날카로운(1), 단단한(1), 머금은 듯한(1), 비강 울림이 있는(1), 뻗어 나가는(1), 섬세한(1), 울리는(1), 유연한(1), 콧소리 나는(1)","「연평도 난봉가」는 황해도 지방의 아낙들이 부르는 토속 민요로, 고기를 잡으러 간 남편을 기다리거나 시집살이의 어려움을 하소연하는 내용으로 구성된 서도민요의 특징이 잘 드러나는 곡이다. 이 곡은 전통적인 민속악의 범주에 속하며, 민요 특유의 서정성과 지역적 정서를 담고 있다. 여창 가창자 김민경의 목소리는 이 곡의 중심에서 중요한 역할을 하며, 그녀의 발성은 강한 에너지를 바탕으로 하여 곡의 흐름을 이끌어간다. 김민경은 시김새를 활용하여 멜로디를 표현하며, 고음과 저음을 자유롭게 넘나드는 기교로 곡의 다채로운 면모를 드러낸다. 그녀의 성량은 곡의 리듬에 따라 조절되며, 긴 호흡을 통해 안정적인 음을 유지하고, 필요한 부분에서는 짧은 호흡으로 긴장감을 조성한다. 자진모리의 경쾌한 장단 위에서 김민경은 리듬을 타며 유연하게 곡을 이끌어가고, 그녀의 호흡은 곡의 마무리를 장식하며 서도민요의 전통적인 완성도를 높인다. 이러한 요소들이 어우러져 「연평도 난봉가」는 단순한 민요 이상의 매력을 지닌 곡으로 자리매김한다.","‘Yeonpyeongdo Nanbongga’ is a folk song sung by women from the Hwanghae Province, characterized by themes of waiting for husbands who have gone fishing or expressing the hardships of married life, effectively showcasing the features of Seodo minyo. This piece belongs to the category of traditional folk music and embodies the lyrical qualities and regional sentiments typical of folk songs. The voice of the female vocalist Kim Min-kyung plays a crucial role at the center of this piece, as her vocalization drives the flow of the song with a strong energy. Kim Min-kyung utilizes techniques such as sigimsae to express the melody, revealing the song's diverse aspects through her agility in transitioning between high and low notes. Her vocal volume is adjusted according to the rhythm of the piece, maintaining stable pitches through long breaths while creating tension with shorter breaths when necessary. Over the lively jangdan of jajinmori, Kim Min-kyung flexibly leads the song, and her breath embellishes the conclusion of the piece, enhancing the traditional completeness of Seodo minyo. These elements combine to establish ‘Yeonpyeongdo Nanbongga’ as a song that possesses an allure beyond that of a simple folk song.","나나나나 산이로구나 아니 놀고 뭘할소냐
소연평산은 칙산이요 연평산은 춤산이로다
나나나나 산이로구나 아니 놀고 뭘할소냐
우리집 새서방 재간이 좋아서 게딱지 타고서 낚시질 간다네
나나나나 산이로구나 아니 놀고 뭘할소냐
낙가리리봉에 엿 사다 붙인거 슬슬 동풍에 다 녹아 나리네
나나나나 산이로구나 아니 놀고 뭘할소냐
장산곳 마루에 북소리 나더니 이삼일만에 배 돌아온다네
나나나나 산이로구나 아니 놀고 뭘할소냐
돌아오네 돌아를오네 버렴뿌리 배 돌아온다네
나나나나 산이로구나 아니 놀고 뭘할소냐",나나나나 산이로구나 / 아니 놀고 뭘할소냐 / 소연평산은 칙산이요 / 연평산은 춤산이로다 / 나나나나 산이로구나 / 아니 놀고 뭘할소냐 / 우리집 새서방 재간이 좋아서 / 게딱지 타고서 낚시질 간다네 / 나나나나 산이로구나 / 아니 놀고 뭘할소냐 / 낙가리리봉에 엿 사다 붙인거 / 슬슬 동풍에 다 녹아 나리네 / 나나나나 산이로구나 / 아니 놀고 뭘할소냐 / 장산곳 마루에 북소리 나더니 / 이삼일만에 배 돌아온다네 / 나나나나 산이로구나 / 아니 놀고 뭘할소냐 / 돌아오네 돌아를오네 / 버렴뿌리 배 돌아온다네 / 나나나나 산이로구나 / 아니 놀고 뭘할소냐,22.0,267.02
KC_TM_MF_MY_S000146,서도,민속악,민요,서도민요,방아찧기,장효선,여창,Gb / Ebm,굿거리,12/8,140.0,"경쾌한(2), 다이내믹한(2), 신나는(2), 에너지 넘치는(2), 희망찬(2), 드라마틱한(1), 부드러운(1), 신비로운(1), 진지한(1), 차분한(1), 평온한(1), 행복한(1), 향수 어린(1), 희망적인(1)","걸쭉한(2), 담백한(2), 매끄러운(2), 단단한(1), 묵직한(1), 비강 울림이 있는(1), 섬세한(1), 여린(1), 울리는(1), 유연한(1), 정제된(1), 직진의(1), 콧소리 나는(1), 힘 있는(1)","방아찧기는 황해도와 평안도 지역에서 전승되는 서도민요로, 농촌의 노동요에서 유래하여 통속민요로 발전한 곡이다. 이 곡은 전통적인 민속악의 특성을 잘 나타내며, 서도민요의 특징을 통해 지역의 문화와 생활상을 반영하고 있다. 여창 가창자 장효선은 이 곡에서 독특한 발성 기술과 시김새를 통해 멜로디를 효과적으로 표현한다. 그녀의 목소리는 굿거리 장단에 맞춰 유연하게 흐르며, 각 음절을 정확하게 발음하면서도 감정을 담아내는 방식으로 곡의 리듬을 이끌어간다. 장효선은 호흡을 잘 조절하여 긴 구절을 이어가며, 시김새를 적절히 사용하여 전통적인 민요의 매력을 더욱 돋보이게 한다. 굿거리 리듬 위에서 그녀의 목소리는 자연스럽게 흐름을 타며, 가창자의 호흡은 곡의 끝맺음을 부드럽게 장식하고 전체적인 장르적 완성도를 높이는 데 기여한다. 이러한 요소들이 결합되어 방아찧기는 단순한 노동요를 넘어서는 깊이 있는 민속악으로 자리잡고 있다.","Bangajitgi is a traditional folk song from the Hwanghae and Pyongan provinces, originating from rural labor songs and evolving into a popular folk tune. This piece exemplifies the characteristics of traditional folk music and reflects the culture and lifestyle of the region through the features of Seodo minyo. The vocalist Jang Hyo-seon effectively conveys the melody using unique vocal techniques and ornamentation in this song. Her voice flows flexibly in accordance with the gutgeori jangdan, accurately pronouncing each syllable while infusing emotion into the rhythm of the piece. Jang Hyo-seon skillfully manages her breath to sustain long phrases, and her appropriate use of ornamentation enhances the charm of traditional folk songs. Over the gutgeori rhythm, her voice naturally rides the flow, and the singer's breath gracefully adorns the conclusion of the piece, contributing to the overall genre's completeness. These elements combine to establish Bangajitgi as a profound folk music that transcends mere labor songs.","에헤 에헤에 궁글럿다 방아야
이방아가 언제적 방아냐 강태공의 노적방아
에헤 에헤에 궁글럿다 방아야
어기 둥둥 자주청청 찧어라
에헤 에헤에 궁글럿다 방아야
명방아도 찧어라 복방아도 찧어라
에헤 에헤에 궁글럿다 방아야
보물방아도 찧어라 재수방아도 찧어라
에헤 에헤에 궁글럿다 방아야
달가운데 옥절구에 금도끼로 찧어라
에헤 에헤에 궁글럿다 방아야
오뉴월에는 보리방아 칠팔월에는 올베방아
에헤 에헤에 궁글럿다 방아야
구시월에는 늦베방아 오동지 섣달에는 강피방아로다
에헤 에헤에 궁글럿다 방아야
명방아도 찧어라 복방아도 찧어라
에헤 에헤에 궁글럿다 방아야
보물방아도 찧어라 재수방아도 찧어라
에헤 에헤에 궁글럿다 방아야
달가운데 옥절구에 금도끼로 찧어라
에헤 에헤에 궁글럿다 방아야",에헤 에헤에 궁글럿다 방아야 / 이방아가 언제적 방아냐 강태공의 노적방아 / 에헤 에헤에 궁글럿다 방아야 / 어기 둥둥 자주청청 찧어라 / 에헤 에헤에 궁글럿다 방아야 / 명방아도 찧어라 복방아도 찧어라 / 에헤 에헤에 궁글럿다 방아야 / 보물방아도 찧어라 재수방아도 찧어라 / 에헤 에헤에 궁글럿다 방아야 / 달가운데 옥절구에 금도끼로 찧어라 / 에헤 에헤에 궁글럿다 방아야 / 오뉴월에는 보리방아 칠팔월에는 올베방아 / 에헤 에헤에 궁글럿다 방아야 / 구시월에는 늦베방아 오동지 섣달에는 강피방아로다 / 에헤 에헤에 궁글럿다 방아야 / 명방아도 찧어라 복방아도 찧어라 / 에헤 에헤에 궁글럿다 방아야 / 보물방아도 찧어라 재수방아도 찧어라 / 에헤 에헤에 궁글럿다 방아야 / 달가운데 옥절구에 금도끼로 찧어라 / 에헤 에헤에 궁글럿다 방아야,21.0,217.32
KC_TM_MF_MY_S000147,서도,민속악,민요,서도민요,자진산염불,유지숙,여창,Db / Bbm,굿거리,12/8,140.0,"표현적인(3), 애절한(2), 열정적인(2), 가볍고 신비로운(1), 그루브감 있는(1), 기품 있는(1), 낭만적인(1), 도취된(1), 몽환적인(1), 생기 있는(1), 시적인(1), 신나는(1), 신명난(1), 신비로운(1), 에너지 넘치는(1), 영웅적인(1), 절제된(1), 진심 어린(1), 향수 어린(1)","콧소리 나는(3), 울리는(2), 걸쭉한(1), 공명감 있는(1), 담백한(1), 매끄러운(1), 밝은(1), 시원한(1), 역동적인(1), 진한(1)","자진산염불은 황해도 지방의 서도민요로, 느린 긴염불과 빠른 자진염불이 조화를 이루며 인생의 무상함과 그리움을 표현하는 민속악의 대표적인 곡이다. 여창 가창자 유지숙은 이 곡에서 서정적인 내용의 멜로디를 통해 깊은 감정을 전달하며, 그녀의 목소리는 섬세하게 곡의 흐름을 이끌어간다. 유지숙은 발성을 통해 긴 호흡을 유지하며, 시김새를 적절히 사용하여 멜로디의 변화를 부드럽게 연결한다. 그녀의 성량은 곡의 전개에 따라 변화하며, 각 구절의 강조를 통해 청중의 주의를 끌고, 호흡의 리듬감을 통해 자연스러운 흐름을 만들어낸다. 굿거리 장단의 리듬 속에서 가창자는 세심하게 박자를 타며, 그녀의 호흡은 곡의 마무리 부분에서 여운을 남기고, 전체적인 장르의 완성도를 높이는 역할을 한다. 이러한 방식으로 유지숙은 자진산염불의 감성을 고스란히 전달하며, 청중에게 깊은 여운을 남긴다.","Jajin san yeombul is a representative piece of folk music from the western coastal region of Hwanghaedo, characterized by a harmonious blend of the slow long yeombul and the fast jajin yeombul, expressing the transience of life and longing. The vocalist Yoo Ji-sook conveys profound emotions through a lyrical melody in this piece, with her voice delicately guiding the flow of the music. Yoo maintains a long breath through her vocalization, skillfully employing variations in pitch to smoothly connect the changes in melody. Her vocal strength varies throughout the progression of the piece, capturing the audience's attention through the emphasis of each phrase and creating a natural flow with the rhythm of her breath. Within the rhythm of the gutgeori jangdan, the singer meticulously keeps the beat, and her breath leaves a lingering resonance in the concluding section of the piece, enhancing the overall quality of the genre. In this manner, Yoo Ji-sook effectively conveys the emotions of jajin san yeombul, leaving a deep impression on the audience.","긴 염불도 좋거니와 자진 염불로 넘어간다
에헤에 에헤 아미타아불이로다
석가여래가 원불인데 칼산지옥만 면합소사
에헤에 에헤 아미타아불이로다
무정세월아 가지말아 무정세월아 가지를 말아 아까운 내청춘 다 늙는다
에헤에 에헤 아미타아불이로다
간다 간다 나는 간다 간다 간다 나는 간다 너를 두고서 나는 간다
에헤에 에헤 아미타아불이로다
이제가면은 언제 와요 이제 가면은 언제 와요 오만 날이나 일러주오
에헤에 에헤 아미타아불이로다
산에 올라 옥을 캐니 산에 올라 옥을 캐니 이름이 좋아서 산옥이냐
에헤에 에헤 아미타아불이로다
서산일락 지는 해는 나의 감회를 돋우는 듯
에헤에 에헤 아미타아불이로다
백팔 염주를 목에 걸과 백팔 염주를 목에 걸고 명산 대찰을 찾아 갑네다
에헤에 에헤 아미타아불이로다
석가여래가 원불인데 칼산지옥만 면합소사
에헤에 에헤 아미타아불이로다",긴 염불도 좋거니와 자진 염불로 넘어간다 / 에헤에 에헤 아미타아불이로다 / 석가여래가 원불인데 칼산지옥만 면합소사 / 에헤에 에헤 아미타아불이로다 / 무정세월아 가지말아 무정세월아 가지를 말아 아까운 내청춘 다 늙는다 / 에헤에 에헤 아미타아불이로다 / 간다 간다 나는 간다 간다 간다 나는 간다 너를 두고서 나는 간다 / 에헤에 에헤 아미타아불이로다 / 이제가면은 언제 와요 이제 가면은 언제 와요 오만 날이나 일러주오 / 에헤에 에헤 아미타아불이로다 / 산에 올라 옥을 캐니 산에 올라 옥을 캐니 이름이 좋아서 산옥이냐 / 에헤에 에헤 아미타아불이로다 / 서산일락 지는 해는 나의 감회를 돋우는 듯 / 에헤에 에헤 아미타아불이로다 / 백팔 염주를 목에 걸과 백팔 염주를 목에 걸고 / 명산 대찰을 찾아 갑네다 / 에헤에 에헤 아미타아불이로다 / 석가여래가 원불인데 칼산지옥만 면합소사 / 에헤에 에헤 아미타아불이로다,19.0,217.32
KC_TM_MF_MY_S000148,서도,민속악,민요,서도민요,병신난봉가,유지숙,여창,Ab / Fm,굿거리,12/8,150.0,"부드러운(3), 애절한(3), 쓸쓸한(2), 향토적인(2), 강렬한(1), 낭만적인(1), 서사적인(1), 시적인(1), 어두운(1), 유쾌한(1), 절제된(1), 차분한(1), 표현적인(1), 향수 어린(1)","안쪽에서 울리는(2), 콧소리 나는(2), 담백한(1), 맑은(1), 매끄러운(1), 밀도 있는(1), 비강 울림이 있는(1), 쇳소리 나는(1), 역동적인(1), 유연한(1), 진한(1)","병신난봉가는 황해도 지방에서 전래된 민요로, 서도민요의 대표적인 곡 중 하나이다. 이 곡은 자진난봉가, 병신난봉가, 사설난봉가 등을 이어 부르며, 후반으로 갈수록 한배가 빨라지는 독특한 구조를 가지고 있다. 여창 가창자 유지숙의 목소리는 이 곡의 특성을 잘 살리며, 절 부분에서는 고음역에서 강하게 질러내어 긴장감을 조성하고, 후렴 부분에서는 중간 음역대에서 평온하게 이어가며 곡의 흐름을 자연스럽게 연결한다. 유지숙은 발성과 시김새를 통해 곡의 전개를 이끌어가며, 특히 난봉가토리의 5음 구성인 라, 도, 레, 미, 솔을 효과적으로 표현한다. 굿거리 장단의 리듬 위에서 가창자는 곡의 흐름을 타며, 호흡을 조절하여 각 절과 후렴의 변화를 명확하게 드러낸다. 이러한 호흡의 조절은 곡의 마무리를 장식하며, 서도민요의 장르적 완성도를 높이는 데 기여한다.","Byeongsin Nanbongga is a folk song that has been passed down in the Hwanghae Province and is one of the representative pieces of the Seodo folk songs. This piece features a unique structure where it is sung in succession with Jajin Nanbongga, Byeongsin Nanbongga, and Sasel Nanbongga, with the tempo accelerating as it progresses. The voice of the female vocalist Yoo Ji-sook effectively highlights the characteristics of this song, as she powerfully belts out high notes during the lyrical sections to create tension, while maintaining a serene flow in the chorus with mid-range tones that seamlessly connect the song's progression. Yoo Ji-sook leads the development of the piece through her vocalization and ornamentation, particularly expressing the five-note structure of Nanbongga Tori, which consists of La, Do, Re, Mi, and Sol. Riding on the rhythm of the Gutgeori Jangdan, the vocalist navigates the flow of the song, controlling her breath to clearly delineate the changes between verses and choruses. This breath control embellishes the conclusion of the piece and contributes to enhancing the genre's overall completeness within Seodo folk songs.","에에헤에 어야 어야야 디야 내사랑아
능라도 수양버들 내가 휘어 잡고서 가지를 말라고 생야단이라
에에헤에 어야 어야야 디야 내사랑아
님이 저리 다정타고 속의 속정을 주지마라 일후에 남되면 후회 막급이라
에에헤에 어야 어야야 디야 내사랑아
가는님의 허리를 더두덤석 안구서 가지를 말라고 생야단이라
에에헤에 어야 어야야 디야 내사랑아
능라도 수양버들 내가 휘어 잡고서 가지를 말라고 생야단이라
에에헤에 어야 어야야 디야 내사랑아
님이 저리 다정타고 속의 속정을 주지마라 일후에 남되면 후회 막급이라
에에헤에 어야 어야야 디야 내사랑아
가는님의 허리를 더두덤석 안구서 가지를 말라고 생야단이라
에에헤에 어야 어야야 디야 내사랑아",에에헤에 어야 어야야 디야 내사랑아 / 능라도 수양버들 내가 휘어 잡고서 / 가지를 말라고 생야단이라 / 에에헤에 어야 어야야 디야 내사랑아 / 님이 저리 다정타고 속의 속정을 주지마라 / 일후에 남되면 후회 막급이라 / 에에헤에 어야 어야야 디야 내사랑아 / 가는님의 허리를 더두덤석 안구서 / 가지를 말라고 생야단이라 / 에에헤에 어야 어야야 디야 내사랑아 / 능라도 수양버들 내가 휘어 잡고서 / 가지를 말라고 생야단이라 / 에에헤에 어야 어야야 디야 내사랑아 / 님이 저리 다정타고 속의 속정을 주지마라 / 일후에 남되면 후회 막급이라 / 에에헤에 어야 어야야 디야 내사랑아 / 가는님의 허리를 더두덤석 안구서 / 가지를 말라고 생야단이라 / 에에헤에 어야 어야야 디야 내사랑아,19.0,250.82
KC_TM_MF_MY_S000149,서도,민속악,민요,서도민요,금드렁타령,김민경,여창,D / Bm,굿거리,12/8,140.0,"애절한(2), 향수 어린(2), 경쾌한(1), 그리운(1), 낭만적인(1), 다이내믹한(1), 명랑한(1), 부드러운(1), 불안한(1), 사색적인(1), 생기 있는(1), 서사적인(1), 쓸쓸한(1), 에너지 넘치는(1), 여유로운(1), 유려한(1), 표현적인(1)","밀도 있는(2), 청아한(2), 공명감 있는(1), 날카로운(1), 담백한(1), 두터운(1), 뻗어 나가는(1), 선명한(1), 쇳소리 나는(1), 울리는(1), 유연한(1), 콧소리 나는(1)","금드렁타령은 개화기 이후 황해도에서 발생한 난봉가 계열의 신민요로, 서도민요의 특징이 잘 드러나는 민속악의 일환이다. 이 곡은 인생의 덧없음과 사랑의 애달픔을 노래하며, '금드렁 금드렁' 하는 후렴구가 독특한 운율을 만들어낸다. 여창 가창자 김민경은 이 곡을 통해 곡의 감정을 생생하게 전달하며, 그녀의 목소리는 멜로디를 부드럽게 이끌어간다. 그녀의 발성은 정확하고 안정적이며, 시김새를 통해 전통적인 민요의 요소를 잘 살려낸다. 김민경은 각 음절을 명확하게 발음하며, 곡의 흐름을 자연스럽게 이어간다. 그녀의 성량은 곡의 전개에 따라 유연하게 변화하며, 호흡 조절 또한 뛰어나서 긴 음을 안정적으로 유지한다. 굿거리 장단의 리듬 위에서 김민경은 자신만의 템포로 곡의 흐름을 타고, 가창의 리듬감을 잘 살린다. 그녀의 호흡은 곡의 마무리를 부드럽게 장식하며, 장르적 완성도를 높이는 데 기여한다.","Geumdeureong Taryeong is a new folk song from the genre of Nambongga that emerged in Hwanghaedo after the Enlightenment period, and it is a part of the folk music that distinctly showcases the characteristics of Seodominyo. This piece sings of the transience of life and the sorrow of love, with the unique refrain of ""Geumdeureong Geumdeureong"" creating a distinctive rhythm. Female vocalist Kim Min-kyung vividly conveys the emotions of the song through her performance, and her voice gently guides the melody. Her vocalization is precise and stable, effectively highlighting the elements of traditional folk music through her use of sigimsae. Kim Min-kyung articulates each syllable clearly, seamlessly maintaining the flow of the piece. Her vocal range flexibly adapts to the development of the song, and her breath control is exceptional, allowing her to sustain long notes steadily. Riding on the rhythm of the Gutgeori Jangdan, Kim Min-kyung navigates the flow of the piece at her own tempo, skillfully enhancing the rhythmic quality of her singing. Her breath elegantly adorns the conclusion of the song, contributing to the overall completeness of the genre.","놀구나 싶은 맘 태산과 같은데 원수의 금전이 허락질 않네
금드렁 금드렁
세월이 가기는 바람결 같구요 인생이 늙기는 흐르난 물 같네
금드렁 금드렁
간다네 가누나 유정님 버리고 동설령 고개로 나 넘어간다
금드렁 금드렁
바람에 불리는 갈대와 같이도 변하기 쉬운 것은 사람의 맘일세
금드렁 금드렁
이 부용 저 부용 쌍 부용 살자도 사람의 간장만 건네지 마라
금드렁 금드렁
못 살 것 같더라 죽을 것 같더라 유정님 떨어져 나 못 살것다
금드렁 금드렁
놀구나 싶은 맘 태산과 같은데 원수의 금전이 허락질 않네
금드렁 금드렁
세월이 가기는 바람결 같구요 인생이 늙기는 흐르난 물 같네
금드렁 금드렁
간다네 가누나 유정님 버리고 동설령 고개로 나 넘어간다
금드렁 금드렁
바람에 불리는 갈대와 같이도 변하기 쉬운 것은 사람의 맘일세
금드렁 금드렁
이 부용 저 부용 쌍 부용 살자도 사람의 간장만 건네지 마라
금드렁 금드렁
못 살 것 같더라 죽을 것 같더라 유정님 떨어져 나 못 살것다
금드렁 금드렁
놀구나 싶은 맘 태산과 같은데 원수의 금전이 허락질 않네
금드렁 금드렁
세월이 가기는 바람결 같구요 인생이 늙기는 흐르난 물 같네
금드렁 금드렁
간다네 가누나 유정님 버리고 동설령 고개로 나 넘어간다
금드렁 금드렁",놀구나 싶은 맘 태산과 같은데 원수의 금전이 허락질 않네 금드렁 금드렁 / 세월이 가기는 바람결 같구요 인생이 늙기는 흐르난 물 같네 금드렁 금드렁 / 간다네 가누나 유정님 버리고 동설령 고개로 나 넘어간다 금드렁 금드렁 / 바람에 불리는 갈대와 같이도 변하기 쉬운 것은 사람의 맘일세 금드렁 금드렁 / 이 부용 저 부용 쌍 부용 살자도 사람의 간장만 건네지 마라 금드렁 금드렁 / 못 살 것 같더라 죽을 것 같더라 유정님 떨어져 나 못 살것다 금드렁 금드렁 / 놀구나 싶은 맘 태산과 같은데 원수의 금전이 허락질 않네 금드렁 금드렁 / 세월이 가기는 바람결 같구요 인생이 늙기는 흐르난 물 같네 금드렁 금드렁 / 간다네 가누나 유정님 버리고 동설령 고개로 나 넘어간다 금드렁 금드렁 / 바람에 불리는 갈대와 같이도 변하기 쉬운 것은 사람의 맘일세 금드렁 금드렁 / 이 부용 저 부용 쌍 부용 살자도 사람의 간장만 건네지 마라 금드렁 금드렁 / 못 살 것 같더라 죽을 것 같더라 유정님 떨어져 나 못 살것다 금드렁 금드렁 / 놀구나 싶은 맘 태산과 같은데 원수의 금전이 허락질 않네 금드렁 금드렁 / 세월이 가기는 바람결 같구요 인생이 늙기는 흐르난 물 같네 금드렁 금드렁 / 간다네 가누나 유정님 버리고 동설령 고개로 나 넘어간다 금드렁 금드렁,15.0,234.02
KC_TM_MF_MY_S000150,서도,민속악,민요,서도민요,산천가,유지숙,여창,F / Dm,굿거리,12/8,140.0,"경쾌한(4), 다이내믹한(2), 애절한(2), 향수 어린(2), 다정한(1), 명상적인(1), 애정 어린(1), 우울감 있는(1), 유려한(1), 표현적인(1), 향토적인(1), 활기찬(1)","단단한(3), 울리는(2), 날카로운(1), 담백한(1), 매끄러운(1), 뻗어 나가는(1), 선명한(1), 쇳소리 나는(1), 청아한(1), 콧소리 나는(1), 탁 트인(1)","산천가는 북한의 명창 김진명이 작사, 작곡한 신민요로, 해방 후 농촌의 풍요로움과 산천의 아름다움을 경쾌하게 노래한 곡이다. 이 곡은 서도민요의 특징이 잘 드러나는 민속악 장르에 속하며, 전통적인 민요의 형식을 유지하면서도 현대적인 감각이 가미된 점이 돋보인다. 여창 가창자 유지숙의 목소리는 이 곡을 이끌어가는 중요한 요소로, 그녀는 경쾌한 분위기를 잘 표현하며 곡 전체에 활력을 불어넣는다. 유지숙은 발성을 통해 멜로디의 흐름을 자연스럽게 이어가고, 시김새를 적절히 사용하여 곡의 전통적인 감성을 강조한다. 그녀의 성량은 곡의 리듬에 잘 맞추어져 있으며, 호흡을 조절하여 각 구절의 끝을 부드럽게 마무리한다. 이러한 창법은 곡의 경쾌한 분위기를 더욱 부각시키며, 청중이 자연스럽게 흥미를 느끼도록 만든다. 굿거리의 리듬 위에서 가창자는 안정적으로 흐름을 타며, 호흡을 통해 곡의 마무리를 장식하고 장르적 완성도를 높인다. 유지숙의 목소리는 이러한 리듬과 잘 어우러져, 듣는 이로 하여금 산천의 아름다움과 농촌의 풍요로움을 생생하게 느끼게 한다.","Sancheongana is a new folk song written and composed by the renowned North Korean singer Kim Jin-myung, which joyfully celebrates the richness of rural life and the beauty of nature after liberation. This piece belongs to the folk music genre that distinctly showcases the characteristics of Seodo minyo, and it stands out for incorporating a modern sensibility while maintaining the traditional form of folk songs. The voice of the female vocalist Yoo Ji-sook is a crucial element that drives this piece, as she effectively expresses a lively atmosphere and infuses vitality throughout the song. Yoo Ji-sook seamlessly connects the flow of the melody through her vocalization, employing appropriate vocal embellishments to emphasize the traditional sentiment of the piece. Her vocal range aligns well with the rhythm of the song, and she skillfully controls her breath to gently conclude each phrase. This singing technique further accentuates the lively mood of the piece, allowing the audience to naturally feel engaged. Riding on the rhythm of the gutgeori, the vocalist maintains a stable flow, using her breath to embellish the conclusion of the piece and enhance its genre-specific completeness. Yoo Ji-sook's voice harmonizes well with this rhythm, enabling listeners to vividly experience the beauty of nature and the richness of rural life.","에헤에헤야 어허야 어허어어허어야 어야야 디여 널과네로구나
산이 높고 물이 맑아 절승경개 이뤘는가 높은데는 밭이랑 낮은데는 물논이라
에헤에헤야 어허야 어허어어허어야 어야야 디여 널과네로구나
아침이면 연장메고 논도갈고 밭도나 갈아 저녁이면 소잔등에 달빛 싣고 돌아온다
에헤에헤야 어허야 어허어어허어야 어야야 디여 널과네로구나
가을날 청명하고 바람조차 시원한데 십리뻘 금파반경 넘실넘실 춤을춘다
에헤에헤야 어허야 어허어어허어야 어야야 디여 널과네로구나
산이 높고 물이 맑아 절승경개 이뤘는가 높은데는 밭이랑 낮은데는 물논이라
에헤에헤야 어허야 어허어어허어야 어야야 디여 널과네로구나
아침이면 연장메고 논도갈고 밭도나 갈아 저녁이면 소잔등에 달빛 싣고 돌아온다
에헤에헤야 어허야 어허어어허어야 어야야 디여 널과네로구나
가을날 청명하고 바람조차 시원한데 십리뻘 금파반경 넘실넘실 춤을춘다
에헤에헤야 어허야 어허어어허어야 어야야 디여 널과네로구나",에헤에헤야 어허야 어허어어허어야 / 어야야 디여 널과네로구나 / 산이 높고 물이 맑아 절승경개 이뤘는가 / 높은데는 밭이랑 낮은데는 물논이라 / 에헤에헤야 어허야 어허어어허어야 / 어야야 디여 널과네로구나 / 아침이면 연장메고 논도갈고 밭도나 갈아 / 저녁이면 소잔등에 달빛 싣고 돌아온다 / 에헤에헤야 어허야 어허어어허어야 / 어야야 디여 널과네로구나 / 가을날 청명하고 바람조차 시원한데 / 십리뻘 금파반경 넘실넘실 춤을춘다 / 에헤에헤야 어허야 어허어어허어야 / 어야야 디여 널과네로구나 / 산이 높고 물이 맑아 절승경개 이뤘는가 / 높은데는 밭이랑 낮은데는 물논이라 / 에헤에헤야 어허야 어허어어허어야 / 어야야 디여 널과네로구나 / 아침이면 연장메고 논도갈고 밭도나 갈아 / 저녁이면 소잔등에 달빛 싣고 돌아온다 / 에헤에헤야 어허야 어허어어허어야 / 어야야 디여 널과네로구나 / 가을날 청명하고 바람조차 시원한데 / 십리뻘 금파반경 넘실넘실 춤을춘다 / 에헤에헤야 어허야 어허어어허어야 / 어야야 디여 널과네로구나,26.0,268.75
KC_TM_MF_MY_S000151,서도,민속악,민요,서도민요,배치기,장효선,여창,A / Gbm,굿거리,12/8,120.0,"생기 있는(2), 쓸쓸한(2), 향수 어린(2), 경쾌한(1), 공포스러운(1), 그리운(1), 기품 있는(1), 다이내믹한(1), 명상적인(1), 몽환적인(1), 불가사의한(1), 비통한(1), 서사적인(1), 신나는(1), 신비로운(1), 애절한(1), 어두운(1), 에너지 넘치는(1), 여유로운(1), 우울감 있는(1), 우울한(1), 의례적인(1), 침울한(1), 편안한(1), 향토적인(1), 환상적인(1), 희망적인(1), 희망찬(1)","담백한(2), 진한(2), 가는(1), 걸쭉한(1), 날 선(1), 단단한(1), 머금은 듯한(1), 밝은(1), 비강 울림이 있는(1), 섬세한(1), 울리는(1), 유연한(1), 정제된(1), 직진의(1)","배치기는 황해도 연평도 조기잡이 배의 만선 풍장소리에서 유래한 서도민요로, 민속악 중에서도 민요 장르에 속한다. 이 곡은 만선의 기쁨을 노래하며 '봉죽타령'이라고도 불리며, 어부들의 기백과 풍어를 맞은 환희가 담겨 있다. 여창 가창자 장효선의 목소리는 이 곡의 주된 표현 수단으로, 그녀의 창법은 전통적인 서도민요의 특성을 잘 살리고 있다. 장효선은 발성을 통해 곡의 리듬과 멜로디를 자연스럽게 이끌어가며, 시김새를 적절히 사용하여 곡의 감정을 전달한다. 그녀의 성량은 곡의 흐름을 강하게 지탱하며, 호흡은 멜로디의 전개에 따라 유연하게 변화한다. 특히, 굿거리 장단 위에서 장효선은 리듬을 타며 곡의 구조를 명확히 드러내고, 호흡의 조절을 통해 곡의 마무리를 부드럽게 장식한다. 이러한 요소들은 배치기의 전통적 완성도를 높이며, 서도민요의 매력을 더욱 깊이 있게 전달한다.","Baechigi is a genre of Seodo folk song that originates from the joyous sounds of a successful catch on fishing boats in Yeonpyeongdo, Hwanghaedo. This piece celebrates the happiness of a bountiful catch and is also referred to as ""Bongjuk Taryeong,"" encapsulating the spirit and elation of fishermen. The voice of the female vocalist Jang Hyo-seon serves as the primary means of expression for this song, and her singing style effectively embodies the characteristics of traditional Seodo folk music. Through her vocalization, Jang Hyo-seon naturally guides the rhythm and melody of the piece, employing appropriate techniques to convey the song's emotions. Her vocal power strongly supports the flow of the music, while her breath control adapts flexibly to the development of the melody. Notably, over the gutgeori jangdan, Jang Hyo-seon rides the rhythm, clearly revealing the structure of the piece, and her breath management gracefully embellishes the conclusion of the song. These elements enhance the traditional completeness of Baechigi and convey the allure of Seodo folk music in a more profound manner.","어허어허 어허어 어허 어흐어 어 어흐어 어어어어어 어화요
어영도 칠산을 다쳐다 먹고 연평 바다로 돈실러 갑세다
어허어허 어허어 어허 어흐어 어 어흐어 어어어어어 어화요
돈실러간다 돈실러간다 연평바다로 돈실러 갑세다
어허어허 어허어 어허 어흐어 어 어흐어 어어어어어 어화요
연평바다 널린조기 양주만 남기고 다잡아 디려라
어허어허 어허어 어허 어흐어 어 어흐어 어어어어어 어화요
꽃피였네 꽃피였네 우리배이물에 함박꽃 피었네
어허어허 어허어 어허 어흐어 어 어흐어 어어어어어 어화요
간곳마다 치는 북은 우리배가 다치고 났단다
어허어허 어허어 어허 어흐어 어 어흐어 어어어어어 어화요
연평 장군님 귀히 보소 우리 배불러서 도장원 주시오
어허어허 어허어 어허 어흐어 어 어흐어 어어어어어 어화요
오동추야 다밝은 밤에 새우젓 잡기가 재미가 난다
어허어허 어허어 어허 어흐어 어 어흐어 어어어어어 어화요",어허어허 어허어 어허 어흐어 어 어흐어 어어어어어 어화요 / 어영도 칠산을 다쳐다 먹고 연평 바다로 돈실러 갑세다 / 어허어허 어허어 어허 어흐어 어 어흐어 어어어어어 어화요 / 돈실러간다 돈실러간다 연평바다로 돈실러 갑세다 / 어허어허 어허어 어허 어흐어 어 어흐어 어어어어어 어화요 / 연평바다 널린조기 양주만 남기고 다잡아 디려라 / 어허어허 어허어 어허 어흐어 어 어흐어 어어어어어 어화요 / 꽃피였네 꽃피였네 우리배이물에 함박꽃 피었네 / 어허어허 어허어 어허 어흐어 어 어흐어 어어어어어 어화요 / 간곳마다 치는 북은 우리배가 다치고 났단다 / 어허어허 어허어 어허 어흐어 어 어흐어 어어어어어 어화요 / 연평 장군님 귀히 보소 우리 배불러서 도장원 주시오 / 어허어허 어허어 어허 어흐어 어 어흐어 어어어어어 어화요 / 오동추야 다밝은 밤에 새우젓 잡기가 재미가 난다 / 어허어허 어허어 어허 어흐어 어 어흐어 어어어어어 어화요,15.0,229.54
KC_TM_MF_MY_S000152,서도,민속악,민요,서도민요,함경도애원성,유지숙,여창,F / Dm,굿거리,12/8,140.0,"신나는(3), 감상적인(1), 강한(1), 경쾌한(1), 그루브감 있는(1), 몽환적인(1), 불가사의한(1), 생기 있는(1), 에너지 넘치는(1), 유려한(1), 유쾌한(1), 잔잔한(1), 진지한(1), 해학적인(1), 행복한(1), 향토적인(1), 희망적인(1)","밝은(2), 걸쭉한(1), 날카로운(1), 단단한(1), 담백한(1), 머금은 듯한(1), 비강 울림이 있는(1), 섬세한(1), 쇳소리 나는(1), 울리는(1), 유연한(1), 청아한(1), 콧소리 나는(1)","함경도애원성은 서도민요의 대표적인 곡으로, 함경도 지방의 삶의 애환을 담고 있는 민속악의 한 형태이다. 이 곡은 메나리조의 선율과 굿거리장단이 어우러져 구성진 맛을 내며, 슬픈 가사를 흥겹게 풀어내는 독특한 미학을 지닌다. 여창 가창자 유지숙의 목소리는 이 곡을 이끌어가는 중요한 요소로, 그녀의 발성은 전통적인 민요의 특성을 잘 살리고 있다. 유지숙은 곡의 멜로디를 표현하는 데 있어 섬세한 시김새를 사용하며, 창법에서의 호흡 조절이 뛰어나다. 그녀의 성량은 곡의 전개에 따라 유연하게 변화하며, 각 구절마다 적절한 호흡을 통해 리듬감을 유지한다. 굿거리장단의 경쾌한 리듬 위에서 그녀의 목소리는 자연스럽게 흐름을 타며, 리듬과의 조화가 돋보인다. 곡의 마무리 부분에서 유지숙은 호흡을 통해 곡의 완성도를 높이며, 청중에게 깊은 여운을 남기는 방식으로 곡을 잘 마무리한다.","Hamgyeongdo Aewonseong is a representative piece of Seodo Minyo, embodying the joys and sorrows of life in the Hamgyeongdo region, and serves as a form of folk music. This song features a blend of the Menari melody and the Ggutgeori Jangdan, creating a rich and flavorful composition, while presenting its melancholic lyrics in a lively manner, showcasing a unique aesthetic. The voice of the female vocalist Yu Ji-sook is a crucial element that drives the piece, as her vocalization effectively captures the characteristics of traditional folk songs. Yu Ji-sook employs delicate embellishments in expressing the melody, demonstrating excellent control of breath in her singing technique. Her vocal range adapts flexibly throughout the progression of the piece, maintaining a sense of rhythm with appropriate breaths at each phrase. Over the lively rhythm of the Ggutgeori Jangdan, her voice flows naturally, highlighting the harmony with the rhythm. In the concluding section of the piece, Yu Ji-sook enhances the overall quality through her breath control, skillfully wrapping up the song in a way that leaves a profound resonance with the audience.","지여라 지여라 경복궁을 지여라 삼각산 밑에다 경복궁을 지여라
에헤야 어얼사 좋구 좋다 얼럴럴 거리고 상사디로구나
금수 강산이 제아머리 좋다해도 정든님 없으면 적막강산 이라
에헤야 어얼사 좋구 좋다 얼럴럴 거리고 상사디로구나
산이 높아도 하늘아래 산이요 물이나 깊어도 땅위에 물이라
에헤야 어얼사 좋구 좋다 얼럴럴 거리고 상사디로구나
무심한 저달이 왜 이다지도 밝아 울적한 심회를 어이 풀어 볼가
에헤야 어얼사 좋구 좋다 얼럴럴 거리고 상사디로구나
뒷동산 숲속의 두견이 우는 소리에 임 여읜 이내 몸 슬퍼만지누나
에헤야 어얼사 좋구 좋다 얼럴럴 거리고 상사디로구나
귀뚜라미 뉘 못 잊어 울어 울어 밤새우고 울적한 이내 심사 어이 풀어 볼까
에헤야 어얼사 좋구 좋다 얼럴럴 거리고 상사디로구나",지여라 지여라 경복궁을 지여라 / 삼각산 밑에다 경복궁을 지여라 / 에헤야 어얼사 좋구 좋다 / 얼럴럴 거리고 상사디로구나 / 금수 강산이 제아머리 좋다해도 / 정든님 없으면 적막강산 이라 / 에헤야 어얼사 좋구 좋다 / 얼럴럴 거리고 상사디로구나 / 산이 높아도 하늘아래 산이요 / 물이나 깊어도 땅위에 물이라 / 에헤야 어얼사 좋구 좋다 / 얼럴럴 거리고 상사디로구나 / 무심한 저달이 왜 이다지도 밝아 / 울적한 심회를 어이 풀어 볼가 / 에헤야 어얼사 좋구 좋다 / 얼럴럴 거리고 상사디로구나 / 뒷동산 숲속의 두견이 우는 소리에 / 임 여읜 이내 몸 슬퍼만지누나 / 에헤야 어얼사 좋구 좋다 / 얼럴럴 거리고 상사디로구나 / 귀뚜라미 뉘 못 잊어 울어 울어 밤새우고 / 울적한 이내 심사 어이 풀어 볼까 / 에헤야 어얼사 좋구 좋다 / 얼럴럴 거리고 상사디로구나,24.0,250.32
KC_TM_MF_MY_S000153,서도,민속악,민요,서도민요,금다래꿍,김민경,여창,B / Abm,굿거리,12/8,140.0,"쓸쓸한(2), 즐거운(2), 경쾌한(1), 귀여운(1), 다정한(1), 따뜻한(1), 부드러운(1), 생기 있는(1), 애절한(1), 에너지 넘치는(1), 여유로운(1), 유쾌한(1), 진심 어린(1), 편안한(1), 평온한(1), 표현적인(1), 행복한(1), 향토적인(1)","걸쭉한(1), 날카로운(1), 단단한(1), 담백한(1), 머금은 듯한(1), 밀도 있는(1), 비강 울림이 있는(1), 시원한(1), 울리는(1), 정제된(1), 콧소리 나는(1), 탁 트인(1)","금다래꿍은 황해도 황주 지방의 전설을 바탕으로 한 서도민요로, 수심가토리와 창부타령토리가 결합된 독특한 음계가 특징이다. 이 곡은 사랑하는 연인을 만나러 가는 설렘을 경쾌하게 표현하며, 민속악 중에서도 민요 장르에 속한다. 여창 가창자 김민경의 목소리는 이 곡의 흐름을 이끌어가는 중요한 요소로 작용한다. 그녀는 발성을 통해 곡의 멜로디를 섬세하게 표현하며, 시김새를 적절히 사용하여 전통적인 서도민요의 맛을 살린다. 성량은 곡의 리듬에 맞춰 자연스럽게 조절되며, 굿거리장단의 경쾌한 리듬을 따라 유연하게 흐른다. 호흡 또한 중요하게 작용하여, 각 구절의 마무리를 부드럽게 장식하며 전체적인 곡의 완성도를 높인다. 이러한 요소들이 결합되어 김민경의 목소리는 금다래꿍의 서사적 매력을 극대화하며, 청중에게 전통 민요의 깊이를 전달한다.","Geumdaraekkung is a Western Korean folk song based on legends from the Hwangju region of Hwanghae Province, characterized by a unique scale that combines the Sushim gatari and Changbu talyeong. This piece expressively captures the excitement of going to meet a beloved, and it belongs to the genre of folk music within traditional music. The voice of female vocalist Kim Min-kyung serves as a crucial element that guides the flow of the piece. Through her vocalization, she delicately articulates the melody while appropriately employing sigimsae to preserve the traditional flavor of Western Korean folk songs. Her vocal volume is naturally adjusted to align with the rhythm of the piece, flowing flexibly along with the lively rhythm of the gutgeori jangdan. Breath control also plays an important role, gracefully embellishing the endings of each phrase and enhancing the overall completeness of the composition. These elements combine to maximize the narrative charm of Geumdaraekkung through Kim Min-kyung's voice, conveying the depth of traditional folk music to the audience.","금다라꾼 금다라꾼 금다라꾼 금다라꾼 금다라졌네
보고지고 보고지고 이옥녀 아가씨 보고지고
금다라꾼 금다라꾼 금다라꾼 금다라꾼 금다라졌네
왜 생겼나 왜 생겼나 금다래 이옥녀 왜 생겼나
금다라꾼 금다라꾼 금다라꾼 금다라꾼 금다라졌네
못잊갔네 못잊갔네 금다래 도령님 못잊갔네
금다라꾼 금다라꾼 금다라꾼 금다라꾼 금다라졌네
나는 싫여 나는 싫여 부모형제도 나는 싫여
금다라꾼 금다라꾼 금다라꾼 금다라꾼 금다라졌네
천지만물 생긴 후에 부모밖에 또 있나요
금다라꾼 금다라꾼 금다라꾼 금다라꾼 금다라졌네
부모은공 모르면은 금수엔들 비할소냐
금다라꾼 금다라꾼 금다라꾼 금다라꾼 금다라졌네
보고지고 보고지고 이옥녀 아가씨 보고지고
금다라꾼 금다라꾼 금다라꾼 금다라꾼 금다라졌네
왜 생겼나 왜 생겼나 금다래 이옥녀 왜 생겼나
금다라꾼 금다라꾼 금다라꾼 금다라꾼 금다라졌네
못잊갔네 못잊갔네 금다래 도령님 못잊갔네
금다라꾼 금다라꾼 금다라꾼 금다라꾼 금다라졌네
나는 싫여 나는 싫여 부모형제도 나는 싫여
금다라꾼 금다라꾼 금다라꾼 금다라꾼 금다라졌네
천지만물 생긴 후에 부모밖에 또 있나요
금다라꾼 금다라꾼 금다라꾼 금다라꾼 금다라졌네
부모은공 모르면은 금수엔들 비할소냐
금다라꾼 금다라꾼 금다라꾼 금다라꾼 금다라졌네",금다라꾼 금다라꾼 금다라꾼 금다라꾼 금다라졌네 / 보고지고 보고지고 이옥녀 아가씨 보고지고 / 금다라꾼 금다라꾼 금다라꾼 금다라꾼 금다라졌네 / 왜 생겼나 왜 생겼나 금다래 이옥녀 왜 생겼나 / 금다라꾼 금다라꾼 금다라꾼 금다라꾼 금다라졌네 / 못잊갔네 못잊갔네 금다래 도령님 못잊갔네 / 금다라꾼 금다라꾼 금다라꾼 금다라꾼 금다라졌네 / 나는 싫여 나는 싫여 부모형제도 나는 싫여 / 금다라꾼 금다라꾼 금다라꾼 금다라꾼 금다라졌네 / 천지만물 생긴 후에 부모밖에 또 있나요 / 금다라꾼 금다라꾼 금다라꾼 금다라꾼 금다라졌네 / 부모은공 모르면은 금수엔들 비할소냐 / 금다라꾼 금다라꾼 금다라꾼 금다라꾼 금다라졌네 / 보고지고 보고지고 이옥녀 아가씨 보고지고 / 금다라꾼 금다라꾼 금다라꾼 금다라꾼 금다라졌네 / 왜 생겼나 왜 생겼나 금다래 이옥녀 왜 생겼나 / 금다라꾼 금다라꾼 금다라꾼 금다라꾼 금다라졌네 / 못잊갔네 못잊갔네 금다래 도령님 못잊갔네 / 금다라꾼 금다라꾼 금다라꾼 금다라꾼 금다라졌네 / 나는 싫여 나는 싫여 부모형제도 나는 싫여 / 금다라꾼 금다라꾼 금다라꾼 금다라꾼 금다라졌네 / 천지만물 생긴 후에 부모밖에 또 있나요 / 금다라꾼 금다라꾼 금다라꾼 금다라꾼 금다라졌네 / 부모은공 모르면은 금수엔들 비할소냐 / 금다라꾼 금다라꾼 금다라꾼 금다라꾼 금다라졌네,25.0,258.89
KC_TM_MF_MY_S000154,서도,민속악,민요,서도민요,박연폭포,김민경,여창,E / Dbm,굿거리,12/8,140.0,"에너지 넘치는(4), 경쾌한(3), 신나는(2), 신명난(2), 표현적인(2), 향토적인(2), 가볍고 신비로운(1), 강렬한(1), 기품 있는(1), 도취된(1), 영웅적인(1), 활기찬(1)","콧소리 나는(3), 유연한(2), 거친(1), 깨끗한(1), 단단한(1), 맑은(1), 매끄러운(1), 밝은(1), 비강 울림이 있는(1), 쇳소리 나는(1), 역동적인(1), 탁 트인(1)","개성난봉가는 '박연폭포'라는 이름으로 알려진 개성 지방의 민요로, 서도소리와 경기소리의 특징이 혼합된 형태를 지닌 곡이다. 이 곡은 굿거리장단에 맞춰 흥겹게 부르며, 박연폭포의 절경과 사랑을 노래하고 개성 지방의 독특한 정취를 전하는 서도민요의 매력을 잘 보여준다. 여창 가창자 김민경의 목소리는 이 곡을 이끌어가는 중요한 요소로, 그녀의 발성은 곡의 에너지를 고조시키며 듣는 이에게 강한 인상을 남긴다. 김민경은 멜로디를 표현하는 데 있어 시김새를 적절히 활용하며, 강한 성량으로 곡의 전개를 이끌어간다. 그녀의 호흡은 곡의 리듬에 잘 어우러지며, 굿거리의 경쾌한 흐름을 타는 데 큰 역할을 한다. 이러한 호흡의 조절은 곡의 마무리를 장식하며, 전체적인 장르적 완성도를 높이는 데 기여한다. 김민경의 가창은 박연폭포의 매력을 더욱 부각시키며, 청중에게 깊은 감동을 준다.","Gaeseong Nanbongga is a folk song from the Gaeseong region, known by the name ""Parkyeon Waterfall,"" which embodies a blend of characteristics from Seodo sori and Gyeonggi sori. This piece is joyfully sung in accordance with the Guttari Jangdan, celebrating the breathtaking scenery of Parkyeon Waterfall and expressing love, while effectively conveying the unique atmosphere of the Gaeseong region, showcasing the charm of Seodo minyo. The voice of female vocalist Kim Min-kyung serves as a crucial element in leading this piece, as her vocalization elevates the energy of the song and leaves a strong impression on the listener. Kim Min-kyung skillfully employs vocal embellishments to express the melody and drives the development of the piece with her powerful voice. Her breath control harmonizes well with the rhythm of the song, playing a significant role in riding the lively flow of the Guttari. This control of breath enhances the conclusion of the piece and contributes to the overall genre's completeness. Kim Min-kyung's singing further accentuates the allure of Parkyeon Waterfall, providing the audience with a profound emotional experience.","박연폭포 흘러 가는 물은 범사정으로 감돌아든다
에 에헤야 에 에루화 좋고 좋다 어러럼마 디여라 내사랑아
박연폭포가 제아무리 깊다해도 우리나 양인의 정만 못하리라
에 에헤야 에 에루화 좋고 좋다 어러럼마 디여라 내사랑아
삼십장 단애서 비류가 직하하니 박연이 되어서 범사정을 감도네
에 에헤야 에 에루화 좋고 좋다 어러럼마 디여라 내사랑아
월백 설백 천지백허니 산심 야심이 객수심이로다
에 에헤야 에 에루화 좋고 좋다 어러럼마 디여라 내사랑아
천기청랑한 양춘가절에 개성 명승고적을 순례하여 보세
에 에헤야 에 에루화 좋고 좋다 어러럼마 디여라 내사랑아
건곤이 불로 월장재 허니 적막강산이 금백년이로다
에 에헤야 에 에루화 좋고 좋다 어러럼마 디여라 내사랑아",박연폭포 흘러 가는 물은 / 범사정으로 감돌아든다 / 에 에헤야 에 에루화 좋고 좋다 / 어러럼마 디여라 내사랑아 / 박연폭포가 제아무리 깊다해도 / 우리나 양인의 정만 못하리라 / 에 에헤야 에 에루화 좋고 좋다 / 어러럼마 디여라 내사랑아 / 삼십장 단애서 비류가 직하하니 / 박연이 되어서 범사정을 감도네 / 에 에헤야 에 에루화 좋고 좋다 / 어러럼마 디여라 내사랑아 / 월백 설백 천지백허니 / 산심 야심이 객수심이로다 / 에 에헤야 에 에루화 좋고 좋다 / 어러럼마 디여라 내사랑아 / 천기청랑한 양춘가절에 / 개성 명승고적을 순례하여 보세 / 에 에헤야 에 에루화 좋고 좋다 / 어러럼마 디여라 내사랑아 / 건곤이 불로 월장재 허니 / 적막강산이 금백년이로다 / 에 에헤야 에 에루화 좋고 좋다 / 어러럼마 디여라 내사랑아,24.0,249.89
KC_TM_MF_MY_S000155,서도,민속악,민요,서도민요,자진아리,유지숙,여창,D / Bm,굿거리,12/8,140.0,"활달한(3), 다이내믹한(2), 향토적인(2), 감상적인(1), 강한(1), 귀여운(1), 명랑한(1), 신나는(1), 신명난(1), 쓸쓸한(1), 에너지 넘치는(1), 열정적인(1), 유쾌한(1), 평온한(1), 표현적인(1), 해학적인(1), 활기찬(1)","비강 울림이 있는(3), 단단한(2), 유연한(2), 걸쭉한(1), 밝은(1), 섬세한(1), 쇳소리 나는(1), 시원한(1), 콧소리 나는(1)","자진아리는 평안남도 용강 지방의 농업 노동요에서 유래하여 전문 소리꾼들에 의해 통속민요로 발전한 서도민요로, 음악적으로는 수심가토리를 바탕으로 하며 느린 긴아리에 이어 경쾌한 굿거리나 타령장단으로 빠르게 부르는 것이 특징인 곡이다. 이 곡은 일노래와 유희요의 성격을 동시에 지니며, 세련된 서도 통속민요로서 긴아리와 짝을 이루어 연행된다. 여창 가창자 유지숙의 목소리는 이 곡을 이끌어가는 데 중요한 역할을 하며, 그녀의 창법은 굿거리 장단의 경쾌함과 잘 어우러진다. 유지숙은 발성을 통해 곡의 구조를 명확히 드러내며, 시김새를 적절히 사용하여 전통적인 민요의 특성을 살린다. 그녀는 성량을 조절하며 리드미컬한 멜로디를 표현하고, 호흡을 통해 곡의 흐름을 자연스럽게 이어간다. 굿거리의 리듬 위에서 그녀의 목소리는 경쾌하게 흐르며, 각 구절의 끝에서 호흡을 조절하여 곡의 마무리를 장식하고, 장르적 완성도를 높인다.","Jajinari is a genre of Seodo folk song that originated from agricultural labor songs in the Yonggang region of South Pyongan Province and has evolved into a popular folk song through the efforts of professional singers. Musically, it is based on the Su-sim-ga-tori and is characterized by a transition from a slow Giniari to a lively Gukgeori or Taryeong Jangdan, which is performed at a faster tempo. This piece embodies the dual nature of work songs and playful songs, and is traditionally performed in conjunction with Giniari as a refined example of Seodo popular folk music. The voice of female vocalist Yoo Ji-sook plays a crucial role in leading this piece, and her singing style harmonizes well with the lively rhythm of the Gukgeori Jangdan. Yoo Ji-sook clarifies the structure of the song through her vocalization, skillfully employing embellishments to highlight the characteristics of traditional folk music. She modulates her vocal volume to express a rhythmic melody and seamlessly connects the flow of the piece through her breath control. Her voice flows briskly over the rhythm of the Gukgeori, adjusting her breath at the end of each phrase to embellish the conclusion of the piece and enhance its overall artistic completeness.","아이고 아이고 성화로구나
요놈의 종자야 네 올 줄 알고 썩은 새끼로 문 걸고 잤구나
아이고 아이고 성화로구나
일하든 오금에 잠이나 자갔디 재넘어 털털 뭘하래 왔음나
아이고 아이고 성화로구나
울넘어 밖에서 꼴베는 총각아 눈치나 있거든 이떡을 받아라
아이고 아이고 성화로구나
나 시집 간대로 멈살이 오면 때묻은 버선에 볼받아 줌세나
아이고 아이고 성화로구나
요놈의 종자야 네 올 줄 알고 썩은 새끼로 문 걸고 잤구나
아이고 아이고 성화로구나
일하든 오금에 잠이나 자갔디 재넘어 털털 뭘하래 왔음나
아이고 아이고 성화로구나
울넘어 밖에서 꼴베는 총각아 눈치나 있거든 이떡을 받아라
아이고 아이고 성화로구나
나 시집 간대로 멈살이 오면 때묻은 버선에 볼받아 줌세나
아이고 아이고 성화로구나",아이고 아이고 성화로구나 / 요놈의 종자야 네 올 줄 알고 썩은 새끼로 문 걸고 잤구나 / 아이고 아이고 성화로구나 / 일하든 오금에 잠이나 자갔디 재넘어 털털 뭘하래 왔음나 / 아이고 아이고 성화로구나 / 울넘어 밖에서 꼴베는 총각아 눈치나 있거든 이떡을 받아라 / 아이고 아이고 성화로구나 / 나 시집 간대로 멈살이 오면 때묻은 버선에 볼받아 줌세나 / 아이고 아이고 성화로구나 / 요놈의 종자야 네 올 줄 알고 썩은 새끼로 문 걸고 잤구나 / 아이고 아이고 성화로구나 / 일하든 오금에 잠이나 자갔디 재넘어 털털 뭘하래 왔음나 / 아이고 아이고 성화로구나 / 울넘어 밖에서 꼴베는 총각아 눈치나 있거든 이떡을 받아라 / 아이고 아이고 성화로구나 / 나 시집 간대로 멈살이 오면 때묻은 버선에 볼받아 줌세나 / 아이고 아이고 성화로구나,17.0,243.02
KC_TM_MF_MY_S000156,서도,민속악,민요,서도민요,자진난봉가,유지숙,여창,Ab / Fm,굿거리,12/8,130.0,"애정 어린(2), 가볍고 신비로운(1), 감상적인(1), 경쾌한(1), 기품 있는(1), 낭만적인(1), 다이내믹한(1), 다정한(1), 불안한(1), 서사적인(1), 쓸쓸한(1), 에너지 넘치는(1), 우아한(1), 우울감 있는(1), 유려한(1), 침울한(1), 표현적인(1), 행복한(1), 향토적인(1)","머금은 듯한(2), 여린(2), 울리는(2), 콧소리 나는(2), 두터운(1), 매끄러운(1), 비강 울림이 있는(1), 섬세한(1), 역동적인(1), 힘 있는(1)","자진난봉가는 황해도 지방에서 전래된 서도민요로, 민속악의 한 장르인 민요에 속한다. 이 곡은 자진난봉가, 병신난봉가, 사설난봉가 등을 이어 부르며, 후반부로 갈수록 한배가 빨라지는 특징이 있다. 여창 가창자 유지숙의 목소리는 이 곡의 전개에 중요한 역할을 하며, 특히 절 부분에서는 고음역에서 강하게 질러내거나 최저음에서 낮게 숙여내는 다양한 창법을 통해 곡의 긴장감을 조절한다. 그녀는 자진난봉가의 시작 부분에서 '넘어간다 넘어 넘어간다'라는 구절을 높게 질러내며 곡의 서두를 강렬하게 이끌어간다. 후렴에서도 높은 음역을 유지하며, 청중의 주목을 끌고, 전반적으로 시김새를 적절히 사용하여 곡의 흐름을 자연스럽게 이어간다. 굿거리 장단의 리듬 위에서 그녀의 목소리는 유연하게 흐르며, 호흡을 통해 곡의 마무리를 장식하고, 장르적 완성도를 높인다. 유지숙의 발성과 호흡 조절은 곡의 리듬감을 잘 살리며, 청중에게 깊은 인상을 남긴다.","Jajin Nanbongga is a genre of folk song that has been passed down in the Hwanghae Province, classified under the category of minyo, which is a form of traditional folk music. This piece features a sequence of singing styles including Jajin Nanbongga, Byeongsin Nanbongga, and Saseol Nanbongga, characterized by an increasing tempo as it progresses into the latter half. The voice of the female vocalist Yu Jisook plays a crucial role in the development of the piece, particularly in the refrain section where she employs various vocal techniques to modulate the tension of the song, either belting out high notes or delivering low tones with a gentle inflection. At the beginning of Jajin Nanbongga, she powerfully sings the phrase ""neomeoganda neomeo neomeoganda,"" setting an intense tone for the piece. Throughout the refrain, she maintains a high vocal range, capturing the audience's attention, while skillfully utilizing sigimsae to ensure a smooth flow of the music. Her voice flows flexibly over the rhythm of the Gutgeori jangdan, culminating the piece with her breath control, thereby enhancing the overall artistic quality of the genre. Yu Jisook's vocalization and breath management effectively convey the rhythmic essence of the song, leaving a profound impression on the audience.","넘어간다 넘어 넘어간다 자주 하는 난봉가 훨훨 넘어간다
에헤에 에헤야 어야 더야 어허야 어러험마 디여라 내 사랑아
실죽밀죽 잡아당길 줄만 알았지 생사람 죽는줄 왜 몰라주나
에헤에 에헤야 어야 더야 어허야 어러험마 디여라 내 사랑아
물속에 잠긴 달은 잡힐 듯 말 듯 허구요 정든 님의 심정은 알 듯 말 듯 하외다
에헤에 에헤야 어야 더야 어허야 어러험마 디여라 내 사랑아
무정 방초는 연연이 오건만 한번 간 우리님은 가고 영절이라
에헤에 에헤야 어야 더야 어허야 어러험마 디여라 내 사랑아
이몸이 둥둥 떠 저 백운 타면은 님 상봉 하기가 비난지사로다
에헤에 에헤야 어야 더야 어허야 어러험마 디여라 내 사랑아
사랑 사랑 사랑아 내가 놀던 사랑아 한아름 덤썩 안구서 단둘이 놀던 사랑
에헤에 에헤야 어야 더야 어허야 어러험마 디여라 내 사랑아",넘어간다 넘어 넘어간다 / 자주 하는 난봉가 훨훨 넘어간다 / 에헤에 에헤야 어야 더야 어허야 / 어러험마 디여라 내 사랑아 / 실죽밀죽 잡아당길 줄만 알았지 / 생사람 죽는줄 왜 몰라주나 / 에헤에 에헤야 어야 더야 어허야 / 어러험마 디여라 내 사랑아 / 물속에 잠긴 달은 잡힐 듯 말 듯 허구요 / 정든 님의 심정은 알 듯 말 듯 하외다 / 에헤에 에헤야 어야 더야 어허야 / 어러험마 디여라 내 사랑아 / 무정 방초는 연연이 오건만 / 한번 간 우리님은 가고 영절이라 / 에헤에 에헤야 어야 더야 어허야 / 어러험마 디여라 내 사랑아 / 이몸이 둥둥 떠 저 백운 타면은 / 님 상봉 하기가 비난지사로다 / 에헤에 에헤야 어야 더야 어허야 / 어러험마 디여라 내 사랑아 / 사랑 사랑 사랑아 내가 놀던 사랑아 / 한아름 덤썩 안구서 단둘이 놀던 사랑 / 에헤에 에헤야 어야 더야 어허야 / 어러험마 디여라 내 사랑아,24.0,267.26
KC_TM_MF_MY_S000157,서도,민속악,민요,서도민요,느리개타령,김민경,여창,Db / Bbm,굿거리,12/8,140.0,"감상적인(2), 명랑한(2), 생기 있는(2), 잔잔한(2), 경쾌한(1), 낭만적인(1), 다이내믹한(1), 서사적인(1), 신나는(1), 신명난(1), 애절한(1), 애정 어린(1), 에너지 넘치는(1), 우아한(1), 평온한(1), 해학적인(1), 활달한(1)","고운(1), 단단한(1), 담백한(1), 맑은(1), 매끄러운(1), 머금은 듯한(1), 밝은(1), 시원한(1), 역동적인(1), 울리는(1), 유연한(1), 진한(1), 청아한(1), 콧소리 나는(1)","느리개타령은 서도민요의 전통을 잘 담고 있는 민속악 곡으로, 은율지방에서 전승되어온 노동요의 일종이다. 이 곡은 여럿이 제창으로 시작해 독창자가 같은 가락으로 이어 부르는 구조를 가지고 있으며, 후렴과 4절로 구성된 유절형식으로 되어 있다. 굿거리장단에 맞추어 진행되며, 4장단이 모여 한 단락을 이룬다. 선율은 경기민요와 유사한 5음음계의 평조로 구성되어 있으며, 가락의 특징은 황해도 민요로 알려져 있지만 경기도의 소리와 유사한 점이 있다. 여창 가창자 김민경의 목소리는 이 곡의 흐름을 이끌어가는 중요한 요소로 작용한다. 그녀는 발성을 통해 곡의 구조를 명확히 드러내며, 시김새를 적절히 사용하여 전통적인 민요의 특성을 잘 살린다. 성량은 적절히 조절되며, 호흡 또한 안정적이어서 각 단락의 끝을 효과적으로 장식한다. 김민경은 굿거리의 리듬에 따라 유연하게 흐름을 타며, 각 구절의 템포를 자연스럽게 이어간다. 그녀의 호흡은 곡의 마무리에서 중요한 역할을 하며, 전체적인 장르적 완성도를 높이는 데 기여한다. 이러한 요소들이 결합되어 느리개타령은 전통적인 민요의 매력을 잘 전달하는 곡이 된다.","Neurigae Taryeong is a folk music piece that embodies the traditions of Seodo Minyo, representing a type of work song that has been passed down in the Eunyul region. This piece begins with a collective recitation and features a structure where a soloist continues the melody, composed in a strophic form with a refrain and four verses. It progresses in accordance with the Gutgeori Jangdan, with four beats forming a single section. The melody is structured in a pentatonic scale similar to Gyeonggi Minyo, and while the characteristics of the melody are known to be reminiscent of Hwanghaedo folk songs, there are also similarities to the sounds of Gyeonggi Province. The voice of female vocalist Kim Min-kyung serves as a crucial element guiding the flow of the piece. Through her vocalization, she clearly articulates the structure of the song and effectively employs stylistic nuances that highlight the characteristics of traditional folk music. Her vocal volume is appropriately controlled, and her breath is stable, effectively embellishing the ends of each section. Kim Min-kyung flows flexibly with the rhythm of the Gutgeori, seamlessly connecting the tempo of each phrase. Her breath plays an important role in the conclusion of the piece, contributing to the overall genre's completeness. These elements combine to make Neurigae Taryeong a piece that effectively conveys the charm of traditional folk music.","우물가 양버들 문채가 좋아서 보았나 물긷는 처녀의 몸매가 좋아서 보았지
닐닐닐닐 느리구 늘씬 느려라 얼싸 정좋다 여남은 댓발 느려라
갈까보다 갈이나 갈까보다 한양낭군 따라서 가리나 갈까보다
닐닐닐닐 느리구 늘씬 느려라 얼싸 정좋다 여남은 댓발 느려라
봄바람 실바람 겨드랑 밑으로 돌구요 건넌말 큰애기 내 품안에서 논다네
닐닐닐닐 느리구 늘씬 느려라 얼싸 정좋다 여남은 댓발 느려라
앞남산 뒷동산 개나리 진달화 피고요 앞뒷벌 큰애기 산나물 가자고 나섰나
닐닐닐닐 느리구 늘씬 느려라 얼싸 정좋다 여남은 댓발 느려라
우물가 양버들 문채가 좋아서 보았나 물긷는 처녀의 몸매가 좋아서 보았지
닐닐닐닐 느리구 늘씬 느려라 얼싸 정좋다 여남은 댓발 느려라
갈까보다 갈이나 갈까보다 한양낭군 따라서 가리나 갈까보다
닐닐닐닐 느리구 늘씬 느려라 얼싸 정좋다 여남은 댓발 느려라",우물가 양버들 문채가 좋아서 보았나 / 물긷는 처녀의 몸매가 좋아서 보았지 / 닐닐닐닐 느리구 늘씬 느려라 / 얼싸 정좋다 여남은 댓발 느려라 / 갈까보다 갈이나 갈까보다 / 한양낭군 따라서 가리나 갈까보다 / 닐닐닐닐 느리구 늘씬 느려라 / 얼싸 정좋다 여남은 댓발 느려라 / 봄바람 실바람 겨드랑 밑으로 돌구요 / 건넌말 큰애기 내 품안에서 논다네 / 닐닐닐닐 느리구 늘씬 느려라 / 얼싸 정좋다 여남은 댓발 느려라 / 앞남산 뒷동산 개나리 진달화 피고요 / 앞뒷벌 큰애기 산나물 가자고 나섰나 / 닐닐닐닐 느리구 늘씬 느려라 / 얼싸 정좋다 여남은 댓발 느려라 / 우물가 양버들 문채가 좋아서 보았나 / 물긷는 처녀의 몸매가 좋아서 보았지 / 닐닐닐닐 느리구 늘씬 느려라 / 얼싸 정좋다 여남은 댓발 느려라 / 갈까보다 갈이나 갈까보다 / 한양낭군 따라서 가리나 갈까보다 / 닐닐닐닐 느리구 늘씬 느려라 / 얼싸 정좋다 여남은 댓발 느려라,24.0,249.46
KC_TM_MF_MY_S000158,서도,민속악,민요,서도민요,삼동주타령,유지숙,여창,F / Dm,굿거리,12/8,140.0,"애절한(3), 다이내믹한(2), 생기 있는(2), 표현적인(2), 향수 어린(2), 그루브감 있는(1), 마음을 울리는(1), 신비로운(1), 쓸쓸한(1), 여유로운(1), 유려한(1), 편안한(1), 향토적인(1)","콧소리 나는(4), 시원한(2), 울리는(2), 가는(1), 걸쭉한(1), 묵직한(1), 밀도 있는(1), 비강 울림이 있는(1), 뻗어 나가는(1), 역동적인(1), 정제된(1), 직진의(1)","삼동주타령은 서도소리에 속하는 민요로, 봄의 생동감과 경쾌한 분위기를 담고 있는 곡이다. 이 곡은 굿거리풍의 장단으로 부르며, 따뜻한 봄날의 정취를 서도 특유의 창법으로 표현한 민속악의 중요한 예시로 자리잡고 있다. 여창 가창자 유지숙의 목소리는 이 곡의 매력을 한층 더 끌어올리며, 그녀의 콧소리 나는 음색은 서도민요의 전통적인 요소를 잘 살리고 있다. 유지숙은 멜로디를 부를 때, 고유의 발성 기법과 시김새를 활용하여 곡의 정서를 풍부하게 전달한다. 그녀의 성량은 곡의 흐름에 따라 유연하게 변화하며, 강약 조절이 뛰어나 청중에게 깊은 인상을 남긴다. 호흡 또한 곡의 리듬에 잘 맞춰져 있어, 긴 음을 끌거나 짧게 끊는 방식으로 굿거리 장단의 경쾌함을 효과적으로 표현한다. 이러한 호흡과 발성의 조화는 곡의 마무리에서도 돋보이며, 유지숙의 목소리는 리듬의 흐름을 타고 자연스럽게 이어지며 곡의 완성도를 높인다.","Samdongjutaryeong is a folk song belonging to the Seodo style, encapsulating the vibrancy and cheerful atmosphere of spring. This piece is performed in the Gukgeori style of Jangdan, serving as an important example of folk music that expresses the essence of a warm spring day through the unique vocal technique characteristic of Seodo. The voice of the female vocalist Yoo Ji-sook enhances the charm of this piece, and her nasal timbre effectively preserves the traditional elements of Seodo folk songs. When singing the melody, Yoo utilizes her distinctive vocal techniques and ornamentation to convey the song's emotions richly. Her vocal range flexibly adapts to the flow of the piece, exhibiting excellent control over dynamics that leaves a deep impression on the audience. Additionally, her breathing aligns well with the rhythm of the song, effectively expressing the liveliness of the Gukgeori Jangdan by either extending long notes or cutting them short. This harmony of breath and vocalization is particularly prominent in the conclusion of the piece, where Yoo's voice seamlessly follows the rhythmic flow, enhancing the overall completeness of the song.","닐닐닐닐 어리구절사 삼동주로다 이내 간장 어기어차 다 녹인다
우물가 양버들 문채가 좋아서 바라봤나 물긷는 처녀의 몸매가 좋아서 바라봤지
닐닐닐닐 어리구절사 삼동주로다 이내 간장 어기어차 다 녹인다
신작로 가녘에 에루화 봄바람 불고요 요내 가삼에 에루화 춘흥이 나누나
닐닐닐닐 어리구절사 삼동주로다 이내 간장 어기어차 다 녹인다
개나리 피고요 에루화 꽃바람 불면은 우리 두양주 봄맞이 들놀이 갈거나
닐닐닐닐 어리구절사 삼동주로다 이내 간장 어기어차 다 녹인다
봄바람 실바람 겨드랑 밑으로 돌구요 건너 말 큰애기 내 품 안에서 논다네
닐닐닐닐 어리구절사 삼동주로다 이내 간장 어기어차 다 녹인다
우물가 양버들 문채가 좋아서 바라봤나 물긷는 처녀의 몸매가 좋아서 바라봤지
닐닐닐닐 어리구절사 삼동주로다 이내 간장 어기어차 다 녹인다",닐닐닐닐 어리구절사 삼동주로다 이내 / 간장 어기어차 다 녹인다 / 우물가 양버들 문채가 좋아서 바라봤나 물긷는 / 처녀의 몸매가 좋아서 바라봤지 / 닐닐닐닐 어리구절사 삼동주로다 이내 / 간장 어기어차 다 녹인다 / 신작로 가녘에 에루화 봄바람 불고요 요내 / 가삼에 에루화 춘흥이 나누나 / 닐닐닐닐 어리구절사 삼동주로다 이내 / 간장 어기어차 다 녹인다 / 개나리 피고요 에루화 꽃바람 불면은 우리 / 두양주 봄맞이 들놀이 갈거나 / 닐닐닐닐 어리구절사 삼동주로다 이내 / 간장 어기어차 다 녹인다 / 봄바람 실바람 겨드랑 밑으로 돌구요 건너 / 말 큰애기 내 품 안에서 논다네 / 닐닐닐닐 어리구절사 삼동주로다 이내 / 간장 어기어차 다 녹인다 / 우물가 양버들 문채가 좋아서 바라봤나 물긷는 / 처녀의 몸매가 좋아서 바라봤지 / 닐닐닐닐 어리구절사 삼동주로다 이내 / 간장 어기어차 다 녹인다,22.0,227.62
KC_TM_MF_MY_S000159,서도,민속악,민요,서도민요,사설난봉가,유지숙,여창,F / Dm,자진모리,12/8,360.0,"경쾌한(2), 생기 있는(2), 신나는(2), 신명난(2), 애절한(2), 애정 어린(2), 유쾌한(2), 그루브감 있는(1), 그리운(1), 도취된(1), 열정적인(1), 표현적인(1), 행복한(1), 향토적인(1), 활달한(1), 희망찬(1)","단단한(3), 비강 울림이 있는(2), 콧소리 나는(2), 가는(1), 맑은(1), 매끄러운(1), 밝은(1), 시원한(1), 진한(1)","사설난봉가는 해학적이고 익살스러운 긴 사설을 담고 있는 서도민요로, 민속악의 한 장르인 민요에 속한다. 이 곡은 볶는타령장단에 맞춰 빠르게 엮어 부르는 특징이 있으며, 청중의 흥을 돋우기 위해 재담과 유머가 넘치는 가사가 돋보인다. 여창 가창자 유지숙의 목소리는 이 곡의 매력을 한층 더 돋보이게 한다. 그녀는 발성을 통해 곡의 경쾌한 리듬을 잘 살리며, 긴 사설을 빠르게 소화하는 능력을 보여준다. 유지숙은 시김새를 적절히 활용하여 민속적인 요소를 강조하며, 가사에 담긴 유머를 효과적으로 전달한다. 그녀의 성량은 곡의 전개에 맞춰 조절되며, 호흡 역시 안정적이고 균형 잡힌 흐름을 유지한다. 자진모리의 리듬 위에서 유지숙은 자연스럽게 곡의 흐름을 타며, 가창의 마지막 부분에서는 호흡을 통해 곡을 세련되게 마무리한다. 이러한 요소들이 결합되어 사설난봉가는 장르적 완성도를 높이며, 청중에게 깊은 인상을 남긴다.","Saseol Nanbongga is a humorous and playful long narrative song belonging to the genre of Seodo Minyo, which is a form of folk music. This piece is characterized by its rapid delivery in accordance with the Bokkneun Taryeong Jangdan, and its lyrics, filled with witty anecdotes and humor, stand out as a means to engage the audience. The voice of the female vocalist Yoo Ji-sook enhances the charm of the piece, as she effectively captures the lively rhythm through her vocalization and demonstrates her ability to swiftly navigate the lengthy narrative. Yoo Ji-sook appropriately employs vocal embellishments to emphasize the folk elements, while also conveying the humor embedded in the lyrics. Her vocal volume is adjusted in accordance with the progression of the piece, and her breath control maintains a stable and balanced flow. Riding the rhythm of Jajinmori, Yoo Ji-sook seamlessly follows the flow of the song, and in the final section of her performance, she elegantly concludes the piece through her breath. These elements combine to elevate the artistic completeness of Saseol Nanbongga, leaving a profound impression on the audience.","에헤
나를 버리고 가시는 님은 십리도 못가서 발병이 난다
나를 버리고 가시는 님은 십리도 못가서 발병이 나고
이십리 못가서 불한당 만나고 삼십리 못가서 되돌아 오누나
에헤어야 어야 더야 내사랑아 에헤
왜 생겼나 왜 생겼나 요다지 곱게도 왜 생겼나
왜 생겼나 왜 생겼나 요다지 곱게도 왜 생겼나
무쇠 풍구 돌 풍구 사람의 간장을 다 녹여 내누나
에헤어야 어야 더야 내사랑아 에헤
앞집 체네가 시집을 가는데 뒷집의 총각은 목 매러 간다
앞집 체네가 시집을 가는데 뒷집의 총각은 목 매러 간다
사람 죽는건 아깝지 않으나 새끼 서발이 또 난봉 나누나
에헤어야 어야 더야 내사랑아 에헤
달도 밝소 별도 밝아 월명사창에 저달이 밝아
달도 밝소 별도 밝소 월명사창에 저달이 밝아
체네 총각이 단둘이 만나 죽을동 살동 살동 죽을동 아무도 모르게 막 놀아나누나
에헤어야 어야 더야 내사랑아 에헤
물길러 간다고 강짜를 말고 부뚜막 위에다가 우물을 파렴
물길러 간다고 강짜를 말고 부뚜막 위에다가 우물을 파려마
에헤어야 어야 더야 내사랑아 에헤
나를 버리고 가시는 님은 십리도 못가서 발병이 난다
나를 버리고 가시는 님은 십리도 못가서 발병이 나고
이십리 못가서 불한당 만나고 삼십리 못가서 되돌아 오누나
에헤어야 어야 더야 내사랑아 에헤
왜 생겼나 왜 생겼나 요다지 곱게도 왜 생겼나
왜 생겼나 왜 생겼나 요다지 곱게도 왜 생겼나
무쇠 풍구 돌 풍구 사람의 간장을 다 녹여 내누나
에헤어야 어야 더야 내사랑아 에헤
앞집 체네가 시집을 가는데 뒷집의 총각은 목 매러 간다
앞집 체네가 시집을 가는데 뒷집의 총각은 목 매러 간다
사람 죽는건 아깝지 않으나 새끼 서발이 또 난봉 나누나
에헤어야 어야 더야 내사랑아",에헤 나를 버리고 가시는 님은 십리도 못가서 발병이 난다 / 나를 버리고 가시는 님은 십리도 못가서 발병이 나고 이십리 못가서 불한당 만나고 삼십리 못가서 되돌아 오누나 / 에헤어야 어야 더야 내사랑아 에헤 / 왜 생겼나 왜 생겼나 요다지 곱게도 왜 생겼나 / 왜 생겼나 왜 생겼나 요다지 곱게도 왜 생겼나 무쇠 풍구 돌 풍구 사람의 간장을 다 녹여 내누나 / 에헤어야 어야 더야 내사랑아 에헤 / 앞집 체네가 시집을 가는데 뒷집의 총각은 목 매러 간다 / 앞집 체네가 시집을 가는데 뒷집의 총각은 목 매러 간다 사람 죽는건 아깝지 않으나 새끼 서발이 또 난봉 나누나 / 에헤어야 어야 더야 내사랑아 에헤 / 달도 밝소 별도 밝아 월명사창에 저달이 밝아 / 달도 밝소 별도 밝소 월명사창에 저달이 밝아 체네 총각이 단둘이 만나 죽을동 살동 살동 죽을동 아무도 모르게 막 놀아나누나 / 에헤어야 어야 더야 내사랑아 에헤 / 물길러 간다고 강짜를 말고 부뚜막 위에다가 우물을 파렴 / 물길러 간다고 강짜를 말고 부뚜막 위에다가 우물을 파려마 에헤어야 어야 더야 내사랑아 / 에헤 나를 버리고 가시는 님은 십리도 못가서 발병이 난다 / 나를 버리고 가시는 님은 십리도 못가서 발병이 나고 이십리 못가서 불한당 만나고 삼십리 못가서 되돌아 오누나 / 에헤어야 어야 더야 내사랑아 에헤 / 왜 생겼나 왜 생겼나 요다지 곱게도 왜 생겼나 / 왜 생겼나 왜 생겼나 요다지 곱게도 왜 생겼나 무쇠 풍구 돌 풍구 사람의 간장을 다 녹여 내누나 / 에헤어야 어야 더야 내사랑아 에헤 / 앞집 체네가 시집을 가는데 뒷집의 총각은 목 매러 간다 / 앞집 체네가 시집을 가는데 뒷집의 총각은 목 매러 간다 사람 죽는건 아깝지 않으나 새끼 서발이 또 난봉 나누나 / 에헤어야 어야 더야 내사랑아,23.0,210.02
KC_TM_MF_MY_S000160,서도,민속악,민요,서도민요,간장타령,김민경,여창,Eb / Cm,"세마치풍,중모리",9/8,240.0,"진지한(3), 마음을 울리는(2), 향토적인(2), 감상적인(1), 강한(1), 경쾌한(1), 긴장된(1), 낭만적인(1), 다정한(1), 드라마틱한(1), 명랑한(1), 불안한(1), 서사적인(1), 시적인(1), 아정한(1), 애절한(1), 애정 어린(1), 엄숙한(1), 여유로운(1), 우울감 있는(1), 침울한(1)","콧소리 나는(3), 머금은 듯한(2), 밀도 있는(2), 울리는(2), 유연한(2), 걸쭉한(1), 공명감 있는(1), 단단한(1), 담백한(1), 매끄러운(1), 묵직한(1), 비강 울림이 있는(1), 뻗어 나가는(1), 섬세한(1), 안쪽에서 울리는(1), 직진의(1)","간장타령은 사람의 간장과 먹는 간장을 언어유희적으로 대비시킨 신민요로, 서도민요의 특성이 잘 드러나는 민속악의 한 예이다. 이 곡은 애절한 사랑을 주제로 하면서도 해학적인 가사를 통해 슬픔을 웃음으로 승화시키는 특징을 가지고 있다. 여창 가창자 김민경의 목소리는 이 곡의 감정을 이끌어가는 중요한 요소로, 그녀는 서도 창법을 통해 독특한 발성과 시김새를 구사한다. 김민경은 고음과 저음을 자유롭게 오가며 멜로디를 표현하고, 각 음절에 적절한 강조를 주어 곡의 흐름을 자연스럽게 이어간다. 그녀의 성량은 곡의 전개에 따라 조절되며, 호흡은 적절한 시점에서 이루어져 긴장감과 여유를 동시에 전달한다. 이 곡의 기반이 되는 세마치풍과 중모리의 리듬 위에서 김민경은 리드미컬하게 흐름을 타며, 그녀의 호흡은 곡의 마무리를 부드럽게 장식하고 장르적 완성도를 높인다. 이러한 요소들이 결합되어 간장타령은 서도민요의 매력을 잘 드러내는 곡으로 완성된다.","Ganjang Taryeong is a new folk song that playfully contrasts the human liver with soy sauce, exemplifying the characteristics of Seodo minyo. This piece, centered on the theme of poignant love, possesses the unique ability to transform sorrow into laughter through its humorous lyrics. The voice of the female vocalist Kim Min-kyung serves as a crucial element in conveying the emotions of the song, as she employs the Seodo singing style to execute distinctive vocal techniques and embellishments. Kim Min-kyung navigates freely between high and low notes to express the melody, providing appropriate emphasis on each syllable to ensure a natural flow throughout the piece. Her vocal volume is adjusted according to the progression of the song, and her breath control occurs at suitable moments, simultaneously conveying tension and ease. Riding on the rhythms of semachi-pung and jungmori, Kim Min-kyung flows rhythmically, and her breath gracefully embellishes the conclusion of the piece, enhancing its genre-specific completeness. These elements combine to make Ganjang Taryeong a well-crafted representation of the charm of Seodo minyo.","약장수는 경회나 장인데 사람의 간장만 다 녹여 낸다
에에헤 에헤야 어럼마 둥둥 내 사랑아
콩타작 밥타작 다할지라도 유정님 반타작은 나는 못하것다
에에헤 에헤야 어럼마 둥둥 내 사랑아
간장의 열독은 다 퍼낼지라도 사람의 간장만 건네지를 마라
에에헤 에헤야 어럼마 둥둥 내 사랑아
이부용 저부용 쌍부용 살드라도 사람의 간장만 건네지 마라
에에헤 에헤야 어럼마 둥둥 내 사랑아
도토리 껍데기 싹말아 먹어도 유정님 없으며는 나는 못살겄다
에에헤 에헤야 어럼마 둥둥 내 사랑아
약장수는 경회나 장인데 사람의 간장만 다 녹여 낸다
에에헤 에헤야 어럼마 둥둥 내 사랑아
콩타작 밥타작 다할지라도 유정님 반타작은 나는 못하것다
에에헤 에헤야 어럼마 둥둥 내 사랑아",약장수는 경회나 장인데 / 사람의 간장만 다 녹여 낸다 / 에에헤 에헤야 어럼마 둥둥 내 사랑아 / 콩타작 밥타작 다할지라도 / 유정님 반타작은 나는 못하것다 / 에에헤 에헤야 어럼마 둥둥 내 사랑아 / 간장의 열독은 다 퍼낼지라도 / 사람의 간장만 건네지를 마라 / 에에헤 에헤야 어럼마 둥둥 내 사랑아 / 이부용 저부용 쌍부용 살드라도 / 사람의 간장만 건네지 마라 / 에에헤 에헤야 어럼마 둥둥 내 사랑아 / 도토리 껍데기 싹말아 먹어도 / 유정님 없으며는 나는 못살겄다 / 에에헤 에헤야 어럼마 둥둥 내 사랑아 / 약장수는 경회나 장인데 / 사람의 간장만 다 녹여 낸다 / 에에헤 에헤야 어럼마 둥둥 내 사랑아 / 콩타작 밥타작 다할지라도 / 유정님 반타작은 나는 못하것다 / 에에헤 에헤야 어럼마 둥둥 내 사랑아,21.0,223.54
KC_TM_MF_MY_S000161,서도,민속악,민요,서도민요,날찾네,장효선,여창,B / Abm,"세마치풍,중모리",9/8,200.0,"아정한(2), 애절한(2), 진심 어린(2), 감상적인(1), 그리운(1), 다이내믹한(1), 도취된(1), 생기 있는(1), 쓸쓸한(1), 에너지 넘치는(1), 유려한(1), 잔잔한(1), 진지한(1), 차분한(1), 표현적인(1), 향수 어린(1), 활기찬(1)","뻗어 나가는(2), 시원한(2), 가는(1), 담백한(1), 맑은(1), 매끄러운(1), 선명한(1), 울리는(1), 정제된(1), 청아한(1), 콧소리 나는(1), 화사한(1)","'날찾네'는 서도잡가로 전승되는 민속악의 일환으로, 황해도 지역의 전통 음악 장르인 서도민요의 특징을 잘 드러내는 곡이다. 이 곡은 전통적인 민요의 형태를 유지하면서도 그 안에 서도잡가의 독특한 요소들을 포함하고 있어, 지역적 정체성을 강하게 반영한다. 여창 가창자 장효선의 목소리는 이 곡을 이끌어가는 중요한 요소로, 그녀의 창법은 풍부한 시김새와 함께 선율을 자연스럽게 표현한다. 장효선은 발성에서 뚜렷한 음의 구분을 통해 멜로디를 명확히 전달하며, 각 음절의 발음이 곡의 흐름에 따라 유기적으로 연결되어 있다. 그녀의 호흡은 긴 구절을 소화하는 데 있어 안정감을 주며, 중모리와 세마치풍의 리듬에 맞춰 유연하게 변화한다. 이러한 리듬적 요소 위에서 장효선의 목소리는 곡의 전체적인 구조를 더욱 풍부하게 만들어주며, 그녀의 호흡은 곡의 마무리를 장식하는 데 중요한 역할을 한다. 이를 통해 전통적인 서도민요의 매력을 강조하며, 장르적 완성도를 높이는 데 기여한다.","‘Nalchane’ is a piece of folk music transmitted as a Seodo Japga, which distinctly showcases the characteristics of Seodo Minyo, a traditional music genre from the Hwanghae Province. This piece maintains the traditional form of folk songs while incorporating unique elements of Seodo Japga, strongly reflecting regional identity. The voice of the female vocalist Jang Hyo-seon is a crucial element that drives the piece, as her singing style naturally expresses the melody with rich embellishments. Jang Hyo-seon clearly conveys the melody through distinct tonal differentiation in her vocalization, with the pronunciation of each syllable organically connected to the flow of the piece. Her breath provides stability in navigating long phrases, flexibly adapting to the rhythms of Jungmori and Semachi. Over these rhythmic elements, Jang Hyo-seon’s voice enriches the overall structure of the piece, and her breath plays an important role in embellishing the conclusion of the song. This emphasizes the charm of traditional Seodo Minyo and contributes to the genre's overall completeness.","날 찾네 날 찾네 그 누구가 나를 찾나
날 찾을 이 없건마는 그 누구가 나를 찾나
상산사호 네 노인이 바둑을 두자고 나를 찾나
날 찾을 이 없건마는 그 누구가 나를 찾나
술 잘먹는 유령 선생이 술을 먹자고 나를 찾나
날 찾을 이 없건마는 그 누구가 나를 찾나
천태산 마고 선녀가 약채를 캐자고 나를 찾나
날 찾을 이 없건마는 그 누구가 나를 찾나
날 찾네 날 찾네 그 누구가 나를 찾나
날 찾을 이 없건마는 그 누구가 나를 찾나
상산사호 네 노인이 바둑을 두자고 나를 찾나
날 찾을 이 없건마는 그 누구가 나를 찾나",날 찾네 날 찾네 / 그 누구가 나를 찾나 / 날 찾을 이 없건마는 / 그 누구가 나를 찾나 / 상산사호 네 노인이 / 바둑을 두자고 나를 찾나 / 날 찾을 이 없건마는 / 그 누구가 나를 찾나 / 술 잘먹는 유령 선생이 / 술을 먹자고 나를 찾나 / 날 찾을 이 없건마는 / 그 누구가 나를 찾나 / 천태산 마고 선녀가 / 약채를 캐자고 나를 찾나 / 날 찾을 이 없건마는 / 그 누구가 나를 찾나 / 날 찾네 날 찾네 / 그 누구가 나를 찾나 / 날 찾을 이 없건마는 / 그 누구가 나를 찾나 / 상산사호 네 노인이 / 바둑을 두자고 나를 찾나 / 날 찾을 이 없건마는 / 그 누구가 나를 찾나,24.0,260.14
KC_TM_MF_MY_S000162,서도,민속악,민요,서도민요,긴난봉가,유지숙,여창,Ab / Fm,중모리,9/8,240.0,"그리운(2), 쓸쓸한(2), 여유로운(2), 표현적인(2), 낭만적인(1), 마음을 울리는(1), 생기 있는(1), 슬픈(1), 애절한(1), 우아한(1), 우울감 있는(1), 잔잔한(1), 진지한(1), 차분한(1), 향토적인(1)","머금은 듯한(2), 비강 울림이 있는(2), 섬세한(2), 콧소리 나는(2), 가는(1), 단단한(1), 여린(1), 울리는(1), 유연한(1)","긴난봉가는 황해도 지방에서 유래한 서도민요로, 조선 후기부터 널리 불린 민속악의 일종이다. 이 곡은 수심가토리로 구성되어 있으며, 11절과 후렴이 반복되는 유절 형식을 지니고 있어 서도민요의 특징을 잘 드러낸다. 여창 가창자 유지숙의 목소리는 이 곡의 정수를 이끌어내며, 그녀의 발성은 전통적인 창법에 충실하게 이루어진다. 유지숙은 음을 길게 끌며 멜로디를 유연하게 표현하고, 시김새를 적절히 사용하여 곡의 감정을 전달한다. 그녀의 성량은 안정적이며, 호흡은 곡의 흐름을 자연스럽게 이어주어 중모리 장단에 맞춰 리듬을 타며 곡을 전개한다. 유지숙의 호흡은 곡의 마무리를 장식하며, 전통 민요의 완성도를 높이는 데 기여한다. 이러한 요소들이 결합되어 긴난봉가는 서도민요의 매력을 잘 드러내는 곡으로 자리 잡는다.","Ginnanbongga is a type of Seodo minyo that originated in the Hwanghae Province and has been widely sung since the late Joseon period. This piece is structured in suhimgatari and features a repetitive verse form with 11 verses and a refrain, effectively showcasing the characteristics of Seodo minyo. The voice of the female vocalist Yoo Ji-sook brings out the essence of this piece, and her vocalization adheres faithfully to traditional singing techniques. Yoo Ji-sook extends the notes while expressing the melody with flexibility, and she appropriately employs embellishments to convey the emotions of the song. Her vocal power is stable, and her breath seamlessly connects the flow of the piece, allowing it to unfold rhythmically in accordance with the Jungmori jangdan. Yoo Ji-sook's breath adorns the conclusion of the piece, contributing to the overall completeness of the traditional folk song. These elements combine to establish Ginnanbongga as a piece that well represents the charm of Seodo minyo.","아하아 에헤야 에에헤 어허야 어럼마 둥둥 내 사랑아
정방산성 초목이 무성헌데 밤에나 울 닭이 대낮에 운다
에헤 에헤야 어럼마 둥둥 내 사랑아
오금이 오실오실 춤고 골머리 사지통 나는건 님자로 연하여 난 병이로다
에헤 에헤야 어럼마 둥둥 내 사랑아
만경창파에 거기 둥둥 뜬 배야 게 잠깐 닻 주어라 말 물어보자
에헤 에헤야 어럼마 둥둥 내 사랑아
슬슬 동풍에 궂은 비 슬슬 내리고 시화나 연풍에 님 섞여 노자
에헤 에헤야 어럼마 둥둥 내 사랑아",아하아 / 에헤야 에에헤 어허야 / 어럼마 둥둥 / 내 사랑아 / 정방산성 / 초목이 무성헌데 / 밤에나 울 닭이 / 대낮에 운다 / 에헤 에헤야 / 어럼마 둥둥 / 내 사랑아 / 오금이 오실오실 춤고 / 골머리 사지통 나는건 / 님자로 연하여 / 난 병이로다 / 에헤 에헤야 / 어럼마 둥둥 / 내 사랑아 / 만경창파에 / 거기 둥둥 뜬 배야 / 게 잠깐 닻 주어라 / 말 물어보자 / 에헤 에헤야 / 어럼마 둥둥 / 내 사랑아 / 슬슬 동풍에 / 궂은 비 슬슬 내리고 / 시화나 연풍에 / 님 섞여 노자 / 에헤 에헤야 / 어럼마 둥둥 / 내 사랑아,32.0,290.28
KC_TM_MF_MY_S000163,서도,민속악,민요,서도민요,싸름타령,장효선,여창,B / Abm,중모리,9/8,200.0,"생기 있는(2), 쓸쓸한(2), 편안한(2), 표현적인(2), 향토적인(2), 강한(1), 경쾌한(1), 사색적인(1), 애절한(1), 애정 어린(1), 어두운(1), 유려한(1), 유쾌한(1), 잔잔한(1), 절제된(1), 진지한(1)","밀도 있는(2), 울리는(2), 유연한(2), 걸쭉한(1), 고운(1), 비강 울림이 있는(1), 선명한(1), 섬세한(1), 쇳소리 나는(1), 역동적인(1)","싸름타령은 황해도 민요의 한 형태로, '쓰르라미'의 방언인 싸름에서 유래한 곡이다. 이 곡은 서도민요의 특징을 잘 드러내며, 고향에 대한 그리움과 처량한 정서를 담고 있다. 구슬픈 선율이 곡 전반에 흐르며, 듣는 이의 마음을 울리는 서정적인 민속악의 매력을 지닌다. 여창 가창자 장효선의 목소리는 이 곡의 중심을 이루며, 그녀의 발성은 안정적이고 명확하게 멜로디를 전달한다. 장효선은 시김새를 적절히 사용하여 전통적인 창법을 유지하면서도 곡의 감정을 표현하는 데 집중한다. 그녀의 성량은 곡의 흐름에 따라 적절히 조절되며, 호흡은 자연스럽게 이어져 리듬에 잘 맞아떨어진다. 중모리의 리듬 위에서 가창자는 곡의 흐름을 타며, 그녀의 호흡은 각 구절의 마무리를 부드럽게 장식하여 곡의 완성도를 높인다. 이러한 요소들이 결합되어 싸름타령은 전통 민요의 아름다움을 잘 전달하는 곡이 된다.","Ssalum Taryeong is a form of folk song from Hwanghae Province, derived from the dialect term 'ssalum,' which refers to the 'cricket.' This piece effectively showcases the characteristics of Seodo Minyo, encapsulating a sense of longing for one's hometown and a poignant emotional depth. The mournful melody flows throughout the composition, possessing the charm of lyrical folk music that resonates with the listener's heart. The voice of the female vocalist Jang Hyo-seon forms the centerpiece of this piece, with her vocal delivery conveying the melody in a stable and clear manner. Jang Hyo-seon skillfully employs traditional ornamentation while focusing on expressing the emotions of the song. Her vocal volume is adjusted appropriately according to the flow of the piece, and her breath is seamlessly integrated, aligning well with the rhythm. Over the rhythm of Jungmori, the vocalist rides the flow of the song, with her breath elegantly embellishing the endings of each phrase, enhancing the overall quality of the piece. These elements combine to make Ssalum Taryeong a song that beautifully conveys the essence of traditional folk music.","싸름싸름 느티나무 정자 돗자리나도 깔구서 술추념이나 하자
싸름싸름 너도나도 살살 다 녹여낸다
산천초목은 우거진 곳에 싸름우는 소리가 처량도 하다
싸름싸름 너도나도 살살 다 녹여낸다
싸름싸름 싸름 우는소리 아니나던 고향생각이 저절로난다
싸름싸름 너도나도 살살 다 녹여낸다
싸름싸름 내가 왜 우느냐 육칠월이 다 가니 슬퍼서 우나
싸름싸름 너도나도 살살 다 녹여낸다
싸름싸름 네가 우지 말아 싸름 우는 소리에 마음 산란하다
싸름싸름 너도나도 살살 다 녹여낸다",싸름싸름 느티나무 정자 돗자리나도 깔구서 술추념이나 하자 / 싸름싸름 너도나도 살살 다 녹여낸다 / 산천초목은 우거진 곳에 싸름우는 소리가 처량도 하다 / 싸름싸름 너도나도 살살 다 녹여낸다 / 싸름싸름 싸름 우는소리 아니나던 고향생각이 저절로난다 / 싸름싸름 너도나도 살살 다 녹여낸다 / 싸름싸름 내가 왜 우느냐 육칠월이 다 가니 슬퍼서 우나 / 싸름싸름 너도나도 살살 다 녹여낸다 / 싸름싸름 네가 우지 말아 싸름 우는 소리에 마음 산란하다 / 싸름싸름 너도나도 살살 다 녹여낸다,10.0,216.94
KC_TM_MF_MY_S000164,서도,민속악,민요,서도민요,"호미타령, 자진호미타령",장효선,여창,F / Dm,"세마치풍,중모리",9/8,220.0,"서사적인(2), 표현적인(2), 가볍고 신비로운(1), 기품 있는(1), 긴장된(1), 다이내믹한(1), 드라마틱한(1), 마음을 울리는(1), 명랑한(1), 부드러운(1), 사색적인(1), 쓸쓸한(1), 애절한(1), 여유로운(1), 우울감 있는(1), 평온한(1), 희망찬(1)","단단한(2), 머금은 듯한(2), 걸쭉한(1), 묵직한(1), 밀도 있는(1), 비강 울림이 있는(1), 쇳소리 나는(1), 역동적인(1), 울리는(1), 유연한(1), 콧소리 나는(1)","호미타령은 평안도 지방에서 김을 맬 때 부르던 농업 노동요로, 민속악의 한 갈래인 서도민요에 속한다. 이 곡은 느리게 시작하여 점차 빨라지는 장단 구성으로 일의 능률을 돋우며, 여러 사람이 함께 부르며 협동심을 다지는 역할을 한다. 여창 가창자 장효선의 목소리는 이 곡의 흐름을 이끌어가는 중요한 요소로 작용한다. 그녀는 발성을 통해 곡의 전반적인 구조를 잘 표현하며, 시김새를 적절히 사용하여 민속적인 감성을 강조한다. 장효선의 성량은 곡의 진행에 따라 조절되며, 힘찬 부분에서는 강한 발음으로 리듬을 타고, 부드러운 부분에서는 섬세한 호흡을 통해 멜로디를 부드럽게 이어간다. 이러한 창법은 농업 노동요의 특성을 잘 반영하며, 듣는 이로 하여금 자연스럽게 곡의 흐름에 따라 감정적으로 동화되도록 만든다. 세마치풍과 중모리의 리듬 위에서 그녀는 각 장단의 변화에 맞춰 유연하게 호흡을 조절하며, 곡의 마무리 부분에서는 호흡을 통해 자연스럽게 여운을 남긴다. 이러한 방식은 장르적 완성도를 높이며, 농업 노동요로서의 본래의 기능을 잘 살리고 있다.","Homitaeryeong is an agricultural work song traditionally sung in the Pyongan Province during the harvesting of rice, and it belongs to the genre of folk music known as Seodominyo. This piece begins slowly and gradually accelerates in its rhythmic structure, enhancing the efficiency of labor while fostering a sense of cooperation among the singers. The voice of the female vocalist Jang Hyo-seon serves as a crucial element guiding the flow of the piece. Through her vocalization, she effectively expresses the overall structure of the song and emphasizes its folk sentiment by appropriately utilizing vocal ornamentation. Jang Hyo-seon's vocal range is adjusted according to the progression of the piece; during the vigorous sections, she delivers strong enunciation that drives the rhythm, while in the softer passages, she employs delicate breath control to smoothly carry the melody. This singing technique reflects the characteristics of agricultural work songs, allowing listeners to emotionally immerse themselves in the flow of the music. Over the rhythms of semachi and jungmori, she flexibly adjusts her breath in accordance with the changes in each rhythmic pattern, and in the concluding section of the piece, she leaves a lingering resonance through her breath. This approach enhances the genre's overall completeness while effectively preserving the original function of the agricultural work song.","헤야 헤야 헤헤 호호호 호무로다
한일자로 늘어세서 한결같이 김을 매자
헤야 헤야 헤헤 호호호 호무로다
늙은 부모 잘 모시고 어린 권속 잘 기르자
헤야 헤야 헤헤 호호호 호무로다
한일자로 늘어세서 한결같이 김을 매자
헤야 헤야 헤헤 호호호 호무로다
늙은 부모 잘 모시고 어린 권속 잘 기르자
헤야 헤야 헤헤 호호호 호무로다",헤야 헤야 / 헤헤 호호호 호무로다 / 한일자로 늘어세서 / 한결같이 김을 매자 / 헤야 헤야 / 헤헤 호호호 호무로다 / 늙은 부모 잘 모시고 / 어린 권속 잘 기르자 / 헤야 헤야 / 헤헤 호호호 호무로다 / 한일자로 늘어세서 / 한결같이 김을 매자 / 헤야 헤야 / 헤헤 호호호 호무로다 / 늙은 부모 잘 모시고 / 어린 권속 잘 기르자 / 헤야 헤야 / 헤헤 호호호 호무로다,18.0,226.68
KC_TM_MF_MY_S000165,서도,민속악,민요,서도민요,굼베타령,장효선,여창,C / Am,자진모리,12/8,280.0,"경쾌한(3), 해학적인(3), 희망적인(3), 생기 있는(2), 신나는(2), 여유로운(2), 활기찬(2), 다이내믹한(1), 명랑한(1), 에너지 넘치는(1), 유려한(1), 유쾌한(1), 즐거운(1), 평화로운(1)","담백한(2), 밝은(2), 역동적인(2), 유연한(2), 단단한(1), 선명한(1), 시원한(1), 안쪽에서 울리는(1), 진한(1), 콧소리 나는(1)","굼배타령은 황해도와 평안도에서 불리던 서도 토속민요로, 즉흥적인 사설과 신명 나는 가락이 특징인 민속악 > 민요 곡이다. 이 곡은 '굼배'라는 의미 없는 후렴구를 포함하여, 자유롭고 흥겨운 민중의 정서를 담고 있다. 여창 가창자 장효선의 목소리는 이 곡의 흐름을 이끌어가며, 그녀의 발성은 전통적인 민요의 맥락에서 중요한 역할을 한다. 장효선은 뚜렷한 발음과 함께 다양한 시김새를 사용하여 멜로디를 풍부하게 표현하며, 곡의 즉흥적인 요소를 잘 살린다. 그녀의 성량은 곡의 리듬을 타고 유연하게 흐르며, 호흡 조절이 뛰어나 긴 구절도 안정적으로 소화한다. 이러한 창법은 서도민요의 전통적인 요소를 잘 나타내며, 장효선의 목소리는 곡의 구조적 특징을 강조한다. 자진모리의 리듬 위에서 가창자는 경쾌하게 흐름을 타며, 그녀의 호흡은 곡의 마무리를 장식하는 데 중요한 역할을 한다. 장효선은 곡의 전개에 따라 호흡을 적절히 조절하며, 이를 통해 곡의 완성도를 높인다.","Gumbae Taryeong is a folk song from the western regions of Hwanghae-do and Pyongan-do, characterized by its improvisational lyrics and lively melodies, making it a representative piece of folk music. This song includes the nonsensical refrain ""gumbae,"" embodying the free-spirited and joyful sentiments of the people. The voice of the female vocalist Jang Hyo-seon leads the flow of the piece, with her vocalization playing a crucial role within the context of traditional folk songs. Jang Hyo-seon enriches the melody through her clear pronunciation and the use of various vocal embellishments, effectively highlighting the song's improvisational elements. Her vocal range flows flexibly with the rhythm of the piece, and her excellent breath control enables her to deliver long phrases with stability. This singing style aptly reflects the traditional elements of western folk songs, while Jang Hyo-seon's voice emphasizes the structural characteristics of the composition. Riding on the rhythm of Jajinmori, the vocalist navigates the flow with a lively spirit, and her breath plays an important role in embellishing the conclusion of the piece. Jang Hyo-seon adjusts her breathing appropriately according to the development of the song, thereby enhancing its overall completeness.","굼베야 굼베야 굼베나 칭칭 쾡쿰베
저낙을 먹구서 썩나세니 게묻은 손으로 날 오랜다
굼베야 굼베야 굼베나 칭칭 쾡쿰베
네가 나 잘났다 자랑을 말고 못난 사람에 괄세를 말어라
굼베야 굼베야 굼베나 칭칭 쾡쿰베
오마니 왔다가 늙어져 가갔오 올베쌀 송편이나 해먹고 가려마
굼베야 굼베야 굼베나 칭칭 쾡쿰베
올베쌀 송편은 네 고만 두고 웃사람에게 한대빡 주려마
굼베야 굼베야 굼베나 칭칭 쾡쿰베
아서라 말아라 네 그리 마라 사람의 괄세를 네 그리 말아라
굼베야 굼베야 굼베나 칭칭 쾡쿰베
저낙을 먹구서 썩나세니 게묻은 손으로 날 오랜다
굼베야 굼베야 굼베나 칭칭 쾡쿰베
네가 나 잘났다 자랑을 말고 못난 사람에 괄세를 말어라
굼베야 굼베야 굼베나 칭칭 쾡쿰베
오마니 왔다가 늙어져 가갔오 올베쌀 송편이나 해먹고 가려마
굼베야 굼베야 굼베나 칭칭 쾡쿰베
올베쌀 송편은 네 고만 두고 웃사람에게 한대빡 주려마
굼베야 굼베야 굼베나 칭칭 쾡쿰베
아서라 말아라 네 그리 마라 사람의 괄세를 네 그리 말아라
굼베야 굼베야 굼베나 칭칭 쾡쿰베
저낙을 먹구서 썩나세니 게묻은 손으로 날 오랜다
굼베야 굼베야 굼베나 칭칭 쾡쿰베
네가 나 잘났다 자랑을 말고 못난 사람에 괄세를 말어라
굼베야 굼베야 굼베나 칭칭 쾡쿰베
오마니 왔다가 늙어져 가갔오 올베쌀 송편이나 해먹고 가려마
굼베야 굼베야 굼베나 칭칭 쾡쿰베
올베쌀 송편은 네 고만 두고 웃사람에게 한대빡 주려마
굼베야 굼베야 굼베나 칭칭 쾡쿰베
아서라 말아라 네 그리 마라 사람의 괄세를 네 그리 말아라
굼베야 굼베야 굼베나 칭칭 쾡쿰베
저낙을 먹구서 썩나세니 게묻은 손으로 날 오랜다
굼베야 굼베야 굼베나 칭칭 쾡쿰베
네가 나 잘났다 자랑을 말고 못난 사람을 괄세를 말어라
굼베야 굼베야 굼베나 칭칭 쾡쿰베
오마니 왔다가 늙어져 가갔오 올베쌀 송편이나 해먹고 가려마
굼베야 굼베야 굼베나 칭칭 쾡쿰베
올베쌀 송편은 네 고만 두고 웃사람에게 한대빡 주려마
굼베야 굼베야 굼베나 칭칭 쾡쿰베
아서라 말아라 네 그리 마라 사람의 괄세를 네 그리 말아라
굼베야 굼베야 굼베나 칭칭 쾡쿰베",굼베야 굼베야 굼베나 칭칭 쾡쿰베 / 저낙을 먹구서 썩나세니 게묻은 손으로 날 오랜다 굼베야 굼베야 굼베나 칭칭 쾡쿰베 / 네가 나 잘났다 자랑을 말고 못난 사람에 괄세를 말어라 굼베야 굼베야 굼베나 칭칭 쾡쿰베 / 오마니 왔다가 늙어져 가갔오 올베쌀 송편이나 해먹고 가려마 굼베야 굼베야 굼베나 칭칭 쾡쿰베 / 올베쌀 송편은 네 고만 두고 웃사람에게 한대빡 주려마 굼베야 굼베야 굼베나 칭칭 쾡쿰베 / 아서라 말아라 네 그리 마라 사람의 괄세를 네 그리 말아라 굼베야 굼베야 굼베나 칭칭 쾡쿰베 / 저낙을 먹구서 썩나세니 게묻은 손으로 날 오랜다 굼베야 굼베야 굼베나 칭칭 쾡쿰베 / 네가 나 잘났다 자랑을 말고 못난 사람을 괄세를 말어라 굼베야 굼베야 굼베나 칭칭 쾡쿰베 / 오마니 왔다가 늙어져 가갔오 올베쌀 송편이나 해먹고 가려마 굼베야 굼베야 굼베나 칭칭 쾡쿰베 / 올베쌀 송편은 네 고만 두고 웃사람에게 한대빡 주려마 굼베야 굼베야 굼베나 칭칭 쾡쿰베 / 아서라 말아라 네 그리 마라 사람의 괄세를 네 그리 말아라 굼베야 굼베야 굼베나 칭칭 쾡쿰베 / 저낙을 먹구서 썩나세니 게묻은 손으로 날 오랜다 굼베야 굼베야 굼베나 칭칭 쾡쿰베 / 네가 나 잘났다 자랑을 말고 못난 사람에 괄세를 말어라 굼베야 굼베야 굼베나 칭칭 쾡쿰베 / 오마니 왔다가 늙어져 가갔오 올베쌀 송편이나 해먹고 가려마 굼베야 굼베야 굼베나 칭칭 쾡쿰베 / 올베쌀 송편은 네 고만 두고 웃사람에게 한대빡 주려마 굼베야 굼베야 굼베나 칭칭 쾡쿰베 / 아서라 말아라 네 그리 마라 사람의 괄세를 네 그리 말아라 굼베야 굼베야 굼베나 칭칭 쾡쿰베 / 저낙을 먹구서 썩나세니 게묻은 손으로 날 오랜다 굼베야 굼베야 굼베나 칭칭 쾡쿰베 / 네가 나 잘났다 자랑을 말고 못난 사람에 괄세를 말어라 굼베야 굼베야 굼베나 칭칭 쾡쿰베 / 오마니 왔다가 늙어져 가갔오 올베쌀 송편이나 해먹고 가려마 굼베야 굼베야 굼베나 칭칭 쾡쿰베 / 올베쌀 송편은 네 고만 두고 웃사람에게 한대빡 주려마 굼베야 굼베야 굼베나 칭칭 쾡쿰베 / 아서라 말아라 네 그리 마라 사람의 괄세를 네 그리 말아라 굼베야 굼베야 굼베나 칭칭 쾡쿰베,21.0,211.54
KC_TM_MF_MY_S000166,서도,민속악,민요,서도민요,호무가,장효선,여창,C / Am,굿거리,12/8,140.0,"희망찬(3), 신명난(2), 그루브감 있는(1), 기품 있는(1), 다정한(1), 마음을 울리는(1), 몽환적인(1), 생기 있는(1), 신나는(1), 애절한(1), 에너지 넘치는(1), 유려한(1), 절제된(1), 즐거운(1), 차분한(1), 평화로운(1)","콧소리 나는(4), 유연한(3), 깨끗한(1), 담백한(1), 밝은(1), 울리는(1), 탁 트인(1)","호무가는 평안북도 지방의 김매기 소리로, '호미타령'과는 구분되는 서도민요의 대표적인 예로, 농경 문화와 지역적 특색을 잘 보여주는 민속악 > 민요 곡이다. 이 곡은 선후창 형식으로 부르며, 향토적인 색채가 짙어 해당 지역의 전통과 정서를 고스란히 담고 있다. 여창 가창자 장효선의 목소리는 이 곡의 중요한 요소로, 콧소리 나는 음색을 통해 독특한 매력을 발산한다. 그녀의 발성은 명확하고 힘차며, 시김새를 적절히 활용하여 멜로디의 흐름을 자연스럽게 이끌어간다. 장효선은 곡의 리듬과 구조에 맞춰 성량을 조절하며, 호흡을 통해 멜로디의 각 구절을 부드럽게 연결한다. 굿거리의 리듬 위에서 그녀의 목소리는 유연하게 흐르며, 각 음절의 길이를 조절하여 곡의 긴장감과 완성도를 높인다. 특히, 호흡의 조절은 곡의 마무리에서 중요한 역할을 하여, 전반적인 리듬과의 조화를 이루며 청중에게 깊은 인상을 남긴다.","Homuga is a representative example of Seodo folk songs, distinct from 'Homitarang,' characterized by the sound of rice planting in the North Pyongan Province. This folk song effectively showcases agricultural culture and regional characteristics. It is performed in a call-and-response format, imbued with a strong local flavor that captures the traditions and emotions of the area. The voice of the female vocalist Jang Hyo-seon is a crucial element of this piece, exuding a unique charm through her nasal timbre. Her vocalization is clear and powerful, skillfully employing ornamentation to guide the flow of the melody naturally. Jang Hyo-seon adjusts her vocal volume in accordance with the rhythm and structure of the song, seamlessly connecting each phrase of the melody through her breath. Over the rhythmic foundation of gutgeori, her voice flows flexibly, manipulating the length of each syllable to enhance the song's tension and overall quality. Notably, her breath control plays a vital role in the conclusion of the piece, achieving harmony with the overall rhythm and leaving a profound impression on the audience.","에야 에야 에헤야 호호호무가 논다
왕대나 가림에 세대는 돌피 에야 에야 에헤야 호호호무가 논다
하나도 빠짐없이 뽑아만 주소 에야 에야 에헤야 호호호무가 논다
동서나 사방에 널리신 계원 에야 에야 에헤야 호호호무가 논다
중간 참이 늦어만 갑네다 에야 에야 에헤야 호호호무가 논다
점심 바구니 떠들어 옵네다 에야 에야 에헤야 호호호무가 논다
왕대나 가림에 세대는 돌피 에야 에야 에헤야 호호호무가 논다
하나도 빠짐없이 뽑아만 주소 에야 에야 에헤야 호호호무가 논다
동서나 사방에 널리신 계원 에야 에야 에헤야 호호호무가 논다
중간 참이 늦어만 갑네다 에야 에야 에헤야 호호호무가 논다
점심 바구니 떠들어 옵네다 에야 에야 에헤야 호호호무가 논다
왕대나 가림에 세대는 돌피 에야 에야 에헤야 호호호무가 논다
하나도 빠짐없이 뽑아만 주소 에야 에야 에헤야 호호호무가 논다",에야 에야 에헤야 호호호무가 논다 / 왕대나 가림에 세대는 돌피 / 에야 에야 에헤야 호호호무가 논다 / 하나도 빠짐없이 뽑아만 주소 / 에야 에야 에헤야 호호호무가 논다 / 동서나 사방에 널리신 계원 / 에야 에야 에헤야 호호호무가 논다 / 중간 참이 늦어만 갑네다 / 에야 에야 에헤야 호호호무가 논다 / 점심 바구니 떠들어 옵네다 / 에야 에야 에헤야 호호호무가 논다 / 왕대나 가림에 세대는 돌피 / 에야 에야 에헤야 호호호무가 논다 / 하나도 빠짐없이 뽑아만 주소 / 에야 에야 에헤야 호호호무가 논다 / 동서나 사방에 널리신 계원 / 에야 에야 에헤야 호호호무가 논다 / 중간 참이 늦어만 갑네다 / 에야 에야 에헤야 호호호무가 논다 / 점심 바구니 떠들어 옵네다 / 에야 에야 에헤야 호호호무가 논다 / 왕대나 가림에 세대는 돌피 / 에야 에야 에헤야 호호호무가 논다 / 하나도 빠짐없이 뽑아만 주소 / 에야 에야 에헤야 호호호무가 논다,25.0,258.46
KC_TM_MF_MY_S000167,서도,민속악,민요,서도민요,평안도 모내기,장효선,여창,B / Abm,굿거리,12/8,110.0,"다정한(2), 따뜻한(2), 유쾌한(2), 평화로운(2), 향토적인(2), 감상적인(1), 그루브감 있는(1), 그리운(1), 기품 있는(1), 단아한(1), 명랑한(1), 부드러운(1), 신나는(1), 신명난(1), 애정 어린(1), 조화로운(1), 즐거운(1), 차분한(1), 편안한(1), 향수 어린(1), 활기찬(1), 희망적인(1)","고운(2), 공명감 있는(2), 담백한(2), 매끄러운(2), 밝은(2), 유연한(2), 맑은(1), 묵직한(1), 비강 울림이 있는(1), 뻗어 나가는(1), 시원한(1), 진한(1), 청아한(1), 콧소리 나는(1)","평안도 모내기는 평안도 지역에서 전해지는 전통적인 모내기 노동요로, 서도민요의 특성을 잘 나타내는 민속악의 한 형태이다. 이 곡은 평안도 항두게놀이의 제3장인 '모내기'에서 불리며, 농사와 관련된 노동의 소리를 담고 있다. 여창 가창자 장효선의 목소리는 이 곡을 이끌어가는 중요한 요소로, 그녀의 발성이 곡의 주제를 효과적으로 전달한다. 장효선은 전통적인 창법을 사용하여 멜로디를 표현하며, 시김새를 적절히 활용하여 곡의 흐름을 자연스럽게 이어간다. 그녀의 성량은 곡의 전개에 따라 유동적으로 변화하며, 호흡의 조절이 뛰어나 곡의 긴장감과 이완을 적절히 조화시킨다. 특히 굿거리 장단 위에서 그녀의 목소리는 리듬을 타며 흐름을 형성하고, 각 구절의 끝부분에서 호흡을 잘 조절하여 곡의 마무리를 장식한다. 이러한 요소들은 장효선의 가창이 곡의 장르적 완성도를 높이는 데 기여하며, 전통적인 민속악의 매력을 잘 드러낸다.","Pyeongando Monaegi is a traditional rice planting labor song that has been passed down in the Pyeongando region, representing a form of folk music that embodies the characteristics of Seodominyo. This piece is sung in the third section titled 'Monaegi' of the Pyeongando Hangduge Nori, encapsulating the sounds associated with agricultural labor. The voice of the female vocalist Jang Hyo-seon is a crucial element that drives this piece, as her vocalization effectively conveys the theme of the song. Jang Hyo-seon employs traditional singing techniques to express the melody, skillfully utilizing ornamentation to create a natural flow throughout the piece. Her vocal range dynamically shifts according to the development of the song, demonstrating excellent breath control that harmonizes tension and relaxation. Particularly over the Gutgeori Jangdan, her voice rides the rhythm, shaping the flow and artfully managing her breath at the ends of phrases to embellish the conclusion of the piece. These elements contribute to Jang Hyo-seon's performance, enhancing the genre's completeness and showcasing the allure of traditional folk music.","어야 데야 호메로다 어야 데야 호메로다
이논에는 물때가 좋아 어야 데야 호메로다
천여가지가 더늘었다 어야 데야 호메로다
삼천석도 날 듯 하다 어야 데야 호메로다
금년 농사 이렇게 되면 어야 데야 호메로다
우리나 살림이 풍부하디 어야 데야 호메로다
이논에는 물때가 좋아 어야 데야 호메로다
천여가지가 더늘었다 어야 데야 호메로다
삼천석도 날 듯 하다 어야 데야 호메로다
금년 농사 이렇게 되면 어야 데야 호메로다
우리나 살림이 풍부하디 어야 데야 호메로다
이논에는 물때가 좋아 어야 데야 호메로다
천여가지가 더늘었다 어야 데야 호메로다
삼천석도 날 듯 하다 어야 데야 호메로다
금년 농사 이렇게 되면 어야 데야 호메로다
우리나 살림이 풍부하디 어야 데야 호메로다",어야 데야 호메로다 어야 데야 호메로다 / 이논에는 물때가 좋아 어야 데야 호메로다 / 천여가지가 더늘었다 어야 데야 호메로다 / 삼천석도 날 듯 하다 어야 데야 호메로다 / 금년 농사 이렇게 되면 어야 데야 호메로다 / 우리나 살림이 풍부하디 어야 데야 호메로다 / 이논에는 물때가 좋아 어야 데야 호메로다 / 천여가지가 더늘었다 어야 데야 호메로다 / 삼천석도 날 듯 하다 어야 데야 호메로다 / 금년 농사 이렇게 되면 어야 데야 호메로다 / 우리나 살림이 풍부하디 어야 데야 호메로다 / 이논에는 물때가 좋아 어야 데야 호메로다 / 천여가지가 더늘었다 어야 데야 호메로다 / 삼천석도 날 듯 하다 어야 데야 호메로다 / 금년 농사 이렇게 되면 어야 데야 호메로다 / 우리나 살림이 풍부하디 어야 데야 호메로다,16.0,211.13
KC_TM_MF_MY_S000168,서도,민속악,민요,서도민요,평안도 자진모내기,장효선,여창,B / Abm,자진모리,12/8,330.0,"경쾌한(3), 여유로운(3), 희망적인(3), 즐거운(2), 평화로운(2), 감상적인(1), 귀여운(1), 다정한(1), 단아한(1), 따뜻한(1), 부드러운(1), 생기 있는(1), 신나는(1), 신명난(1), 유쾌한(1), 잔잔한(1), 진심 어린(1), 평온한(1), 행복한(1), 활기찬(1), 희망찬(1)","밝은(3), 고운(2), 깨끗한(2), 담백한(2), 공명감 있는(1), 맑은(1), 매끄러운(1), 비강 울림이 있는(1), 섬세한(1), 시원한(1), 여린(1), 청아한(1), 화사한(1)","평안도 자진모내기는 평안도 지역에서 전해지는 전통적인 모내기 노동요로, 서도민요의 특징이 잘 드러나는 민속악의 한 형태이다. 이 곡은 평안도 항두게놀이의 제3장 ‘모내기’에서 불리는 민요로, 노동의 기쁨과 공동체의 화합을 담고 있다. 여창 가창자 장효선의 목소리는 이 곡을 이끌어가는 중심 요소로, 그녀의 발성은 전통적인 창법을 기반으로 하여 자연스러운 음의 흐름을 유지한다. 장효선은 곡의 멜로디를 표현하는 데 있어 전통적인 시김새를 적절히 사용하여 곡의 리듬과 감정을 전달한다. 그녀의 성량은 곡의 각 부분에 맞춰 조절되며, 호흡의 흐름이 부드럽게 이어져 곡 전체에 일관성을 부여한다. 특히 자진모리의 경쾌한 리듬 위에서 장효선은 정확한 박자감과 함께 곡의 진행을 잘 타며, 각 음절마다 명확한 발음을 통해 청중에게 메시지를 전달한다. 그녀의 호흡은 곡의 마무리 부분에서 특히 중요한 역할을 하며, 긴장감을 유지하면서도 자연스럽게 풀어지는 느낌을 준다. 이러한 요소들은 곡의 장르적 완성도를 높이며, 전통적인 민속악의 매력을 더욱 부각시킨다.","The Pyeongan-do Jajinmonaegi is a traditional rice planting labor song that has been passed down in the Pyeongan-do region, representing a form of folk music that distinctly showcases the characteristics of Seodo minyo. This piece is sung in the third section, ""Monaegi,"" of the Pyeongan-do Hangduge Nori, encapsulating the joy of labor and the harmony of the community. The voice of the female vocalist Jang Hyo-seon serves as a central element guiding the piece, with her vocalization maintaining a natural flow of sound based on traditional singing techniques. Jang Hyo-seon appropriately employs traditional sigimsae to express the melody of the song, conveying its rhythm and emotions effectively. Her vocal range is adjusted to fit each section of the piece, with a smooth continuity of breath that lends consistency to the entire composition. Particularly over the lively rhythm of Jajinmori, Jang Hyo-seon navigates the progression of the piece with precise sense of timing, delivering the message to the audience through clear enunciation of each syllable. Her breath plays a crucial role in the concluding part of the song, maintaining tension while also providing a sense of natural release. These elements enhance the genre's overall completeness and further highlight the charm of traditional folk music.","어기여라 방애야
이논에는 물때가 좋아 어기여라 방애야
일천가지 뻗은 논에 어기여라 방애야
삼천석도 날듯하다 어기여라 방애야
저 달구지로 실어다가 어기여라 방애야
달거리 뒷마당에 별같이 달아놓고 어기여라 방애야
어민간에 춤만 추리라 어기여라 방애야
이논에는 물때가 좋아 어기여라 방애야
일천가지 뻗은 논에 어기여라 방애야
삼천석도 날듯하다 어기여라 방애야
저 달구지로 실어다가 어기여라 방애야
달거리 뒷마당에 별같이 달아놓고 어기여라 방애야
어민간에 춤만 추리라 어기여라 방애야
이논에는 물때가 좋아 어기여라 방애야
일천가지 뻗은 논에 어기여라 방애야
삼천석도 날듯하다 어기여라 방애야
저 달구지로 실어다가 어기여라 방애야
달거리 뒷마당에 별같이 달아놓고 어기여라 방애야
어민간에 춤만 추리라 어기여라 방애야
이논에는 물때가 좋아 어기여라 방애야
일천가지 뻗은 논에 어기여라 방애야
삼천석도 날듯하다 어기여라 방애야
저 달구지로 실어다가 어기여라 방애야
달거리 뒷마당에 별같이 달아놓고 어기여라 방애야
어민간에 춤만 추리라 어기여라 방애야",어기여라 방애야 이논에는 물때가 좋아 어기여라 방애야 / 일천가지 뻗은 논에 어기여라 방애야 / 삼천석도 날듯하다 어기여라 방애야 / 저 달구지로 실어다가 어기여라 방애야 / 달거리 뒷마당에 별같이 달아놓고 어기여라 방애야 / 어민간에 춤만 추리라 어기여라 방애야 / 이논에는 물때가 좋아 어기여라 방애야 / 일천가지 뻗은 논에 어기여라 방애야 / 삼천석도 날듯하다 어기여라 방애야 / 저 달구지로 실어다가 어기여라 방애야 / 달거리 뒷마당에 별같이 달아놓고 어기여라 방애야 / 어민간에 춤만 추리라 어기여라 방애야 / 이논에는 물때가 좋아 어기여라 방애야 / 일천가지 뻗은 논에 어기여라 방애야 / 삼천석도 날듯하다 어기여라 방애야 / 저 달구지로 실어다가 어기여라 방애야 / 달거리 뒷마당에 별같이 달아놓고 어기여라 방애야 / 어민간에 춤만 추리라 어기여라 방애야 / 이논에는 물때가 좋아 어기여라 방애야 / 일천가지 뻗은 논에 어기여라 방애야 / 삼천석도 날듯하다 어기여라 방애야 / 저 달구지로 실어다가 어기여라 방애야 / 달거리 뒷마당에 별같이 달아놓고 어기여라 방애야 / 어민간에 춤만 추리라 어기여라 방애야,24.0,218.09
KC_TM_MF_MY_S000169,서도,민속악,민요,서도민요,신경발림,유지숙,여창,C / Am,자진모리,12/8,320.0,"신나는(3), 경쾌한(2), 생기 있는(2), 여유로운(2), 희망적인(2), 가볍고 신비로운(1), 강력한(1), 기품 있는(1), 낭만적인(1), 다이내믹한(1), 사색적인(1), 서사적인(1), 신명난(1), 신비로운(1), 아정한(1), 조화로운(1), 즐거운(1), 향수 어린(1), 활기찬(1)","콧소리 나는(2), 공명감 있는(1), 맑은(1), 매끄러운(1), 비강 울림이 있는(1), 뻗어 나가는(1), 선명한(1), 쇳소리 나는(1), 시원한(1), 여린(1), 역동적인(1), 탁 트인(1), 투명한(1), 화사한(1)","신경발림은 평양의 아름다운 풍광을 자랑하는 서도 신민요로, 경쾌하고 씩씩한 분위기를 지닌 민속악의 일종이다. 이 곡은 평양의 명승지인 연광정과 부벽루를 유람하는 내용을 담고 있어, 서도민요의 특징이 잘 드러나는 민요로 분류된다. 여창 가창자 유지숙의 목소리는 이 곡의 흐름을 이끌어가며, 그녀의 발성은 뚜렷하고 명확하게 멜로디를 표현한다. 유지숙은 전통적인 창법을 바탕으로 시김새를 적절히 활용하여 곡의 감정을 전달하며, 성량은 곡의 전개에 따라 유연하게 변화한다. 그녀의 호흡은 안정적이며, 곡의 리듬에 맞춰 자연스럽게 이어져, 청중이 곡의 흐름을 따라갈 수 있도록 돕는다. 자진모리의 경쾌한 리듬 위에서 가창자는 각 구절을 힘있게 풀어내며, 호흡의 조절을 통해 곡의 마무리를 장식한다. 이러한 요소들은 신경발림의 장르적 완성도를 높이며, 전통 민요의 매력을 더욱 강조한다.","Singyeongballim is a folk song from the western region of Korea, celebrated for its beautiful scenery in Pyongyang, characterized by a lively and spirited atmosphere. This piece captures the essence of a tour through Pyongyang's famous landmarks, such as Yeonggwangjeong and Bubyeongru, making it a prime example of the features of western folk songs. The voice of the female vocalist Yoo Ji-sook guides the flow of the piece, with her vocalization distinctly and clearly expressing the melody. Yoo Ji-sook employs traditional singing techniques while effectively utilizing embellishments to convey the emotions of the song, and her vocal strength flexibly adjusts according to the progression of the piece. Her breathing is stable, seamlessly aligning with the rhythm of the song, which aids the audience in following the flow. Over the brisk rhythm of Jajinmori, the vocalist powerfully articulates each phrase, concluding the piece with a flourish through controlled breathing. These elements enhance the genre's overall completeness and further emphasize the charm of traditional folk music.","능라도 실버들이 가을이 짙어갈제 맑은하날 높은 곳에 기러기 훨훨훨 나는구나 에
강상에 뜬배는 물살을 따라 이리로 저리로 옮기련만 이내 이몸은 알길이 없구나 에
청류벽 흐르는물 강상제비가 지저귈제 가을바람 날아드니 간격없난 훨훨훨 나는구나 에
강상에 뜬배는 물살을 따라 이리로 저리로 옮기련만 이내 이몸은 알길이 없구나 에
모란봉 부벽루에 두견이 시름 깊어갈제 기성풍경 이은줄기 년년히 훨훨훨 나는구나 에
강상에 뜬배는 물살을 따라 이리로 저리로 옮기련만 이내 이몸은 알길이 없구나 에",능라도 실버들이 / 가을이 짙어갈제 / 맑은하날 높은 곳에 / 기러기 / 훨훨훨 나는구나 에 / 강상에 뜬배는 물살을 따라 / 이리로 저리로 옮기련만 / 이내 / 이몸은 알길이 없구나 에 / 청류벽 흐르는물 / 강상제비가 지저귈제 / 가을바람 날아드니 / 간격없난 / 훨훨훨 나는구나 에 / 강상에 뜬배는 물살을 따라 / 이리로 저리로 옮기련만 / 이내 / 이몸은 알길이 없구나 에 / 모란봉 부벽루에 / 두견이 시름 깊어갈제 / 기성풍경 이은줄기 / 년년히 / 훨훨훨 나는구나 에 / 강상에 뜬배는 물살을 따라 / 이리로 저리로 옮기련만 / 이내 / 이몸은 알길이 없구나 에,27.0,213.22
KC_TM_MF_MY_S000170,서도,민속악,민요,서도민요,배꽃타령,유지숙,여창,C / Am,굿거리,12/8,120.0,"생기 있는(3), 에너지 넘치는(2), 유쾌한(2), 조화로운(2), 가볍고 신비로운(1), 경쾌한(1), 신나는(1), 신비로운(1), 여유로운(1), 즐거운(1), 평온한(1), 평화로운(1), 표현적인(1)","비강 울림이 있는(2), 역동적인(2), 콧소리 나는(2), 가는(1), 깨끗한(1), 맑은(1), 매끄러운(1), 뻗어 나가는(1), 시원한(1), 울리는(1), 청아한(1), 화사한(1)","배꽃타령은 황해도 지역의 서도 통속민요로, 배꽃 같은 처녀의 아름다움을 노래하는 곡이다. 이 곡은 경기 음악 어법과 사당패 소리의 영향을 받으며, 화사한 봄날의 정취와 사랑의 감정을 담고 있다. 서도민요의 특징이 잘 드러나는 민속악 > 민요 장르에 속하는 이 곡은, 여창 가창자 유지숙의 목소리를 통해 그 매력을 한층 더 부각시킨다. 유지숙은 곡의 멜로디를 부드럽게 이끌어가며, 발성에서는 고음과 저음을 자유롭게 넘나드는 기술을 보여준다. 그녀의 창법은 시김새를 적절히 활용하여 전통적인 민요의 맛을 살리며, 성량 또한 곡의 흐름에 맞춰 조절된다. 호흡은 안정적이며, 필요한 부분에서 적절한 숨을 고르며 멜로디의 리듬을 자연스럽게 이어간다. 굿거리의 리듬 위에서 유지숙은 곡의 흐름을 타며, 리듬에 맞춘 유연한 표현력으로 청중을 사로잡는다. 그녀의 호흡은 곡의 클라이맥스와 마무리를 장식하며, 전통 민요의 완성도를 높이는 중요한 요소로 작용한다.","Baekkkot Taryeong is a folk song from the Seo-do region of Hwanghae Province, celebrating the beauty of a maiden likened to pear blossoms. This piece is influenced by the musical style of Gyeonggi music and the sounds of Sadangpae, encapsulating the essence of a vibrant spring day and the emotions of love. As a representative example of the folk music genre, which highlights the characteristics of Seo-do folk songs, this piece is further enhanced by the voice of female vocalist Yoo Ji-sook. Yoo Ji-sook gracefully leads the melody, showcasing her technique by effortlessly navigating between high and low tones. Her singing style appropriately utilizes embellishments to preserve the traditional flavor of the folk song, while her vocal volume is adjusted to match the flow of the piece. Her breathing is stable, allowing her to take breaths at necessary moments, seamlessly connecting the rhythm of the melody. Riding on the rhythm of the gutgeori, Yoo Ji-sook captivates the audience with her flexible expressiveness in accordance with the rhythm. Her breath adorns the climax and conclusion of the piece, serving as a crucial element that enhances the overall quality of the traditional folk song.","배꽃일세 배꽃일세 큰애기 얼굴이 배꽃일세
얼씨구나 좋다 절씨구나 좋아 얼싸 절싸 지화자 멋이로구나
둥기당기당기 멋이로구나
도화로세 도화로세 큰애기 얼굴이 도화로세
얼씨구나 좋다 절씨구나 좋아 얼싸 절싸 지화자 멋이로구나
둥기당기당기 멋이로구나
매화로세 매화로세 눈속에 핀 향이 매화로세
얼씨구나 좋다 절씨구나 좋아 얼싸 절싸 지화자 멋이로구나
둥기당기당기 멋이로구나
배꽃일세 배꽃일세 큰애기 얼굴이 배꽃일세
얼씨구나 좋다 절씨구나 좋아 얼싸 절싸 지화자 멋이로구나
둥기당기당기 멋이로구나
도화로세 도화로세 큰애기 얼굴이 도화로세
얼씨구나 좋다 절씨구나 좋아 얼싸 절싸 지화자 멋이로구나
둥기당기당기 멋이로구나
매화로세 매화로세 눈속에 핀 향이 매화로세
얼씨구나 좋다 절씨구나 좋아 얼싸 절싸 지화자 멋이로구나
둥기당기당기 멋이로구나",배꽃일세 배꽃일세 / 큰애기 얼굴이 배꽃일세 / 얼씨구나 좋다 절씨구나 좋아 / 얼싸 절싸 지화자 멋이로구나 / 둥기당기당기 멋이로구나 / 도화로세 도화로세 / 큰애기 얼굴이 도화로세 / 얼씨구나 좋다 절씨구나 좋아 / 얼싸 절싸 지화자 멋이로구나 / 둥기당기당기 멋이로구나 / 매화로세 매화로세 / 눈속에 핀 향이 매화로세 / 얼씨구나 좋다 절씨구나 좋아 / 얼싸 절싸 지화자 멋이로구나 / 둥기당기당기 멋이로구나 / 배꽃일세 배꽃일세 / 큰애기 얼굴이 배꽃일세 / 얼씨구나 좋다 절씨구나 좋아 / 얼싸 절싸 지화자 멋이로구나 / 둥기당기당기 멋이로구나 / 도화로세 도화로세 / 큰애기 얼굴이 도화로세 / 얼씨구나 좋다 절씨구나 좋아 / 얼싸 절싸 지화자 멋이로구나 / 둥기당기당기 멋이로구나 / 매화로세 매화로세 / 눈속에 핀 향이 매화로세 / 얼씨구나 좋다 절씨구나 좋아 / 얼싸 절싸 지화자 멋이로구나 / 둥기당기당기 멋이로구나,30.0,253.54
KC_TM_MF_MY_S000171,병창,민속악,민요,경상도민요,통영 개타령,김민지,여창,Eb / Cm,자진모리,12/8,240.0,"경쾌한(3), 신나는(3), 에너지 넘치는(3), 귀여운(2), 명랑한(2), 유쾌한(2), 활기찬(2), 그루브감 있는(1), 생기 있는(1), 애정 어린(1), 조화로운(1), 즐거운(1), 편안한(1), 표현적인(1)","청아한(3), 깨끗한(2), 시원한(2), 담백한(1), 맑은(1), 매끄러운(1), 유연한(1), 콧소리 나는(1), 탁 트인(1), 화사한(1)","통영개타령은 경상도 지역의 향토민요인 개타령을 바탕으로 한 통속화된 민요로, 밤에 찾아오는 임을 위해 개에게 짖지 말라고 부탁하는 내용을 해학적으로 표현하고 있다. 이 곡은 경상도민요의 특유의 투박하면서도 정겨운 맛을 잘 드러내는 민속악의 한 예로, 지역적 정서를 담고 있다. 여창 가창자 김민지는 이 곡을 통해 전통적인 창법을 활용하여 곡의 이야기를 생동감 있게 전달한다. 그녀의 목소리는 강하고 또렷하며, 발성에서 나타나는 시김새는 전통 민요의 특징을 잘 살린다. 김민지는 고음과 저음을 자유롭게 넘나들며, 각 음의 길이를 조절하여 리듬감을 부여하고, 곡의 흐름을 자연스럽게 이끈다. 그녀의 성량은 곡의 다양한 구간에서 적절히 조절되며, 호흡의 조절도 뛰어나 곡의 긴장감과 여유를 동시에 표현한다. 자진모리의 경쾌한 리듬 위에서 김민지는 유연하게 흐름을 타며, 각 마디마다의 변화에 맞춰 목소리를 조율한다. 곡의 마무리에서는 호흡이 안정되며, 마지막 음을 길게 끌어주어 청중에게 여운을 남기고, 전통적인 민요의 완성도를 높이는 데 기여한다.","Tongyeong Gaetaryeong is a popularized folk song based on the local Gyeongsang-do folk song Gaetaryeong, humorously expressing the plea to a dog not to bark for the beloved who comes at night. This piece exemplifies the unique rustic yet endearing qualities of Gyeongsang-do folk music, encapsulating regional sentiments. The female vocalist Kim Min-ji utilizes traditional singing techniques to vividly convey the story of the song. Her voice is strong and clear, and the ornamentation in her vocalization effectively highlights the characteristics of traditional folk songs. Kim Min-ji effortlessly navigates between high and low notes, adjusting the length of each note to create a sense of rhythm and guide the flow of the piece naturally. Her vocal volume is appropriately modulated throughout various sections of the song, and her breath control is exceptional, allowing her to express both tension and ease simultaneously. Riding on the lively rhythm of Jajinmori, Kim Min-ji fluidly adapts her voice to match the changes in each measure. In the conclusion of the piece, her breath stabilizes, and she extends the final note, leaving a lingering impression on the audience and contributing to the overall completeness of the traditional folk song.","개야 개야 깜둥개야 개야 개야 깜둥개야
개야 개야 깜둥개야 가랑잎만 달싹해도 짖는 개야
청사초롱 불 밝혀라 우리 님이 오시거든
개야 개야 깜둥개야 개야 개야 깜둥개야
짖지를 마라 짖지를 마라 멍멍멍멍 짖지를 마라
개야 개야 노란개야 개야 개야 노란개야
개야 개야 노란개야 울타리만 법석해도 짖는개야
남의눈에 띠지않게 슬금살짝 오신님을
개야 개야 노란개야 개야 개야 노란개야 짖지를 마라 짖지를 마라
멍멍멍멍 짖지를 마라
개야 개야 바둑개야 개야 개야 바둑개야
개야 개야 바둑개야 발그림만 슬쩍해도 짖는개야
고대턴님 오신것을 마구짖어 쫓일세라
개야 개야 바둑개야 개야 개야 바둑개야 짖지를 마라 짖지를 마라
멍멍멍멍 짖지를 마라
개야 개야 삽살개야 개야 개야 삽살개야
개야 개야 삽살개야 나뭇잎만 달싹해도 짖는 개야
북망산천 말 물어보자 우리 님이 오시거든
개야 개야 삽살개야 개야 개야 삽살개야 짖지를 마라 짖지를 마라
멍멍멍멍 짖지를 마라
개야 개야 깜둥개야 개야 개야 깜둥개야
개야 개야 깜둥개야 가랑잎만 달싹해도 짖는 개야
청사초롱 불 밝혀라 우리 님이 오시거든
개야 개야 깜둥개야 개야 개야 깜둥개야
짖지를 마라 짖지를 마라 멍멍멍멍 짖지를 마라",개야 개야 깜둥개야 개야 개야 깜둥개야 / 개야 개야 깜둥개야 가랑잎만 달싹해도 짖는 개야 / 청사초롱 불 밝혀라 우리 님이 오시거든 / 개야 개야 깜둥개야 개야 개야 깜둥개야 / 짖지를 마라 짖지를 마라 멍멍멍멍 짖지를 마라 / 개야 개야 노란개야 개야 개야 노란개야 / 개야 개야 노란개야 울타리만 법석해도 짖는개야 / 남의눈에 띠지않게 슬금살짝 오신님을 / 개야 개야 노란개야 개야 개야 노란개야 / 짖지를 마라 짖지를 마라 멍멍멍멍 짖지를 마라 / 개야 개야 바둑개야 개야 개야 바둑개야 / 개야 개야 바둑개야 발그림만 슬쩍해도 짖는개야 / 고대턴님 오신것을 마구짖어 쫓일세라 / 개야 개야 바둑개야 개야 개야 바둑개야 / 짖지를 마라 짖지를 마라 멍멍멍멍 짖지를 마라 / 개야 개야 삽살개야 개야 개야 삽살개야 / 개야 개야 삽살개야 나뭇잎만 달싹해도 짖는 개야 / 북망산천 말 물어보자 우리 님이 오시거든 / 개야 개야 삽살개야 개야 개야 삽살개야 / 짖지를 마라 짖지를 마라 멍멍멍멍 짖지를 마라 / 개야 개야 깜둥개야 개야 개야 깜둥개야 / 개야 개야 깜둥개야 가랑잎만 달싹해도 짖는 개야 / 청사초롱 불 밝혀라 우리 님이 오시거든 / 개야 개야 깜둥개야 개야 개야 깜둥개야 / 짖지를 마라 짖지를 마라 멍멍멍멍 짖지를 마라,25.0,225.79
KC_TM_MF_MY_S000172,병창,민속악,민요,경상도민요,밀양아리랑,성슬기,여창,D / Bm,세마치,9/8,260.0,"경쾌한(2), 명랑한(2), 신나는(2), 애절한(2), 에너지 넘치는(2), 유려한(2), 표현적인(2), 그루브감 있는(1), 따뜻한(1), 생기 있는(1), 신명난(1), 쓸쓸한(1), 진심 어린(1), 평화로운(1), 활기찬(1)","가는(3), 시원한(2), 콧소리 나는(2), 고운(1), 담백한(1), 맑은(1), 머금은 듯한(1), 여린(1), 유연한(1), 탁 트인(1)","밀양아리랑은 경상도 밀양 지방의 대표적인 민요로, 세마치장단의 경쾌한 리듬과 '날 좀 보소'라는 가사가 특징인 곡이다. 이 곡은 경상도민요의 전형적인 요소를 잘 드러내며, 활기차고 씩씩한 지역 주민들의 기질을 표현하고 있다. 여창 가창자 성슬기의 목소리는 이 곡을 이끌어가는 중요한 요소로, 그녀는 전통적인 창법을 통해 곡의 멜로디를 명확하게 표현한다. 성슬기는 발성에서 고음역을 자연스럽게 소화하며, 시김새를 적절히 사용하여 민속적인 감성을 잘 살린다. 그녀의 성량은 곡의 리듬과 잘 어우러지며, 호흡의 조절을 통해 긴 구절을 매끄럽게 이어가는 기술을 보여준다. 특히, 세마치장단의 경쾌한 리듬 위에서 성슬기는 곡의 흐름을 타며, 리듬에 맞춰 목소리를 유연하게 조절한다. 그녀의 호흡은 곡의 마무리에서 여운을 남기며, 전통 민요의 완성도를 높이는 데 기여한다.","Miryang Arirang is a representative folk song from the Miryang region of Gyeongsang Province, characterized by the lively rhythm of the semachi jangdan and the lyrics ""nal jom boso."" This piece effectively showcases the typical elements of Gyeongsang folk songs and expresses the vibrant and spirited temperament of the local residents. The voice of the female vocalist Seong Seul-gi is a crucial element that drives the song, as she articulates the melody clearly through traditional singing techniques. Seong Seul-gi naturally navigates the high vocal range in her delivery and employs appropriate vocal embellishments to evoke a folk sensibility. Her vocal strength harmonizes well with the rhythm of the piece, demonstrating her skill in seamlessly connecting long phrases through breath control. Notably, over the lively rhythm of the semachi jangdan, Seong Seul-gi rides the flow of the song, flexibly adjusting her voice to match the rhythm. Her breath leaves a lingering resonance at the conclusion of the piece, contributing to the overall completeness of the traditional folk song.","날 좀 보소 날 좀 보소 날 좀 보소 동지섣달 꽃 본 듯이 날 좀 보소
아리 아리랑 쓰리 쓰리랑 아라리가 났네 아리랑 고개로 넘어간다
영남루 명승을 찾아가니 아랑의 애화가 전해있네
아리 아리랑 쓰리 쓰리랑 아라리가 났네 아리랑 고개로 넘어간다
저 건너 대숲은 의의한데 아랑의 설운 넋이 애달프다
아리 아리랑 쓰리 쓰리랑 아라리가 났네 아리랑 고개로 넘어간다
채색으로 단청된 아랑각은 아랑의 유혼이 깃들어 있네
아리 아리랑 쓰리 쓰리랑 아라리가 났네 아리랑 고개로 넘어간다
남천강 구비쳐서 영남루를 감돌고 벽공에 걸린 달은 아랑각을 비치네
아리 아리랑 쓰리 쓰리랑 아라리가 났네 아리랑 고개로 넘어간다
송림속에 우는 새 처량도 하다 아랑의 원혼을 네 설워 우느냐
아리 아리랑 쓰리 쓰리랑 아라리가 났네 아리랑 고개로 넘어간다
영남루 비친 달 교교한데 남천강 말없이 흘러만 간다
아리 아리랑 쓰리 쓰리랑 아라리가 났네 아리랑 고개로 넘어간다
정든 님이 오셨는데 인사를 못해 행주치마 입에 물고 입만 방긋
아리 아리랑 쓰리 쓰리랑 아라리가 났네 아리랑 고개로 넘어간다",날 좀 보소 날 좀 보소 날 좀 보소 동지섣달 꽃 본 듯이 날 좀 보소 / 아리 아리랑 쓰리 쓰리랑 아라리가 났네 아리랑 고개로 넘어간다 / 영남루 명승을 찾아가니 아랑의 애화가 전해있네 / 아리 아리랑 쓰리 쓰리랑 아라리가 났네 아리랑 고개로 넘어간다 / 저 건너 대숲은 의의한데 아랑의 설운 넋이 애달프다 / 아리 아리랑 쓰리 쓰리랑 아라리가 났네 아리랑 고개로 넘어간다 / 채색으로 단청된 아랑각은 아랑의 유혼이 깃들어 있네 / 아리 아리랑 쓰리 쓰리랑 아라리가 났네 아리랑 고개로 넘어간다 / 남천강 구비쳐서 영남루를 감돌고 벽공에 걸린 달은 아랑각을 비치네 / 아리 아리랑 쓰리 쓰리랑 아라리가 났네 아리랑 고개로 넘어간다 / 송림속에 우는 새 처량도 하다 아랑의 원혼을 네 설워 우느냐 / 아리 아리랑 쓰리 쓰리랑 아라리가 났네 아리랑 고개로 넘어간다 / 영남루 비친 달 교교한데 남천강 말없이 흘러만 간다 / 아리 아리랑 쓰리 쓰리랑 아라리가 났네 아리랑 고개로 넘어간다 / 정든 님이 오셨는데 인사를 못해 행주치마 입에 물고 입만 방긋 / 아리 아리랑 쓰리 쓰리랑 아라리가 났네 아리랑 고개로 넘어간다,16.0,266.57
KC_TM_MF_MY_S000173,병창,민속악,민요,경상도민요,상주 모심기노래,김민지,여창,Ab / Fm,중모리,12/4,70.0,"애절한(3), 감상적인(2), 그리운(2), 슬픈(2), 쓸쓸한(2), 다이내믹한(1), 따뜻한(1), 몽환적인(1), 부드러운(1), 사색적인(1), 어두운(1), 에너지 넘치는(1), 잔잔한(1), 절제된(1), 진지한(1), 평온한(1), 평화로운(1), 표현적인(1), 향수 어린(1), 향토적인(1)","깨끗한(2), 단단한(2), 맑은(2), 가는(1), 담백한(1), 머금은 듯한(1), 밀도 있는(1), 뻗어 나가는(1), 시원한(1), 진한(1), 콧소리 나는(1), 탁 트인(1)","「상주모심기노래」는 경상도 민요로, 전형적인 메나리 토리의 특징을 지닌 민속악의 일환이다. 이 곡은 경상북도 상주의 ‘공갈못’이라는 역사적인 저수지와 관련이 있으며, 그 지역의 문화적 배경과 함께 청혼, 시집살이의 어려움, 농사의 고됨 등을 주제로 다양한 이야기를 담고 있다. 경상도민요는 메나리조의 노래가 많고, 노동요가 주를 이루며, 씩씩하고 꿋꿋한 느낌을 주는 것이 특징이다. 여창 가창자 김민지는 이 곡을 통해 목소리로 민요의 전통을 이어간다. 그녀의 발성은 명확하고 힘이 있으며, 시김새를 통해 곡의 정서를 섬세하게 표현한다. 특히, 그녀는 메나리조의 특성을 살려서 멜로디를 유연하게 구사하며, 각 음절의 강조를 통해 청중의 귀를 사로잡는다. 성량이 풍부하여 곡의 다양한 구간에서 안정적인 음역대를 유지하며, 호흡을 조절하여 긴장감과 여유를 동시에 느끼게 한다. 중모리의 리듬 위에서 김민지는 곡의 흐름을 자연스럽게 타고, 리듬에 맞춰 목소리를 적절히 변주하며 곡의 매력을 더욱 부각시킨다. 그녀의 호흡은 곡의 마무리를 장식하며, 전체적인 장르적 완성도를 높이는 데 기여한다.","The ""Sangju Mosimgi Nore"" is a folk song from Gyeongsang-do, characterized by the typical features of the Menari style, and is part of the traditional music repertoire. This piece is associated with the historical reservoir known as ""Gonggalmot"" in Sangju, Gyeongsangbuk-do, and it encompasses various narratives reflecting the cultural background of the region, including themes of courtship, the hardships of married life, and the toil of farming. Gyeongsang-do folk songs are abundant in Menari-style melodies, predominantly consisting of labor songs, and are noted for their vigorous and resilient character. The female vocalist Kim Min-ji carries on the tradition of folk music through her singing of this piece. Her vocalization is clear and powerful, delicately expressing the emotions of the song through her ornamentation. Notably, she skillfully employs the characteristics of the Menari style, executing the melody with flexibility and capturing the audience's attention through the emphasis on each syllable. With a rich vocal range, she maintains a stable pitch across various sections of the piece, managing her breath to convey both tension and ease simultaneously. Riding naturally on the rhythm of Jungmori, Kim Min-ji adeptly varies her voice in accordance with the rhythm, further highlighting the charm of the piece. Her breath culminates the song, contributing to the overall genre's completeness.","상주 함창 공갈못에 연밥 따는 저 처자야 연밥 줄밥 내따주마 우리 부모 섬겨다오
이배미 저배미 다심어 놓으니 또 한 배미가 남았구나 지가야 무슨 반달이야 초생달이 반달이지
고초 당초 맵다해도 시집 살이만 못하더라  나두야 죽어 후생가면 시집살이 안할라네
능청능청 저 비 끝에 시누 올케 마주앉아  나두야 커서 시집가서 우리 낭군 섬길라네
상주 함창 공갈못에 연밥 따는 저 처자야 연밥 줄밥 내따주마 우리 부모 섬겨다오
문어야 대전복 손에들고 친구집으로 놀러가니 니가 어데로 간곳없고 조각배만 놀아난다",상주 함창 공갈못에 / 연밥 따는 저 처자야 / 연밥 줄밥 내따주마 / 우리 부모 섬겨다오 / 이배미 저배미 다심어 놓으니 / 또 한 배미가 남았구나 / 지가야 무슨 반달이야 / 초생달이 반달이지 / 고초 당초 맵다해도 / 시집 살이만 못하더라 / 나두야 죽어 후생가면 / 시집살이 안할라네 / 능청능청 저 비 끝에 / 시누 올케 마주앉아 / 나두야 커서 시집가서 / 우리 낭군 섬길라네 / 상주 함창 공갈못에 / 연밥 따는 저 처자야 / 연밥 줄밥 내따주마 / 우리 부모 섬겨다오 / 문어야 대전복 손에들고 / 친구집으로 놀러가니 / 니가 어데로 간곳없고 / 조각배만 놀아난다,24.0,249.46
KC_TM_MF_MY_S000174,남도,민속악,민요,남도민요,물레타령 1,이주은,여창,Eb / Cm,중모리,9/8,200.0,"우울감 있는(2), 표현적인(2), 강렬한(1), 경쾌한(1), 귀여운(1), 다이내믹한(1), 마음을 울리는(1), 부드러운(1), 생기 있는(1), 서사적인(1), 신나는(1), 신비로운(1), 쓸쓸한(1), 애절한(1), 에너지 넘치는(1), 장엄한(1), 절제된(1), 향토적인(1), 활기찬(1)","묵직한(2), 밀도 있는(2), 걸쭉한(1), 긁히는(1), 단단한(1), 담백한(1), 맑은(1), 울리는(1), 정제된(1), 탁 트인(1)","물레타령은 실을 자를 때 부르던 노동요가 통속민요화된 남도민요로, 지루한 노동을 달래던 토속민요에서 기원한 곡이다. 이 곡은 남도 특유의 음악적 어법을 통해 물레질의 반복적인 행위와 정서를 표현하며, 민속악 중 민요라는 장르에 속한다. 여창 가창자 이주은의 목소리는 이 곡을 이끌어가는 핵심 요소로, 그녀는 전통적인 창법을 통해 곡의 흐름을 부드럽게 이어간다. 이주은은 발성에서 안정적인 음역을 유지하며, 시김새를 적절히 사용하여 곡의 감정을 전달한다. 그녀의 성량은 곡의 구조에 맞추어 적절히 조절되며, 호흡은 자연스럽게 이어져 곡 전체에 일관된 리듬감을 부여한다. 중모리장단의 리듬 위에서 이주은은 그루비한 흐름을 타며, 각 구절의 끝에서 호흡을 잘 조절하여 곡의 마무리를 장식하고, 전반적인 장르적 완성도를 높인다.","Mulletaeryeong is a labor song traditionally sung while cutting thread, which has evolved into a popular folk song of the Namdo region, originating from local songs that alleviated the tedium of labor. This piece expresses the repetitive actions and emotions of spinning through the unique musical idiom characteristic of Namdo, and it belongs to the genre of folk music within the realm of traditional music. The voice of the female vocalist Lee Joo-eun is a key element that drives this piece forward, as she seamlessly connects the flow of the song through traditional singing techniques. Lee Joo-eun maintains a stable vocal range while appropriately employing ornamentation to convey the song's emotions. Her vocal volume is adjusted to fit the structure of the piece, and her breathing flows naturally, providing a consistent sense of rhythm throughout the entire composition. Riding on the rhythm of the Jungmori jangdan, Lee Joo-eun navigates a groovy flow, skillfully managing her breath at the end of each phrase to embellish the conclusion of the piece and enhance the overall genre's completeness.","물레야 물레야 윙윙윙 돌아라 어리렁 서리렁 잘도 돈다
호롱불을 도도 희고 이 밤이 새도록 물레를 돌려 배를 낳네
물레야 물레야 윙윙윙 돌아라 어리렁 서리렁 잘도 돈다
삼 합사로 실을 뽑아 석 새 베를 짜게 할까 외올 실을 뽑아내어 보름새를 짤까
물레야 물레야 윙윙윙 돌아라 어리렁 서리렁 잘도 돈다
마포 갈포 실 뽑기난 삼한 시대의 유업이요
무명실로 베 짜기난 문익점 선생의 공덕이로구나
물레야 물레야 윙윙윙 돌아라 어리렁 서리렁 잘도 돈다
호롱불을 도도 희고 이 밤이 새도록 물레를 돌려 배를 낳네
물레야 물레야 윙윙윙 돌아라 어리렁 서리렁 잘도 돈다",물레야 물레야 윙윙윙 돌아라 / 어리렁 서리렁 잘도 돈다 / 호롱불을 도도 희고 이 밤이 새도록 / 물레를 돌려 배를 낳네 / 물레야 물레야 윙윙윙 돌아라 / 어리렁 서리렁 잘도 돈다 / 삼 합사로 실을 뽑아 석 새 베를 짜게 할까 / 외올 실을 뽑아내어 보름새를 짤까 / 물레야 물레야 윙윙윙 돌아라 / 어리렁 서리렁 잘도 돈다 / 마포 갈포 실 뽑기난 / 삼한 시대의 유업이요 / 무명실로 베 짜기난 / 문익점 선생의 공덕이로구나 / 물레야 물레야 윙윙윙 돌아라 / 어리렁 서리렁 잘도 돈다 / 호롱불을 도도 희고 이 밤이 새도록 / 물레를 돌려 배를 낳네 / 물레야 물레야 윙윙윙 돌아라 / 어리렁 서리렁 잘도 돈다,20.0,216.94
KC_TM_MF_MY_S000175,남도,민속악,민요,남도민요,까투리타령,이주은,여창,C / Am,자진모리,12/8,240.0,"경쾌한(3), 에너지 넘치는(3), 생기 있는(2), 해학적인(2), 감상적인(1), 강렬한(1), 귀여운(1), 그루브감 있는(1), 기품 있는(1), 다이내믹한(1), 신나는(1), 신명난(1), 영감을 주는(1), 영웅적인(1), 유쾌한(1), 즐거운(1), 진지한(1), 평온한(1), 표현적인(1), 향수 어린(1)","단단한(4), 뻗어 나가는(2), 시원한(2), 역동적인(2), 공명감 있는(1), 묵직한(1), 선명한(1), 유연한(1), 직진의(1), 진한(1), 힘 있는(1)","까투리타령은 남도 잡가 및 통속민요로서, 까투리 사냥을 나가는 내용을 자진모리장단에 맞춰 경쾌하게 노래하는 민속악의 일종이다. 이 곡은 남도민요의 특징을 잘 드러내며, 사냥의 긴박감과 흥분을 전하는 빠른 장단 속에서 가창자의 목소리가 중요한 역할을 한다. 여창 가창자 이주은의 목소리는 단단한 음색으로 곡의 에너지를 이끌어가며, 발성은 안정적이고 명확하여 청중에게 곡의 주제를 효과적으로 전달한다. 이주은은 멜로디를 표현할 때 시김새를 적절히 활용하여 전통적인 민속악의 감성을 살리며, 성량 또한 강하고 균형 잡혀 있어 곡의 리듬에 잘 어우러진다. 그녀의 호흡은 곡의 흐름을 자연스럽게 이어가며, 자진모리의 경쾌한 리듬 위에서 긴박한 감정을 고조시키는 데 기여한다. 이주은의 목소리는 빠른 장단 속에서도 안정감을 잃지 않으며, 곡의 마무리에서 호흡의 조절을 통해 긴장감을 유지하고, 장르적 완성도를 높이는 데 중요한 역할을 한다.","Kkaturi Taryeong is a type of folk music that belongs to the Namdo Jabka and popular folk song traditions, characterized by its lively singing about the theme of going out to hunt Kkaturi, performed in a Jajinmori Jangdan. This piece effectively showcases the features of Namdo Minyo, with the vocalist's voice playing a crucial role in conveying the urgency and excitement of the hunt within the fast tempo. The voice of female vocalist Lee Joo-eun leads the energy of the piece with a solid timbre, and her vocalization is stable and clear, effectively communicating the theme to the audience. When expressing the melody, Lee Joo-eun appropriately utilizes sigimsae to evoke the emotions of traditional folk music, and her vocal strength is both powerful and well-balanced, harmonizing well with the rhythm of the piece. Her breath control seamlessly maintains the flow of the music, contributing to the heightened emotions over the brisk rhythm of Jajinmori. Lee Joo-eun's voice remains stable even amidst the rapid tempo, and in the conclusion of the piece, her breath control plays a significant role in sustaining tension and enhancing the genre's overall completeness.","까투리 한 마리 푸드득 하니 매 방울이 떨렁 후여 후여 허허 까투리 사냥을 나간다
전라도라 지리산으로 꿩 사냥을 나간다
지리산을 넘어 무등산을 지나 나주 금성산을 당도허니
까투리 한 마리 푸드득 하니 매 방울이 떨렁 후여 후여 허허 까투리 사냥을 나간다
충청도라 계룡산으로 꿩 사냥을 나간다
충청도를 올라 계룡산을 넘어 경상도 가야산 당도하니
까투리 한 마리 푸드득 하니 매 방울이 떨렁 후여 후여 허허 까투리 사냥을 나간다  경상도라 태백산으로 꿩 사냥을 나간다
경상도를 올라 문경을 넘어 청양산 봉양산 당도허니
까투리 한 마리 푸드득 하니 매 방울이 떨렁 후여 후여 허허 까투리 사냥을 나간다
경기도라 삼각산으로 꿩사냥을 나간다
경기도를 올라 삼각산을 넘어 광주 산성을 당도하니
까투리 한 마리 푸드득 하니 매 방울이 떨렁 후여 후여 허허 까투리 사냥을 나간다
까투리 사냥을 나간다
까투리 한 마리 푸드득 하니 매 방울이 떨렁 후여 후여 허허 까투리 사냥을 나간다
전라도라 지리산으로 꿩 사냥을 나간다
지리산을 넘어 무등산을 지나 나주 금성산을 당도허니
까투리 한 마리 푸드득 하니 매 방울이 떨렁 후여 후여 허허 까투리 사냥을 나간다
충청도라 계룡산으로 꿩 사냥을 나간다
충청도를 올라 계룡산을 넘어 경상도 가야산 당도하니
까투리 한 마리 푸드득 하니 매 방울이 떨렁 후여 후여 허허 까투리 사냥을 나간다
경상도라 태백산으로 꿩 사냥을 나간다
경상도를 올라 문경을 넘어 청양산 봉양산 당도허니
까투리 한 마리 푸드득 하니 매 방울이 떨렁 후여 후여 허허 까투리 사냥을 나간다
경기도라 삼각산으로 꿩사냥을 나간다
경기도를 올라 삼각산을 넘어 광주 산성을 당도하니
까투리 한 마리 푸드득 하니 매 방울이 떨렁 후여 후여 허허 까투리 사냥을 나간다
까투리 사냥을 나간다",까투리 한 마리 푸드득 하니 매 방울이 떨렁 후여 후여 허허 까투리 사냥을 나간다 / 전라도라 지리산으로 꿩 사냥을 나간다 지리산을 넘어 무등산을 지나 나주 금성산을 당도허니 / 까투리 한 마리 푸드득 하니 매 방울이 떨렁 후여 후여 허허 까투리 사냥을 나간다 / 충청도라 계룡산으로 꿩 사냥을 나간다 충청도를 올라 계룡산을 넘어 경상도 가야산 당도하니 / 까투리 한 마리 푸드득 하니 매 방울이 떨렁 후여 후여 허허 까투리 사냥을 나간다 / 경상도라 태백산으로 꿩 사냥을 나간다 경상도를 올라 문경을 넘어 청양산 봉양산 당도허니 / 까투리 한 마리 푸드득 하니 매 방울이 떨렁 후여 후여 허허 까투리 사냥을 나간다 / 경기도라 삼각산으로 꿩사냥을 나간다 경기도를 올라 삼각산을 넘어 광주 산성을 당도하니 / 까투리 한 마리 푸드득 하니 매 방울이 떨렁 후여 후여 허허 까투리 사냥을 나간다 / 까투리 사냥을 나간다 / 까투리 한 마리 푸드득 하니 매 방울이 떨렁 후여 후여 허허 까투리 사냥을 나간다 / 전라도라 지리산으로 꿩 사냥을 나간다 지리산을 넘어 무등산을 지나 나주 금성산을 당도허니 / 까투리 한 마리 푸드득 하니 매 방울이 떨렁 후여 후여 허허 까투리 사냥을 나간다 / 충청도라 계룡산으로 꿩 사냥을 나간다 충청도를 올라 계룡산을 넘어 경상도 가야산 당도하니 / 까투리 한 마리 푸드득 하니 매 방울이 떨렁 후여 후여 허허 까투리 사냥을 나간다 / 경상도라 태백산으로 꿩 사냥을 나간다 경상도를 올라 문경을 넘어 청양산 봉양산 당도허니 / 까투리 한 마리 푸드득 하니 매 방울이 떨렁 후여 후여 허허 까투리 사냥을 나간다 / 경기도라 삼각산으로 꿩사냥을 나간다 경기도를 올라 삼각산을 넘어 광주 산성을 당도하니 / 까투리 한 마리 푸드득 하니 매 방울이 떨렁 후여 후여 허허 까투리 사냥을 나간다 / 까투리 사냥을 나간다,20.0,252.79
KC_TM_MF_MY_S000176,남도,민속악,민요,남도민요,개고리타령,염경애,여창,Db / Bbm,중중모리,12/8,140.0,"애절한(3), 긴장된(2), 쓸쓸한(2), 다이내믹한(1), 비통한(1), 서사적인(1), 신나는(1), 엄숙한(1), 에너지 넘치는(1), 우울한(1), 웅대한(1), 유쾌한(1), 진심 어린(1), 진지한(1), 차분한(1)","묵직한(2), 밀도 있는(2), 역동적인(2), 거친(1), 긁히는(1), 단단한(1), 담백한(1), 머금은 듯한(1), 뻗어 나가는(1), 선명한(1), 울리는(1), 진한(1)","개고리타령은 남도 잡가의 일종으로, 경기민요 개고리타령과는 다른 곡이며 개구리와의 연관성도 없다. 이 곡은 남도민요의 특성을 잘 보여주는 민속악의 한 형태로, 육자배기토리와 중중모리장단으로 구성되어 있다. 다양한 사설이 섞여 부르는 이 곡은 남도 특유의 구성지고 멋스러운 소리가 돋보인다. 여창 가창자 염경애의 목소리는 이 곡의 매력을 한층 더해준다. 그녀는 발성과 시김새를 통해 전통적인 창법을 잘 살리며, 각 음을 명확하게 표현하여 곡의 흐름을 자연스럽게 이끌어간다. 염경애는 성량을 조절하며 곡의 각 부분에 적절한 긴장감을 부여하고, 호흡을 통해 멜로디의 리듬을 잘 타며 곡의 감정선을 전달한다. 중중모리의 리듬 위에서 그녀의 목소리는 유연하게 흐르며, 호흡의 조절로 곡의 마무리를 장식하고 장르적 완성도를 높인다. 이처럼 염경애의 가창은 개고리타령이 가진 전통적 가치를 더욱 빛나게 한다.","Gaegoritarang is a type of Namdo folk song, distinct from the Gyeonggi folk song of the same name, and bears no connection to frogs. This piece exemplifies the characteristics of Namdo folk music and is structured in the Yukjabaegi-tori and Jungjungmori jangdan. The song, which incorporates various lyrics, showcases the unique and elegant sound typical of Namdo. The voice of the female vocalist, Yeom Gyeong-ae, further enhances the charm of this piece. She skillfully preserves traditional singing techniques through her vocalization and ornamentation, clearly articulating each note to guide the flow of the song naturally. Yeom Gyeong-ae adjusts her vocal volume to impart appropriate tension to each section of the piece, effectively conveying the emotional line of the melody through her breath control. Her voice flows gracefully over the Jungjungmori rhythm, and her management of breath beautifully concludes the piece, elevating its genre-specific completeness. In this way, Yeom Gyeong-ae's singing shines a brighter light on the traditional value inherent in Gaegoritarang.","어허어허 어기야 간다 간다 내가 돌아 나는 가 어리어허 어기야
새벽바람에 연초록 댕기 끝에는 진주시 옷고름엔 미라주 어덕밑에 귀남이 아니냐 설설 기여라 어허 둥둥 내딸이야
어리어허 어기야
도련님을 업고노니 좋을 호자가 절로나 부용작약의 모란화 탐화봉점이 좋을시구 소상동정 칠백리 일생보아도 좋을 호로구나 둥둥둥 호호 둥둥 내사랑
어리어허 어기야
놀아라 놀아라 늙어지면은 못 노나니 화무십일홍이요 저달도 차면 기운단다
늙은 시절 가기 전에 오날 이밤이 새기 전에 너희 둘이 마주 앉아 실컷 마음대로 잘 놀아라
어리어허 어기야
날개돋친 학이나 되면 공중에 훨훨 날아가 임 계신 곳 가건만 적수단신 이내몸이 날 개없이 어찌가
어리어허 어기야",어허어허 어기야 / 간다 간다 내가 돌아 나는 가 / 어리어허 어기야 / 새벽바람에 연초록 댕기 끝에는 진주시 옷고름엔 미라주 / 어덕밑에 귀남이 아니냐 설설 기여라 어허 둥둥 내딸이야 / 어리어허 어기야 / 도련님을 업고노니 좋을 호자가 절로나 부용작약의 모란화 탐화봉점이 좋을시구 / 소상동정 칠백리 일생보아도 좋을 호로구나 둥둥둥 호호 둥둥 내사랑 / 어리어허 어기야 / 놀아라 놀아라 늙어지면은 못 노나니 화무십일홍이요 저달도 차면 기운단다 / 늙은 시절 가기 전에 오날 이밤이 새기 전에 너희 둘이 마주 앉아 실컷 마음대로 잘 놀아라 / 어리어허 어기야 / 날개돋친 학이나 되면 공중에 훨훨 날아가 임 계신 곳 가건만 적수단신 이내몸이 날 개없이 어찌가 / 어리어허 어기야,14.0,212.18
KC_TM_MF_MY_S000177,남도,민속악,민요,남도민요,진도아리랑,염경애,여창,D / Bm,"세마치풍,중모리",9/8,260.0,"향토적인(3), 경쾌한(2), 명랑한(2), 신나는(2), 애절한(2), 에너지 넘치는(2), 감상적인(1), 드라마틱한(1), 마음을 울리는(1), 생기 있는(1), 신명난(1), 쓸쓸한(1), 유쾌한(1), 향수 어린(1), 희망적인(1), 희망찬(1)","걸쭉한(2), 긁히는(1), 담백한(1), 두터운(1), 묵직한(1), 밀도 있는(1), 밝은(1), 뻗어 나가는(1), 역동적인(1), 유연한(1), 진한(1), 탁 트인(1)","진도아리랑은 남도 육자배기토리를 바탕으로 한 대표적인 아리랑으로, 민속악 장르의 민요에 속한다. 이 곡은 '아리아리랑 쓰리쓰리랑'이라는 후렴구와 함께 세마치장단에 맞춰 흥과 한을 노래하며, 즉흥적으로 사설을 엮어 부르는 재미가 있어 대중적으로 사랑받는 곡이다. 여창 가창자 염경애의 목소리는 이 곡의 정수를 잘 표현하며, 그녀는 전통적인 창법을 통해 곡의 감성을 이끌어간다. 염경애는 발성을 통해 고음과 저음을 자유롭게 오가며, 시김새를 적절히 활용해 곡의 리듬과 멜로디를 풍부하게 만든다. 그녀의 성량은 곡의 흐름에 따라 조절되며, 강약의 변화를 통해 청중의 귀를 사로잡는다. 호흡의 조절 또한 중요한 요소로 작용하며, 곡의 전개에 따라 적절한 호흡을 통해 긴장감을 유지하고 마무리 부분에서는 여유를 주어 곡의 완성도를 높인다. 세마치풍과 중모리의 리듬 위에서 염경애는 곡의 흐름을 자연스럽게 타며, 그녀의 호흡이 곡의 마무리를 장식하고, 전체적인 장르적 특성을 더욱 부각시킨다.","Jindo Arirang is a representative Arirang based on the Namdo Yukjabaegi style, belonging to the genre of folk music. This piece features the refrain ""Ariari Arirang, Suri Suri Arirang,"" sung in accordance with the Semachi Jangdan, expressing both joy and sorrow, and it is widely loved for the enjoyment of improvising lyrics. The voice of female vocalist Yeom Gyeong-ae beautifully captures the essence of this piece, as she leads the emotional expression through traditional singing techniques. Yeom Gyeong-ae skillfully navigates between high and low notes with her vocalization, utilizing shigimsae appropriately to enrich the rhythm and melody of the piece. Her vocal volume is adjusted according to the flow of the song, captivating the audience with variations in intensity. Breath control also plays a crucial role, maintaining tension through appropriate breathing as the piece unfolds, while providing a sense of ease in the concluding section to enhance the overall quality of the performance. Riding the rhythms of Semachi and Jungmori, Yeom Gyeong-ae naturally flows with the music, her breath embellishing the conclusion of the piece and further highlighting the distinctive characteristics of the genre.","아리아리랑 스리스리랑 아라리가 났네 에헤헤 아리랑 음 음 음 아라리가 났네
문경세제는 웬 고갠가 구부야 구부구부가 눈물이로구나
아리아리랑 스리스리랑 아라리가 났네 에헤헤 아리랑 음 음 음 아라리가 났네 청천 하늘에 잔별도 많고 우리네 가슴속엔 희망도 많다
아리아리랑 스리스리랑 아라리가 났네 에헤헤 아리랑 음 음 음 아라리가 났네
산이 높아야 구렁도 깊지 조그마한 여자 소견이 얼마나 넓으리
아리아리랑 스리스리랑 아라리가 났네 에헤헤 아리랑 음 음 음 아라리가 났네
노다 가세 노다나 가세 저 달이 떴다 지도록 노다나 가세
아리아리랑 스리스리랑 아라리가 났네 에헤헤 아리랑 음 음 음 아라리가 났네
날 다려 가거라 날 다려 가거라 네 심중에 꼭 있거든 날 다려 가거라
아리아리랑 스리스리랑 아라리가 났네 에헤헤 아리랑 음 음 음 아라리가 났네
춥냐 덥냐 내 품안으로 들어라 벼개가 높고 낮으면 내 팔을 비어라
아리아리랑 스리스리랑 아라리가 났네 에헤헤 아리랑 음 음 음 아라리가 났네
해당화 한 송이를 와자지질끈 꺾어 우리님 머리 위에나 꽂아나 볼까
아리아리랑 스리스리랑 아라리가 났네 에헤헤 아리랑 음 음 음 아라리가 났네
약산 동래 진달래 꽃은 한송이만 피어도 모두 따라 핀다
아리아리랑 스리스리랑 아라리가 났네 에헤헤 아리랑 음 음 음 아라리가 났네
가지 많은 나무에 바람 잘 날 없고 자식 많은 우리 부모님 속 편할 날 없네
아리아리랑 스리스리랑 아라리가 났네 에헤헤 아리랑 음 음 음 아라리가 났네",아리아리랑 스리스리랑 아라리가 났네 / 에헤헤 아리랑 음 음 음 아라리가 났네 / 문경세제는 웬 고갠가 / 구부야 구부구부가 눈물이로구나 / 아리아리랑 스리스리랑 아라리가 났네 에헤헤 / 아리랑 음 음 음 아라리가 났네 / 청천 하늘에 잔별도 많고 / 우리네 가슴속엔 희망도 많다 / 아리아리랑 스리스리랑 아라리가 났네 에헤헤 / 아리랑 음 음 음 아라리가 났네 / 산이 높아야 구렁도 깊지 / 조그마한 여자 소견이 얼마나 넓으리 / 아리아리랑 스리스리랑 아라리가 났네 에헤헤 / 아리랑 음 음 음 아라리가 났네 / 노다 가세 노다나 가세 / 저 달이 떴다 지도록 노다나 가세 / 아리아리랑 스리스리랑 아라리가 났네 에헤헤 / 아리랑 음 음 음 아라리가 났네 / 날 다려 가거라 날 다려 가거라 / 네 심중에 꼭 있거든 날 다려 가거라 / 아리아리랑 스리스리랑 아라리가 났네 에헤헤 / 아리랑 음 음 음 아라리가 났네 / 춥냐 덥냐 내 품안으로 들어라 / 벼개가 높고 낮으면 내 팔을 비어라 / 아리아리랑 스리스리랑 아라리가 났네 에헤헤 / 아리랑 음 음 음 아라리가 났네 / 해당화 한 송이를 와자지질끈 꺾어 / 우리님 머리 위에나 꽂아나 볼까 / 아리아리랑 스리스리랑 아라리가 났네 에헤헤 / 아리랑 음 음 음 아라리가 났네 / 약산 동래 진달래 꽃은 / 한송이만 피어도 모두 따라 핀다 / 아리아리랑 스리스리랑 아라리가 났네 에헤헤 / 아리랑 음 음 음 아라리가 났네 / 가지 많은 나무에 바람 잘 날 없고 / 자식 많은 우리 부모님 속 편할 날 없네 / 아리아리랑 스리스리랑 아라리가 났네 에헤헤 / 아리랑 음 음 음 아라리가 났네,38.0,316.42
KC_TM_MF_MY_S000178,남도,민속악,민요,남도민요,보렴,염경애,여창,E / Dbm,중모리,12/4,60.0,"표현적인(3), 불가사의한(2), 쓸쓸한(2), 애절한(2), 강렬한(1), 그루브감 있는(1), 그리운(1), 긴장된(1), 다이내믹한(1), 비통한(1), 사색적인(1), 슬픈(1), 엄숙한(1), 영감을 주는(1), 절제된(1), 진심 어린(1), 침울한(1), 향수 어린(1)","단단한(2), 담백한(2), 뻗어 나가는(2), 쇳소리 나는(2), 거친(1), 걸쭉한(1), 긁히는(1), 머금은 듯한(1), 묵직한(1), 안쪽에서 울리는(1), 정제된(1), 힘 있는(1)","보렴은 남도 잡가의 첫머리에 부르는 노래로, 불교의 축원문을 바탕으로 나라의 태평과 안녕을 기원하는 내용을 담고 있는 민속악의 한 형태이다. 이 곡은 남도민요의 특징이 잘 드러나며, 장중하고 엄숙한 분위기로 시작하여 점차 고조되는 음악적 구조를 가진다. 여창 가창자 염경애의 목소리는 이 곡의 진행을 이끌어가는 중요한 요소로, 그녀는 발성을 통해 깊은 감정을 전달하며, 시김새를 섬세하게 조절하여 전통적인 민요의 매력을 잘 표현한다. 그녀의 성량은 곡의 전개에 맞춰 적절하게 변화하며, 호흡의 조절을 통해 멜로디의 흐름을 자연스럽게 이어간다. 중모리의 리듬 위에서 가창자는 곡의 리듬을 타며, 호흡의 여유를 통해 각 구절을 명확하게 구분짓고, 곡의 마무리에서는 호흡을 활용하여 여운을 남기며 장르적 완성도를 높인다. 이처럼 염경애의 창법은 곡의 구조를 충실히 반영하며, 남도민요의 전통을 잘 계승하고 있다.","Boryeom is a song sung at the beginning of Namdo Jabka, a form of folk music that expresses wishes for the peace and well-being of the nation, based on Buddhist prayers. This piece distinctly showcases the characteristics of Namdo Minyo, starting with a solemn and dignified atmosphere and gradually building in intensity within its musical structure. The voice of the female vocalist, Yeom Gyeong-ae, serves as a crucial element guiding the progression of the piece; she conveys deep emotions through her vocalization and delicately adjusts the nuances, effectively expressing the charm of traditional folk songs. Her vocal range adapts appropriately to the development of the piece, and through controlled breathing, she seamlessly connects the flow of the melody. Over the rhythm of Jungmori, the vocalist rides the rhythm of the song, clearly distinguishing each phrase with a relaxed breath, and at the conclusion of the piece, she utilizes her breath to leave a lingering resonance, enhancing the genre's completeness. In this way, Yeom Gyeong-ae's singing style faithfully reflects the structure of the piece while well inheriting the tradition of Namdo Minyo.","상래소수 공덕해요 회향삼처 실원만을 봉위 주상전하 수만세요
왕비전하 수제연의 세자전하 수천추요 선왕선후 원왕생
제궁종실 각 안녕 문무백위 진충량 도내방백 위여있고 성주합하
중일품 국태민안이 범중연이라 나무천룡 지신님네",상래소수 / 공덕해요 / 회향삼처 / 실원만을 / 봉위 주상전하 / 수만세요 / 왕비전하 / 수제연의 / 세자전하 / 수천추요 / 선왕선후 / 원왕생 / 제궁종실 / 각 안녕 / 문무백위 / 진충량 / 도내방백 / 위여있고 / 성주합하 / 중일품 / 국태민안이 범중연이라 / 나무천룡 / 지신님네,23.0,279.02
KC_TM_MF_MY_S000179,남도,민속악,민요,남도민요,육자배기,조정희,여창,E / Dbm,진양,18/8,90.0,"기품 있는(2), 비통한(2), 애절한(2), 그리운(1), 긴장된(1), 다이내믹한(1), 명상적인(1), 몽환적인(1), 서사적인(1), 슬픈(1), 쓸쓸한(1), 우울감 있는(1), 우울한(1), 웅대한(1), 절제된(1), 진심 어린(1), 진지한(1), 차분한(1), 침울한(1), 표현적인(1)","진한(3), 머금은 듯한(2), 묵직한(2), 안쪽에서 울리는(2), 거친(1), 걸쭉한(1), 단단한(1), 뻗어 나가는(1), 섬세한(1), 쇳소리 나는(1), 울리는(1), 콧소리 나는(1)","육자배기는 남도 지방의 대표적인 민요이자 잡가로, 삶의 애환을 진한 육자배기토리 선율에 담아 부르는 곡이다. 이 곡은 느린 진양조장단으로 시작하여 깊은 한을 토해내듯 부르는 것이 특징이며, 남도 소리의 진수를 느낄 수 있는 민속악 > 민요 장르에 속한다. 여창 가창자 조정희의 목소리는 이 곡을 이끌어가는 중요한 요소로 작용한다. 그녀는 발성과 시김새를 통해 곡의 감정과 의미를 전달하며, 전통적인 남도민요의 창법을 충실히 따르면서도 개인적인 해석을 더한다. 조정희는 목소리의 성량을 조절하여 진양조의 느린 리듬에 맞춰 유연하게 흐름을 타며, 각 음을 길게 늘여 부르면서도 호흡을 적절히 조절하여 긴장감과 안정감을 동시에 유지한다. 그녀의 시김새는 전통적인 요소를 잘 살리면서도 감정의 깊이를 더하는 방식으로 표현되며, 이는 곡의 서사를 더욱 풍부하게 만든다. 진양의 리듬 위에서 조정희는 호흡의 흐름을 잘 맞추어 곡의 마무리를 장식하며, 이러한 호흡의 조절은 곡 전반의 완성도를 높이는 데 기여한다. 전체적으로 조정희의 목소리는 육자배기의 전통적인 특성을 잘 살리면서도 그녀만의 독특한 해석을 더하는 중요한 역할을 한다.","Yukjabaegi is a representative folk song and narrative song from the Namdo region, encapsulating the joys and sorrows of life within the rich melodies of Yukjabaegi-tori. This piece begins with a slow Jinyangjo jangdan, characterized by a deep expression of sorrow, and belongs to the genre of folk music, specifically the minyo, where one can truly experience the essence of Namdo sound. The voice of female vocalist Jo Jeong-hee serves as a crucial element in guiding this piece. Through her vocalization and stylistic nuances, she conveys the emotions and meanings of the song, faithfully adhering to the traditional singing style of Namdo folk songs while also adding her personal interpretation. Jo Jeong-hee skillfully adjusts her vocal volume to flow smoothly with the slow rhythm of the Jinyangjo, elongating each note while managing her breath to maintain both tension and stability. Her stylistic nuances enhance the traditional elements while deepening the emotional expression, enriching the narrative of the piece. Over the rhythm of Jinyang, Jo Jeong-hee harmonizes her breath to beautifully conclude the song, and this control of breath contributes to the overall completeness of the piece. Overall, Jo Jeong-hee's voice plays a significant role in preserving the traditional characteristics of Yukjabaegi while infusing it with her unique interpretation.","산이러구나 헤
인연이 있고도 이러든거나 연분이 안될라고 이지경이 되드냐
전생 차생 무슨 죄로 우리 둘이 삼겨나서 이지경이 왠 일이란 말이냐
아이고 답답한 이내 심정 어느 누구가 알거나 헤
연당호 밝은 달 아래 채련허든 아이들아
십리장강 배를 띄워 물결이 곱다고 말어라
그 물에 잠든 용이 깨고 보면은 풍파 일까 염려로구나 헤",산이러 / 구나 헤 / 인연이 있고도 / 이러든거나 / 연분이 안될라고 / 이지경이 되드냐 / 전생 차생 무슨 죄로 / 우리 둘이 삼겨나서 / 이지경이 왠 일이란 말이냐 / 아이고 답답한 이내 심정 / 어느 누구가 알거나 헤 / 연당호 밝은 달 아래 / 채련허든 아이들아 / 십리장강 배를 띄워 물결이 곱다고 말어라 / 그 물에 잠든 용이 깨고 보면은 / 풍파 일까 염려로 / 구나 헤,17.0,338.04
KC_TM_MF_MY_S000180,남도,민속악,민요,남도민요,자진육자배기,조정희,여창,E / Dbm,진양,9/8,120.0,"강렬한(2), 다이내믹한(2), 애절한(2), 진지한(2), 강한(1), 드라마틱한(1), 비통한(1), 사색적인(1), 쓸쓸한(1), 애정 어린(1), 열정적인(1), 우울감 있는(1), 장엄한(1), 향토적인(1), 활기찬(1)","거친(1), 걸쭉한(1), 공명감 있는(1), 긁히는(1), 단단한(1), 매끄러운(1), 머금은 듯한(1), 묵직한(1), 비강 울림이 있는(1), 뻗어 나가는(1), 쇳소리 나는(1), 시원한(1), 안쪽에서 울리는(1), 울리는(1), 직진의(1), 진한(1), 힘 있는(1)","자진육자배기는 남도 잡가 육자배기에 이어 부르는 곡으로, 향토민요가 무대 공연용 예술음악으로 정착된 민속악의 대표적인 예이다. 이 곡은 남도민요의 특징을 잘 드러내며, 빠른 3박자 장단인 세마치로 진행되지만, 선율의 음악적 특징은 육자배기와 유사하다. 여창 가창자 조정희의 목소리는 이 곡의 흐름을 이끌어가는 중요한 요소로, 그녀는 발성에서 안정적인 음역대를 유지하며, 시김새를 통해 전통적인 감정을 표현한다. 조정희는 곡의 구조에 맞춰 멜로디를 유연하게 전달하며, 각 음절에 감정을 담아내는 창법을 구사한다. 그녀의 성량은 곡의 전개에 따라 적절히 조절되며, 호흡은 긴 구절을 부드럽게 이어가도록 돕는다. 특히, 진양의 리듬 위에서 조정희의 목소리는 곡의 흐름을 자연스럽게 타고, 그녀의 호흡은 마무리 부분에서 곡의 완성도를 높이는 역할을 한다. 이러한 요소들은 자진육자배기가 전통적인 민속악의 아름다움을 지니고 있음을 잘 보여준다.","Jajin Yukjabaegi is a song that follows the Namdo Jangdan Yukjabaegi, representing a quintessential example of folk music that has established itself as performance art. This piece effectively showcases the characteristics of Namdo folk songs, progressing in a brisk 3/4 time signature known as Semachi, while the melodic features are similar to those of Yukjabaegi. The voice of the female vocalist Jo Jeong-hee is a crucial element that guides the flow of the piece; she maintains a stable vocal range in her delivery and expresses traditional emotions through her use of vocal ornamentation, or sigimsae. Jo Jeong-hee flexibly conveys the melody in accordance with the song's structure, employing a singing technique that imbues each syllable with emotion. Her vocal volume is appropriately adjusted throughout the development of the piece, and her breath control aids in smoothly connecting longer phrases. Notably, over the rhythm of Jinyang, Jo Jeong-hee's voice naturally rides the flow of the song, and her breath plays a vital role in enhancing the overall completeness of the piece during its concluding sections. These elements collectively illustrate the beauty inherent in Jajin Yukjabaegi as a traditional folk music form.","어어야 어허야 이히이히이히 네로구나 헤
어 어허 어허 어허 어루 산이로구나 헤
나는 그대를 생각허기를 하루도 열백번이나 생각 허는듸
그대는 날 생각 넌 줄 알 수가 없구나 헤
잠이 들면 꿈꾸이고 꿈을 꾸면 님이 와서
나의 목을 부여 안고 내사랑아 잘있느냐
그 말이 귀에가 쟁쟁허여 나는 못 살겄구나 헤
연걸렸구나 연이 걸려 오가피 상나무에가 연걸렸네
삼천동 남자들아 연날려줄거나 헤
새야 너무 우지지지를 밀어라 나도 지척에다가 정든 님 두고
마음이 심숭삼숭 산란헌듸 너 마저 내 창전에 와서 설리 울고갈거나 헤
꽃과 같이 고운 님을 열매 같이 맺어두고
가지 같이 많은 정에 뿌리 같이 깊었건만은
언제나 그립고 못 보는게 무슨 사정이로구나 헤",어어야 어허야 이히이히이히 네로구나 헤 / 어 어허 어허 어허 어루 산이로구나 헤 / 나는 그대를 생각허기를 / 하루도 열백번이나 생각 허는듸 / 그대는 날 생각 넌 줄 알 수가 없구나 헤 / 잠이 들면 꿈꾸이고 / 꿈을 꾸면 님이 와서 / 나의 목을 부여 안고 내사랑아 잘있느냐 / 그 말이 귀에가 쟁쟁허여 / 나는 못 살겄구나 헤 / 연걸렸구나 연이 걸려 오가피 상나무에가 연걸렸네 / 삼천동 남자들아 연날려줄거나 헤 / 새야 너무 우지지지를 밀어라 나도 지척에다가 정든 님 두고 / 마음이 심숭삼숭 산란헌듸 / 너 마저 내 창전에 와서 / 설리 울고갈거나 헤 / 꽃과 같이 고운 님을 열매 같이 맺어두고 / 가지 같이 많은 정에 / 뿌리 같이 깊었건만은 / 언제나 그립고 못 보는게 / 무슨 사정이로구나 헤,21.0,264.02
KC_TM_MF_MY_S000181,남도,민속악,민요,남도민요,삼산은 반락,조정희,여창,E / Dbm,세마치,9/8,270.0,"애절한(4), 강한(3), 강렬한(2), 다이내믹한(2), 에너지 넘치는(2), 강력한(1), 관능적인(1), 그루브감 있는(1), 그리운(1), 드라마틱한(1), 마음을 울리는(1), 몽환적인(1), 서사적인(1), 신명난(1), 쓸쓸한(1), 여유로운(1), 열정적인(1), 영웅적인(1), 우울감 있는(1), 웅대한(1), 유려한(1), 장엄한(1), 진심 어린(1), 표현적인(1), 품위 있는(1), 향수 어린(1), 향토적인(1)","거친(3), 진한(3), 걸쭉한(2), 머금은 듯한(2), 시원한(2), 안쪽에서 울리는(2), 울리는(2), 탁 트인(2), 긁히는(1), 단단한(1), 두터운(1), 쇳소리 나는(1), 역동적인(1), 힘 있는(1)","삼산은반락은 남도 민요의 특징을 잘 드러내는 민속악으로, 이백의 시 구절을 인용한 후렴구와 함께 흥겨운 가락으로 노래하며 육자배기의 슬픈 감정을 경쾌하게 승화시키는 곡이다. 여창 가창자 조정희의 목소리는 이 곡의 정수를 이끌어가며, 애절한 감정을 담아내는 데 중점을 둔다. 그녀의 발성은 곡의 리듬과 감정을 섬세하게 표현하며, 시김새를 통해 전통적인 민요의 맛을 살린다. 성량은 적절하게 조절되며, 호흡은 안정적이고 자연스럽게 이어져 곡의 흐름을 부드럽게 만든다. 세마치의 리듬 위에서 조정희는 곡의 경쾌함과 애절함을 동시에 전달하며, 그녀의 호흡은 곡의 마무리를 장식하고 장르적 완성도를 높이는 데 기여한다. 이러한 요소들이 모여 삼산은반락은 남도민요의 매력을 한층 더 돋보이게 한다.","Samsan Eonbanrak is a folk piece that distinctly showcases the characteristics of Namdo minyo, featuring a lively melody that incorporates a refrain quoting lines from the poetry of Lee Baek, while transforming the sorrowful emotions of Yukjabaegi into a cheerful expression. The voice of the female vocalist Jo Jeong-hee leads the essence of this piece, focusing on conveying poignant emotions. Her vocalization delicately articulates the rhythm and feelings of the song, preserving the traditional flavor of folk music through her use of sigimsae. The volume is appropriately controlled, and her breath is stable and natural, allowing for a smooth flow throughout the piece. Over the rhythm of semachi, Jo Jeong-hee simultaneously conveys both the liveliness and the pathos of the composition, with her breath enhancing the conclusion of the piece and contributing to its genre-specific completeness. These elements collectively accentuate the allure of Samsan Eonbanrak as a representative of Namdo minyo.","삼산은 반락 청천외요 이수중분은 백로주로구나
말은 가자고 내굽을 치는듸 님을 꼭 븥들고 아니 놓네
가노라 간다 내가 돌아 나는 간다 떨떨 거리고 내가 돌아간다
옛 듣던 청산 두견이로다 자주 운다고 각 새 소리
차자다래 걸었던 유문지우사 이리 저첩 저리 저첩 무너져
무릎밑에 진득이 눌렀다 머리를 동이고 반물 치마자락을 내 둘러쳤네
나는 오날 우리 부친 이별을 허고 죽으러가는 길이로다
춥냐 덥냐 내 품 안으로 들어라 베개가 높고 낮거든 내 팔을 비어라
저기 떴는 저 구름은 무슨 비바람을 품었든고
해당화 한 송이를 와자지질끈 꺾어 우리님 머리 우에다 꽂아나 줄까
치어다 보느냐 만학은 천봉이요 내려굽어보니 백사지로구나
춘풍도리 화개야에 꽃만 피어도 님의 생각
날 다려가거라 날 다려가거라 니 심중에 꼭 있거든 날 다려가거라
정이라 허는 것을 아니 주려고 허였는듸 우연히 가는 정을 어쩔 수가 없네",삼산은 반락 청천외요 이수중분은 백로주로구나 / 말은 가자고 내굽을 치는듸 님을 꼭 븥들고 아니 놓네 / 가노라 간다 내가 돌아 나는 간다 떨떨 거리고 내가 돌아간다 / 옛 듣던 청산 두견이로다 자주 운다고 각 새 소리 / 차자다래 걸었던 유문지우사 이리 저첩 저리 저첩 무너져 / 무릎밑에 진득이 눌렀다 머리를 동이고 / 반물 치마자락을 내 둘러쳤네 / 나는 오날 우리 부친 이별을 허고 죽으러가는 길이로다 / 춥냐 덥냐 내 품 안으로 들어라 베개가 높고 낮거든 내 팔을 비어라 / 저기 떴는 저 구름은 무슨 비바람을 품었든고 / 해당화 한 송이를 와자지질끈 꺾어 우리님 머리 우에다 꽂아나 줄까 / 치어다 보느냐 만학은 천봉이요 내려굽어보니 백사지로구나 / 춘풍도리 화개야에 꽃만 피어도 님의 생각 / 날 다려가거라 날 다려가거라 니 심중에 꼭 있거든 날 다려가거라 / 정이라 허는 것을 아니 주려고 허였는듸 우연히 가는 정을 어쩔 수가 없네,15.0,220.03
KC_TM_MF_MY_S000182,남도,민속악,민요,남도민요,흥타령,염경애,여창,D / Bm,중모리,12/4,60.0,"애절한(3), 슬픈(2), 쓸쓸한(2), 어두운(2), 우울감 있는(2), 진지한(2), 향토적인(2), 그리운(1), 기품 있는(1), 비통한(1), 엄숙한(1), 웅대한(1), 절제된(1), 진심 어린(1), 침울한(1), 표현적인(1)","묵직한(3), 밀도 있는(2), 진한(2), 담백한(1), 두터운(1), 맑은(1), 울리는(1), 탁 트인(1)","흥타령은 남도 잡가의 대표적인 곡으로, 경기민요와는 구별되는 남도민요의 특징을 잘 드러낸다. 이 곡은 인생의 무상함과 애절한 감정을 중모리장단에 담아 노래하며, 후렴구인 '아이고 데고 허허 성화가 났네'는 깊은 탄식과 한을 자아낸다. 여창 가창자 염경애의 목소리는 이 곡의 감정을 이끌어가는 중요한 요소로 작용한다. 그녀는 발성에서 안정적인 음역대를 유지하며, 시김새를 적절히 사용하여 곡의 감정을 표현한다. 특히 중모리장단에 맞춰서 리듬의 흐름을 잘 타며, 멜로디를 유연하게 구사한다. 염경애는 성량을 조절하여 각 구절의 강조점을 잘 살리며, 호흡을 통해 곡의 긴장감을 조절한다. 이러한 호흡은 곡의 전개에서 자연스럽게 이어지며, 중모리의 리듬 위에서 그녀의 목소리가 유기적으로 연결된다. 곡의 마무리에서는 호흡을 통해 여운을 남기며, 장르적 완성도를 높이는 데 기여한다.","Heungtaryeong is a representative piece of Namdo folk song, distinctly showcasing the characteristics of Namdo minyo, which can be differentiated from Gyeonggi minyo. This song encapsulates the transience of life and poignant emotions within the medium tempo Jangdan, with the refrain ""Aigo dego heoheo seonghwa ga natne"" evoking deep sighs and a sense of sorrow. The voice of the female vocalist, Yeom Gyeong-ae, serves as a crucial element in conveying the emotions of the piece. She maintains a stable vocal range in her singing, appropriately utilizing vocal embellishments to express the song's sentiments. Particularly, she adeptly follows the rhythmic flow aligned with the medium tempo Jangdan, executing the melody with flexibility. Yeom Gyeong-ae skillfully adjusts her vocal volume to highlight the emphasis of each phrase, while her breath control modulates the tension of the song. This breathing is seamlessly integrated into the development of the piece, allowing her voice to connect organically over the rhythm of the medium tempo. In the conclusion of the song, her breath leaves a lingering resonance, contributing to the overall artistic completeness of the genre.","아이고 대고 허허 흥 성화가 났네 헤
아깝다 내 청춘 언제 다시 올거나
철따라 봄은가고 봄따라 청춘가니 오난 백발을 어이 헐거나
아이고 대고 허허 흥 성화가 났네 헤
국화야 너는 어이 음음음 삼월동풍을 다버리고
낙목한천 찬바람에 어이 홀로 피었느냐 아마도 능상 고절이 너뿐인가 하노라
아이고 대고 허허 나 성화가 났네 헤
한일자 마음심자로 혈서를 썼더니 일심은 어디가고
이제와서 변했으니 가을바람 단풍잎이 되었네
아이고 대고 허허 나 성화가 났네 헤
꿈이로다 꿈이로다 모두가 다 꿈이로다 너도나도 꿈속이요 이것저것이 꿈이로다
꿈깨이니 또 꿈이요 깨인 꿈도 꿈이로다 꿈에나서 꿈에살고 꿈에죽어 가는인생
부질없다 깨려는 꿈 꿈은 꾸어서 무엇을 할거나
아이고 대고 허허 나 성화가 났네 헤
허무한 세상에 음음음 사람을 내일제 웃는길과 우는길은 그 누가 내셨든고 뜻이나 일러주오 웃는 길 찾으려고 헤메여 왔것만은 웃는길은 여영없고 아미타불 관세음보살님 치성으로 부르고 불러 이생에 맺힌 한을 후생이나 불러주시라 염불 발원을 허여볼라네
아이고 대고 허허 나 성화가 났네 헤",아이고 대고 허허 흥 / 성화가 났네 헤 / 아깝다 내 청춘 / 언제 다시 올거나 / 철따라 봄은가고 봄따라 청춘가니 / 오난 백발을 어이 헐거나 / 아이고 대고 허허 흥 / 성화가 났네 헤 / 국화야 너는 어이 음음음 / 삼월동풍을 다버리고 / 낙목한천 찬바람에 어이 홀로 피었느냐 / 아마도 능상 고절이 너뿐인가 하노라 / 아이고 대고 허허 / 성화가 났네 헤 / 한일자 마음심자로 / 혈서를 썼더니 / 일심은 어디가고 이제와서 변했으니 / 가을바람 단풍잎이 되었네 / 아이고 대고 허허 / 성화가 났네 헤 / 꿈이로다 꿈이로다 모두가 다 꿈이로다 / 너도나도 꿈속이요 이것저것이 꿈이로다 / 꿈깨이니 또 꿈이요 깨인 꿈도 꿈이로다 / 꿈에나서 꿈에살고 꿈에죽어 가는인생 / 부질없다 깨려는 꿈 / 꿈은 꾸어서 무엇을 할거나 / 아이고 대고 허허 너 / 성화가 났네 헤 / 허무한 세상에 음음음 / 사람을 내일제 / 웃는길과 우는길은 그 누가 내셨든고 / 뜻이나 일러주오 웃는 길 찾으려고 / 헤메여 왔것만은 웃는길은 여영없고 / 아미타불 관세음보살님 / 치성으로 부르고 불러 / 이생에 맺힌 한을 후생이나 불러주시라 / 염불 발원을 허여볼라네 / 아이고 대고 허허 나 / 성화가 났네 헤,39.0,468.02
KC_TM_MF_MY_S000183,남도,민속악,민요,남도민요,방아타령1,염경애,여창,D / Bm,중중모리,12/8,140.0,"표현적인(2), 감상적인(1), 경쾌한(1), 마음을 울리는(1), 생기 있는(1), 신나는(1), 쓸쓸한(1), 애절한(1), 어두운(1), 엄숙한(1), 에너지 넘치는(1), 여유로운(1), 유쾌한(1), 진지한(1), 차분한(1), 평온한(1), 품위 있는(1), 향토적인(1)","걸쭉한(2), 머금은 듯한(2), 단단한(1), 담백한(1), 묵직한(1), 뻗어 나가는(1), 시원한(1), 안쪽에서 울리는(1), 울리는(1), 콧소리 나는(1), 힘 있는(1)","방아타령은 판소리 심청가 중 '심봉사 황성 올라가는 대목'에 삽입된 민속악의 일종으로, 본래 민요였던 노래가 판소리로 편입된 곡이다. 이 곡은 남도민요의 특징을 잘 드러내며, 전통적인 민속 문화의 정수를 담고 있다. 여창 가창자 염경애는 이 곡에서 특유의 창법으로 곡을 이끌어가며, 발성과 시김새를 통해 방아를 찧는 모습과 그 과정의 정서를 전달한다. 그녀의 목소리는 가창의 각 부분에서 명확한 음절 구분과 함께 리드미컬한 흐름을 유지하며, 시김새를 적절히 활용하여 곡의 전통적인 요소를 강조한다. 염경애는 성량을 조절하면서도 곡의 긴장감을 유지하고, 호흡을 통해 멜로디의 흐름을 자연스럽게 이어간다. 중중모리의 리듬 위에서 그녀는 곡의 구조를 잘 파악하고, 리듬에 맞춰 유연하게 변화를 주며 듣는 이로 하여금 흥미를 끌게 한다. 곡의 마무리에서는 호흡을 적절히 조절하여 여운을 남기며, 전통 민속악의 완성도를 높이는 역할을 한다.","Bangataeryeong is a type of folk music incorporated into the 'Sim Bongsa Hwangseong Olraganeun Daemok' section of the pansori piece Simcheongga, originally a folk song that has been adapted into pansori. This piece distinctly showcases the characteristics of Namdo minyo and encapsulates the essence of traditional folk culture. Female vocalist Yeom Gyeong-ae leads the piece with her unique singing style, conveying the imagery of pounding rice and the emotions involved in the process through her vocalization and embellishments. Her voice maintains a clear distinction of syllables and a rhythmic flow throughout the various sections of the performance, effectively utilizing embellishments to emphasize the traditional elements of the piece. Yeom Gyeong-ae skillfully manages her vocal power while sustaining the tension of the song, seamlessly connecting the flow of the melody through her breath control. Over the rhythm of jungjungmori, she adeptly grasps the structure of the piece, introducing flexible variations in accordance with the rhythm, thus captivating the listeners. In the conclusion of the piece, she appropriately regulates her breath to leave a lingering resonance, enhancing the overall quality of traditional folk music.","어유아 방아요 어유아 방아요 떨그덩떵 잘 찧는다 어유아 방아요
이 방아가 뉘방아냐 강태공의 조작이로다
어유아 방아요
태고라 천황씨는 이 목떡으로 왕허였으니 남기아니 중할 손가
어유아 방아요
유소시 구목이소 이 남기로 집지셨나
어유아 방아요
옥빈홍안의 비녀런가 가는 허리의 잠이 질렀구나
어유아 방아요
머리들어 오르는양은 창해노령이 성을 낸 듯
어유아 방아요 떨그덩떵 잘 찧는다 어유아 방아요
이 방아가 뉘방아냐 강태공의 조작이로다
어유아 방아요
태고라 천황씨는 이 목떡으로 왕허였으니 남기아니 중할 손가
어유아 방아요
유소시 구목이소 이 남기로 집지셨나
어유아 방아요
옥빈홍안의 비녀런가 가는 허리의 잠이 질렀구나
어유아 방아요
머리들어 오르는양은 창해노령이 성을 낸 듯
어유아 방아요 떨크덩떵 잘 찧는다 어유아 방아요
이 방아가 뉘방아냐 강태공의 조작이로다
어유아 방아요
태고라 천황씨는 이 목떡으로 왕허였으니 남기아니 중할 손가
어유아 방아요",어유아 방아요 어유아 방아요 / 떨그덩떵 잘 찧는다 어유아 방아요 / 이 방아가 뉘방아냐 강태공의 조작이로다 어유아 방아요 / 태고라 천황씨는 이 목떡으로 왕허였으니 남기아니 중할 손가 어유아 방아요 / 유소시 구목이소 이 남기로 집지셨나 어유아 방아요 / 옥빈홍안의 비녀런가 가는 허리의 잠이 질렀구나 어유아 방아요 / 머리들어 오르는양은 창해노령이 성을 낸 듯 어유아 방아요 / 떨그덩떵 잘 찧는다 어유아 방아요 / 이 방아가 뉘방아냐 강태공의 조작이로다 어유아 방아요 / 태고라 천황씨는 이 목떡으로 왕허였으니 남기아니 중할 손가 어유아 방아요 / 유소시 구목이소 이 남기로 집지셨나 어유아 방아요 / 옥빈홍안의 비녀런가 가는 허리의 잠이 질렀구나 어유아 방아요 / 머리들어 오르는양은 창해노령이 성을 낸 듯 어유아 방아요 / 떨크덩떵 잘 찧는다 어유아 방아요 / 이 방아가 뉘방아냐 강태공의 조작이로다 어유아 방아요 / 태고라 천황씨는 이 목떡으로 왕허였으니 남기아니 중할 손가 어유아 방아요,16.0,241.75
KC_TM_MF_MY_S000184,남도,민속악,민요,남도민요,방아타령2,염경애,여창,D / Bm,자진모리,12/8,300.0,"에너지 넘치는(3), 강렬한(2), 긴장감 넘치는(2), 신나는(2), 활기찬(2), 강력한(1), 경쾌한(1), 그루브감 있는(1), 긴장된(1), 서사적인(1), 신명난(1), 엄숙한(1), 진심 어린(1), 해학적인(1), 희망찬(1)","단단한(3), 밀도 있는(2), 쇳소리 나는(2), 진한(2), 걸쭉한(1), 머금은 듯한(1), 묵직한(1), 뻗어 나가는(1), 시원한(1), 직진의(1)","방아타령2는 민속악의 한 갈래인 남도민요로, 판소리 심청가 중 '심봉사 황성 올라가는 대목'에 삽입된 전통적인 곡이다. 이 곡은 본래 민요였던 방아타령이 판소리의 요소를 차용하여 발전한 형태로, 고대 중국의 설화를 배경으로 한 내용이 담겨 있으며 방아의 종류와 찧는 모습을 노래하고 있다. 여창 가창자 염경애는 이 곡을 통해 전통적인 창법을 바탕으로 목소리를 이끌어간다. 그녀의 발성은 안정적이며, 시김새를 적절히 구사하여 전통적인 민요의 특성을 잘 살리고 있다. 특히, 염경애는 멜로디를 표현하는 데 있어 각 음절의 발음을 명확히 하며, 감정을 담아내기 위해 호흡의 길이를 조절하는 기술을 보여준다. 자진모리 장단의 리듬 위에서 그녀는 경쾌한 흐름을 유지하며, 곡의 전개에 따라 적절한 성량으로 변화를 주어 청중의 귀를 사로잡는다. 곡의 마무리에서는 호흡을 통해 자연스럽게 여운을 남기며, 전체적인 장르적 완성도를 높인다. 이러한 요소들이 모여 방아타령2는 전통적인 남도민요의 매력을 잘 드러내는 곡으로 자리 잡고 있다.","Bang'ataryeong 2 is a traditional piece embedded within the pansori narrative of ""Simcheongga,"" specifically in the section titled 'Sim Bongsa Ascending to Hwangseong,' and it belongs to the genre of Namdo minyo, a branch of folk music. This piece is an evolved form of the original folk song Bang'ataryeong, which incorporates elements of pansori and is based on ancient Chinese folklore, depicting the types of pestles and the act of pounding. The female vocalist Yeom Gyeong-ae leads the performance with a traditional singing style, showcasing a stable vocal production and skillfully employing various ornamentations to highlight the characteristics of traditional folk music. Notably, Yeom Gyeong-ae articulates each syllable clearly while demonstrating the technique of adjusting breath length to convey emotion effectively. Over the rhythm of the jazinmori jangdan, she maintains a lively flow and varies her vocal intensity appropriately throughout the progression of the piece, captivating the audience. In the conclusion of the song, she leaves a lingering resonance through her breath, enhancing the overall genre's completeness. These elements collectively establish Bang'ataryeong 2 as a piece that well exemplifies the charm of traditional Namdo minyo.","어유아 방아요 어유아 방아요 어유아 방아요 떨그덩 떵떵 잘 찧는다 어유아 방아요
만첩청산을 들어가 길고 곧은 솔을 비어 이방아를 놓았는가
어유아 방아요
방아만든 형용보니 사람을 비양튼가 두다리를 쩍 벌렸구나
어유아 방아요
한다리 올려놓고 한다리 내려놓고 오리랑 내리랑 허는양은 이상허고도 맹랑허다
어유아 방아요 떨그덩 떵떵 잘 찧는다 어유아 방아요
만첩청산을 들어가 길고 곧은 솔을 비어 이방아를 놓았는가
어유아 방아요
방아만든 형용보니 사람을 비양튼가 두다리를 쩍 벌렸구나
어유아 방아요
한다리 올려놓고 한다리 내려놓고 오리랑 내리랑 허는양은 이상허고도 맹랑허다
어유아 방아요 떨그덩 떵떵 잘 찧는다 어유아 방아요
만첩청산을 들어가 길고 곧은 솔을 비어 이방아를 놓았는가
어유아 방아요
방아만든 형용보니 사람을 비양튼가 두다리를 쩍 벌렸구나
어유아 방아요
한다리 올려놓고 한다리 내려놓고 오리랑 내리랑 허는양은 이상허고도 맹랑허다
어유아 방아요 떨그덩 떵떵 잘 찧는다 어유아 방아요
만첩청산을 들어가 길고 곧은 솔을 비어 이방아를 놓았는가
어유아 방아요
방아만든 형용보니 사람을 비양튼가 두다리를 쩍 벌렸구나
어유아 방아요
한다리 올려놓고 한다리 내려놓고 오리랑 내리랑 허는양은 이상허고도 맹랑허다
어유아 방아요 떨그덩 떵떵 잘 찧는다 어유아 방아요
만첩청산을 들어가 길고 곧은 솔을 비어 이방아를 놓았는가
어유아 방아요
방아만든 형용보니 사람을 비양튼가 두다리를 쩍 벌렸구나
어유아 방아요
한다리 올려놓고 한다리 내려놓고 오리랑 내리랑 허는양은 이상허고도 맹랑허다
어유아 방아요 떨그덩 떵떵 잘 찧는다 어유아 방아요
만첩청산을 들어가 길고 곧은 솔을 비어 이방아를 놓았는가
어유아 방아요
방아만든 형용보니 사람을 비양튼가 두다리를 쩍 벌렸구나
어유아 방아요
한다리 올려놓고 한다리 내려놓고 오리랑 내리랑 허는양은 이상허고도 맹랑허다
어유아 방아요 떨그덩 떵떵 잘 찧는다 어유아 방아요",어유아 방아요 어유아 방아요 어유아 방아요 떨그덩 떵떵 잘 찧는다 어유아 방아요 / 만첩청산을 들어가 길고 곧은 솔을 비어 이방아를 놓았는가 어유아 방아요 / 방아만든 형용보니 사람을 비양튼가 두다리를 쩍 벌렸구나 어유아 방아요 / 한다리 올려놓고 한다리 내려놓고 오리랑 내리랑 허는양은 이상허고도 맹랑허다 어유아 방아요 / 떨그덩 떵떵 잘 찧는다 어유아 방아요 만첩청산을 들어가 길고 곧은 솔을 비어 이방아를 놓았는가 어유아 방아요 / 방아만든 형용보니 사람을 비양튼가 두다리를 쩍 벌렸구나 어유아 방아요 / 한다리 올려놓고 한다리 내려놓고 오리랑 내리랑 허는양은 이상허고도 맹랑허다 어유아 방아요 / 떨그덩 떵떵 잘 찧는다 어유아 방아요 만첩청산을 들어가 길고 곧은 솔을 비어 이방아를 놓았는가 어유아 방아요 / 방아만든 형용보니 사람을 비양튼가 두다리를 쩍 벌렸구나 어유아 방아요 / 한다리 올려놓고 한다리 내려놓고 오리랑 내리랑 허는양은 이상허고도 맹랑허다 어유아 방아요 / 떨그덩 떵떵 잘 찧는다 어유아 방아요 만첩청산을 들어가 길고 곧은 솔을 비어 이방아를 놓았는가 어유아 방아요 / 방아만든 형용보니 사람을 비양튼가 두다리를 쩍 벌렸구나 어유아 방아요 / 한다리 올려놓고 한다리 내려놓고 오리랑 내리랑 허는양은 이상허고도 맹랑허다 어유아 방아요 / 떨그덩 떵떵 잘 찧는다 어유아 방아요 만첩청산을 들어가 길고 곧은 솔을 비어 이방아를 놓았는가 어유아 방아요 / 방아만든 형용보니 사람을 비양튼가 두다리를 쩍 벌렸구나 어유아 방아요 / 한다리 올려놓고 한다리 내려놓고 오리랑 내리랑 허는양은 이상허고도 맹랑허다 어유아 방아요 / 떨그덩 떵떵 잘 찧는다 어유아 방아요 만첩청산을 들어가 길고 곧은 솔을 비어 이방아를 놓았는가 어유아 방아요 / 방아만든 형용보니 사람을 비양튼가 두다리를 쩍 벌렸구나 어유아 방아요 / 한다리 올려놓고 한다리 내려놓고 오리랑 내리랑 허는양은 이상허고도 맹랑허다 어유아 방아요 떨그덩 떵떵 잘 찧는다 어유아 방아요,19.0,228.62
KC_TM_MF_MY_S000185,병창,민속악,민요,제주민요,이야흥타령,천주미,여창,C / Am,세마치,9/8,360.0,"차분한(2), 귀여운(1), 부드러운(1), 생기 있는(1), 서사적인(1), 신나는(1), 신명난(1), 쓸쓸한(1), 에너지 넘치는(1), 우아한(1), 유쾌한(1), 진심 어린(1), 해학적인(1), 행복한(1), 향수 어린(1), 활기찬(1), 희망찬(1)","담백한(2), 유연한(2), 고운(1), 깨끗한(1), 단단한(1), 맑은(1), 밝은(1), 정제된(1), 진한(1), 청아한(1), 화사한(1)","이야흥타령은 제주도 자생 민요로, 망건을 짤 때 부르던 노동요에서 유래한 곡이다. 제주 풍광을 노래하며 육지 음악 양식의 영향을 받았으나, 제주 고유의 정서가 잘 녹아 있어 경쾌하면서도 구수한 맛을 내는 민속악 > 민요 장르의 곡이다. 여창 가창자 천주미의 목소리는 이 곡의 전개에서 중요한 역할을 하며, 그녀의 발성은 고음에서의 명료함과 저음에서의 안정감을 동시에 보여준다. 천주미는 전통적인 창법을 유지하면서도 시김새를 적절하게 활용하여 제주민요의 특유의 맛을 잘 살린다. 그녀의 성량은 곡 전체에 걸쳐 균형을 이루며, 호흡은 긴 구절을 자연스럽게 이어가는 데 중요한 요소로 작용한다. 세마치 장단의 리듬 위에서 천주미는 유연하게 흐름을 타며, 각 음절에 생동감을 불어넣는다. 그녀의 호흡은 곡의 마무리를 장식하는 데 기여하며, 제주민요의 전통적인 요소를 현대적으로 재해석하는 데 중요한 역할을 한다. 이러한 요소들이 결합되어 이야흥타령은 제주민요의 매력을 극대화하는 곡으로 완성된다.","Iyahungtaryeong is a native folk song from Jeju Island, originating from a labor song sung while weaving a manggeon (traditional headgear). It celebrates the scenic beauty of Jeju and, while influenced by mainland musical styles, retains the unique emotional essence of Jeju, resulting in a lively yet rich flavor characteristic of the folk music genre. The voice of the female vocalist, Cheon Jumi, plays a crucial role in the development of this piece, showcasing clarity in the high notes and stability in the low tones. Cheon Jumi maintains traditional singing techniques while skillfully employing nuances that highlight the distinctive qualities of Jeju folk songs. Her vocal range is balanced throughout the piece, and her breath control serves as an essential element in seamlessly connecting long phrases. Riding the rhythm of the semachi jangdan, Cheon Jumi flows gracefully, infusing each syllable with vitality. Her breath contributes to the conclusion of the piece, playing a significant role in the modern reinterpretation of traditional elements of Jeju folk music. The combination of these elements culminates in Iyahungtaryeong, a piece that maximizes the charm of Jeju folk songs.","이야홍 타령에 정떨어졌구나 이야홍 그렇고 말고요 이야홍 야아홍 다일러 말이지
요맹기나 모자라기나 이야홍 그렇고 말고요 이야홍 야아홍 다일러 말이지
한라산 상상봉 깊고도 맑으니 이야홍 백록담이라 이야홍 야아홍 다일러 말이지
서귀포 칠십리 쌍폭수 있으니 이야홍 그렇고 말고요 이야홍 야아홍 다일러 말이지
서산낙일은 길손을 멈추니 이야홍 정방폭포라 이야홍 야아홍 다일러 말이지 이야홍 타령에 정떨어졌구나 이야홍 그렇고 말고요 이야홍 야아홍 다일러 말이지
요맹기나 모자라기나 이야홍 그렇고 말고요 이야홍 야아홍 다일러 말이지
한라산 상상봉 깊고도 맑으니 이야홍 백록담이라 이야홍 야아홍 다일러 말이지
서귀포 칠십리 쌍폭수 있으니 이야홍 그렇고 말고요 이야홍 야아홍 다일러 말이지
서산낙일은 길손을 멈추니 이야홍 정방폭포라 이야홍 야아홍 다일러 말이지",이야홍 타령에 정떨어졌구나 이야홍 그렇고 말고요 / 이야홍 야아홍 다일러 말이지 / 요맹기나 모자라기나 이야홍 그렇고 말고요 / 이야홍 야아홍 다일러 말이지 / 한라산 상상봉 깊고도 맑으니 이야홍 백록담이라 / 이야홍 야아홍 다일러 말이지 / 서귀포 칠십리 쌍폭수 있으니 이야홍 그렇고 말고요 / 이야홍 야아홍 다일러 말이지 / 서산낙일은 길손을 멈추니 이야홍 정방폭포라 / 이야홍 야아홍 다일러 말이지 / 이야홍 타령에 정떨어졌구나 이야홍 그렇고 말고요 / 이야홍 야아홍 다일러 말이지 / 요맹기나 모자라기나 이야홍 그렇고 말고요 / 이야홍 야아홍 다일러 말이지 / 한라산 상상봉 깊고도 맑으니 이야홍 백록담이라 / 이야홍 야아홍 다일러 말이지 / 서귀포 칠십리 쌍폭수 있으니 이야홍 그렇고 말고요 / 이야홍 야아홍 다일러 말이지 / 서산낙일은 길손을 멈추니 이야홍 정방폭포라 / 이야홍 야아홍 다일러 말이지,20.0,241.54
KC_TM_MF_MY_S000186,병창,민속악,민요,제주민요,너영나영,이주은,여창,F / Dm,세마치,9/8,240.0,"신나는(2), 에너지 넘치는(2), 즐거운(2), 희망찬(2), 경쾌한(1), 귀여운(1), 기품 있는(1), 낭만적인(1), 다정한(1), 신명난(1), 영웅적인(1), 장엄한(1), 진심 어린(1), 평화로운(1), 표현적인(1), 향수 어린(1), 희망적인(1)","묵직한(2), 걸쭉한(1), 깨끗한(1), 단단한(1), 담백한(1), 두터운(1), 맑은(1), 매끄러운(1), 시원한(1), 울리는(1), 유연한(1), 청아한(1)","너영나영은 '너하고 나하고'라는 뜻을 가진 제주 통속민요로, 남녀 간의 사랑을 주제로 하며 굿거리장단에 맞춰 흥겹게 부르는 곡이다. 이 곡은 제주민요의 특징을 잘 드러내며, 대중적으로 널리 알려진 민속악의 일환이다. 여창 가창자 이주은의 목소리는 이 곡의 흐름을 이끌어가며, 그녀의 발성은 뚜렷하고 명확하게 음을 전달한다. 이주은은 고유의 창법을 통해 멜로디의 각 음을 섬세하게 표현하며, 시김새를 적절히 사용하여 제주민요의 전통적인 요소를 살린다. 그녀의 성량은 곡의 리듬에 맞춰 안정적으로 유지되며, 호흡 또한 적절하게 조절하여 긴 구절을 자연스럽게 이어간다. 이 곡의 기반이 되는 세마치의 리듬 위에서 가창자는 리드미컬한 흐름을 타며, 각 음절을 강조하는 방식으로 곡의 경쾌함을 더한다. 이주은의 호흡은 곡의 마무리를 장식하며, 전통 민요의 완성도를 높이는 데 기여한다.","Neoyeongnayoung is a popular folk song from Jeju, meaning ""You and I,"" which revolves around the theme of love between men and women and is joyfully sung to the rhythm of Ggutgeori Jangdan. This piece effectively showcases the characteristics of Jeju folk music and is widely recognized as part of the traditional music repertoire. The voice of female vocalist Lee Joo-eun leads the flow of the song, with her vocalization delivering notes distinctly and clearly. Through her unique singing style, Lee Joo-eun delicately expresses each note of the melody and appropriately employs vocal embellishments to preserve the traditional elements of Jeju folk music. Her vocal strength is maintained steadily in accordance with the rhythm of the piece, and her breath control allows her to seamlessly connect longer phrases. Riding on the foundational rhythm of Semachi, the vocalist enhances the song's liveliness by emphasizing each syllable in a rhythmic manner. Lee Joo-eun's breath culminates the piece, contributing to the overall completeness of the traditional folk song.","너영 나영 두리둥실 놀고요 낮이 낮이나 밤이 밤이나 참사랑이로구나
아침에 우는 새는 배가 고파 울고요 저녁에 우는 새는 님이 그리워 운다
너영 나영 두리둥실 놀고요 낮이 낮이나 밤이 밤이나 참사랑이로구나
한라산 철죽꽃은 붉게도 피었는데 우리집 서방님은 어데를 갔나
너영 나영 두리둥실 놀고요 낮이 낮이나 밤이 밤이나 참사랑이로구나
서귀포 앞 바다에 해녀가 떴구요 한라산 상상봉에 구름이 둥실 떴다
너영 나영 두리둥실 놀고요 낮이 낮이나 밤이 밤이나 참사랑이로구나
아침에 우는 새는 배가 고파 울고요 저녁에 우는 새는 님이 그리워 운다
너영 나영 두리둥실 놀고요 낮이 낮이나 밤이 밤이나 참사랑이로구나
한라산 철죽꽃은 붉게도 피었는데 우리집 서방님은 어데를 갔나
너영 나영 두리둥실 놀고요 낮이 낮이나 밤이 밤이나 참사랑이로구나
너영 나영 두리둥실 놀고요 낮이 낮이나 밤이 밤이나 참사랑이로구나",너영 나영 두리둥실 놀고요 낮이 낮이나 밤이 밤이나 참사랑이로구나 / 아침에 우는 새는 배가 고파 울고요 저녁에 우는 새는 님이 그리워 운다 / 너영 나영 두리둥실 놀고요 낮이 낮이나 밤이 밤이나 참사랑이로구나 / 한라산 철죽꽃은 붉게도 피었는데 우리집 서방님은 어데를 갔나 / 너영 나영 두리둥실 놀고요 낮이 낮이나 밤이 밤이나 참사랑이로구나 / 서귀포 앞 바다에 해녀가 떴구요 한라산 상상봉에 구름이 둥실 떴다 / 너영 나영 두리둥실 놀고요 낮이 낮이나 밤이 밤이나 참사랑이로구나 / 아침에 우는 새는 배가 고파 울고요 저녁에 우는 새는 님이 그리워 운다 / 너영 나영 두리둥실 놀고요 낮이 낮이나 밤이 밤이나 참사랑이로구나 / 한라산 철죽꽃은 붉게도 피었는데 우리집 서방님은 어데를 갔나 / 너영 나영 두리둥실 놀고요 낮이 낮이나 밤이 밤이나 참사랑이로구나 / 너영 나영 두리둥실 놀고요 낮이 낮이나 밤이 밤이나 참사랑이로구나,12.0,217.54
KC_TM_MF_MY_S000187,병창,민속악,민요,제주민요,둥그레당실,이주은,여창,F / Dm,굿거리,12/8,140.0,"경쾌한(3), 생기 있는(3), 신나는(2), 에너지 넘치는(2), 감상적인(1), 관능적인(1), 그루브감 있는(1), 다정한(1), 마음을 울리는(1), 서사적인(1), 영감을 주는(1), 유쾌한(1), 장엄한(1), 즐거운(1), 해학적인(1), 활기찬(1), 활달한(1)","시원한(2), 걸쭉한(1), 깨끗한(1), 날카로운(1), 단단한(1), 매끄러운(1), 밀도 있는(1), 뻗어 나가는(1), 쇳소리 나는(1), 유연한(1), 청아한(1), 탁 트인(1)","이 곡은 제주도의 한라산과 서귀포, 제주섬의 바다 풍경을 노래한 제주도 민요로, '오돌또기'라는 이름으로도 알려져 있다. '둥그래 당실'이라는 후렴구로 시작하는 이 곡은 매우 밝고 흥겨운 느낌을 주며, 느린 굿거리장단에 맞추어 메기고 받는 방식으로 부른다. 여창 가창자 이주은의 목소리는 이 곡의 흐름을 이끌어가는 중요한 요소로, 그녀는 전통적인 창법을 통해 제주민요의 특징을 잘 살리고 있다. 이주은은 발성을 통해 곡의 멜로디를 명확하게 표현하며, 시김새를 적절히 사용하여 민요 특유의 감성을 전달한다. 그녀의 성량은 곡의 리듬에 맞춰 유연하게 변화하며, 호흡은 안정적으로 유지되어 곡의 진행에 자연스럽게 녹아든다. 굿거리 장단의 리듬 위에서 이주은은 곡의 흐름을 타며, 각 구절의 시작과 끝에서 호흡을 조절하여 곡의 마무리를 장식한다. 이러한 호흡의 조화는 제주민요의 장르적 완성도를 높이는 데 기여한다.","This piece is a folk song from Jeju Island that sings of the scenic beauty of Hallasan Mountain and Seogwipo, and it is also known by the name 'Odolttogi.' Starting with the refrain 'Dungrye Dangsil,' this song conveys a very bright and cheerful feeling, and it is sung in a call-and-response manner to the slow Gukgeori Jangdan. The voice of the female vocalist Lee Joo-eun is a crucial element that guides the flow of the piece, as she effectively embodies the characteristics of Jeju folk music through traditional singing techniques. Lee Joo-eun clearly expresses the melody of the song through her vocalization, appropriately employing vocal embellishments to convey the unique emotions of the folk song. Her vocal range flexibly adapts to the rhythm of the piece, while her breathing remains stable, seamlessly integrating into the progression of the song. Riding the rhythm of the Gukgeori Jangdan, Lee Joo-eun adjusts her breath at the beginning and end of each phrase, elegantly concluding the piece. This harmonious control of breath contributes to the genre's overall completeness in Jeju folk music.","둥구대 당실 둥구대 당실 너도 당실 연자 버리고 달도 밝고 내가 머리로 갈거나
오돌또기 저기 춘향 나온다 달도 밝고 내가 버리고 갈거나
둥구대 당실 둥구대 당실 너도 당실 연자 버리고 달도 밝고 내가 머리로 갈거나
제주에 한라산 고사리 맛도 좋고 좋다 읍내나 축강 끝에는 뱃노래 듣기도 좋고 좋다
둥구대 당실 둥구대 당실 너도 당실 연자 버리고 달도 밝고 내가 머리로 갈거나
한라산 중허리 시러미 익은승 만승 서귀포 해녀는 바다에 든승 만승 좋다
둥구대 당실 둥구대 당실 너도 당실 연자 버리고 달도 밝고 내가 머리로 갈거나
오돌또기 저기 춘향 나온다 달도 밝고 내가 버리고 갈거나
둥구대 당실 둥구대 당실 너도 당실 연자 버리고 달도 밝고 내가 머리로 갈거나
제주에 한라산 고사리 맛도 좋고 좋다 읍내나 축강 끝에는 뱃노래 듣기도 좋고 좋다
둥구대 당실 둥구대 당실 너도 당실 연자 버리고 달도 밝고 내가 머리로 갈거나",둥구대 당실 둥구대 당실 너도 당실 연자 버리고 / 달도 밝고 내가 머리로 갈거나 / 오돌또기 저기 춘향 나온다 / 달도 밝고 내가 버리고 갈거나 / 둥구대 당실 둥구대 당실 너도 당실 연자 버리고 / 달도 밝고 내가 머리로 갈거나 / 제주에 한라산 고사리 맛도 좋고 좋다 / 읍내나 축강 끝에는 뱃노래 듣기도 좋고 좋다 / 둥구대 당실 둥구대 당실 너도 당실 연자 버리고 / 달도 밝고 내가 머리로 갈거나 / 한라산 중허리 시러미 익은승 만승 / 서귀포 해녀는 바다에 든승 만승 좋다 / 둥구대 당실 둥구대 당실 너도 당실 연자 버리고 / 달도 밝고 내가 머리로 갈거나 / 오돌또기 저기 춘향 나온다 / 달도 밝고 내가 버리고 갈거나 / 둥구대 당실 둥구대 당실 너도 당실 연자 버리고 / 달도 밝고 내가 머리로 갈거나 / 제주에 한라산 고사리 맛도 좋고 좋다 / 읍내나 축강 끝에는 뱃노래 듣기도 좋고 좋다 / 둥구대 당실 둥구대 당실 너도 당실 연자 버리고 / 달도 밝고 내가 머리로 갈거나,22.0,227.62
KC_TM_MF_MY_S000188,병창,민속악,민요,제주민요,멸치잡이 노래,이주은,여창,Eb / Cm,,12/4,90.0,"표현적인(3), 잔잔한(2), 가볍고 신비로운(1), 감상적인(1), 귀여운(1), 마음을 울리는(1), 명랑한(1), 부드러운(1), 서사적인(1), 엄숙한(1), 에너지 넘치는(1), 영웅적인(1), 유쾌한(1), 장엄한(1), 절제된(1), 조화로운(1), 진지한(1), 편안한(1), 활달한(1), 희망찬(1)","밀도 있는(2), 뻗어 나가는(2), 울리는(2), 단단한(1), 맑은(1), 매끄러운(1), 섬세한(1), 시원한(1), 유연한(1), 정제된(1), 직진의(1), 힘 있는(1)","멸치잡이 노래는 흑산도와 가거도 등 서남해안 도서 지역의 어업 노동요로, 제주민요의 특징이 잘 드러나는 민속악 장르의 곡이다. 이 곡은 멸치를 잡는 과정에서 발생하는 다양한 소리와 함께, 거친 바다에서 생업을 이어가는 어민들의 역동적인 삶을 표현하고 있다. 여창 가창자 이주은의 목소리는 이 곡을 이끌어가는 중심적인 요소로 작용하며, 그녀의 발성은 전통적인 창법을 충실히 따르면서도 각 음절을 명확하게 전달한다. 시김새는 제주민요의 특성을 살려 곡의 감정을 전달하며, 그녀의 성량은 곡의 흐름에 따라 유연하게 변동하여 듣는 이로 하여금 몰입감을 느끼게 한다. 호흡은 곡의 전개에 맞춰 자연스럽게 이어지며, 긴 구절에서는 숨을 잘 조절하여 안정적인 발음을 유지한다. 이러한 호흡의 흐름은 곡의 리듬감과 맞물려 전체적인 장르의 완성도를 높이며, 마지막에 이주은의 호흡은 곡을 부드럽게 마무리하며 청중에게 여운을 남긴다.","The ""Myeolchi Jabi Nore"" is a fishing labor song from the southwestern coastal islands, such as Heuksando and Gageodo, and it exemplifies the characteristics of Jeju folk music within the genre of traditional music. This piece expresses the dynamic lives of fishermen who continue their livelihoods amidst the rough seas, accompanied by the various sounds that arise during the process of catching anchovies. The voice of the female vocalist Lee Joo-eun serves as a central element that drives the song, as her vocalization faithfully adheres to traditional singing techniques while clearly articulating each syllable. The ornamentation reflects the emotional essence of Jeju folk music, and her vocal range flexibly varies with the flow of the piece, allowing listeners to experience a sense of immersion. The breathing aligns naturally with the progression of the song, and during longer phrases, she skillfully manages her breath to maintain stable pronunciation. This flow of breath enhances the rhythmic quality of the piece, contributing to the overall completeness of the genre, while in the end, Lee Joo-eun's breath gently concludes the song, leaving a lingering resonance with the audience.","아아이이야 헤 헤헤헤 헤 헤이요 어어어어야 에헤헤 헤헤 에이요
둥실둥실 데헤요 어기여차 돛 달아 멸치잡이 콧노래 용왕님 울리네
아아이이야 헤 헤헤헤 헤 헤이요 어어어어야 에헤헤 헤헤 에이요
가자 가자 데헤요 노를 저어 저 바다 멸치 풍년 얼씨구 성화가 났다네
아아이이야 헤 헤헤헤 헤 헤이요 어어어어야 에헤헤 헤헤 에이요
포동포동 멸치랑 우리 낭군 드리세 천지 신명 그윽한 정 이 마음 바치리
아아이이야 헤 헤헤헤 헤 헤이요 어어어어야 에헤헤 헤헤 에이요",아아이이야 / 헤 헤헤헤 헤 헤이요 / 어어어어야 / 에헤헤 헤헤 에이요 / 둥실둥실 데헤요 / 어기여차 돛 달아 / 멸치잡이 콧노래 / 용왕님 울리네 / 아아이이야 / 헤 헤헤헤 헤 헤이요 / 어어어어야 / 에헤헤 헤헤 에이요 / 가자 가자 데헤요 / 노를 저어 저 바다 / 멸치 풍년 얼씨구 / 성화가 났다네 / 아아이이야 / 헤 헤헤헤 헤 헤이요 / 어어어어야 / 에헤헤 헤헤 에이요 / 포동포동 멸치랑 / 우리 낭군 드리세 / 천지 신명 그윽한 정 / 이 마음 바치리 / 아아이이야 / 헤 헤헤헤 헤 헤이요 / 어어어어야 / 에헤헤 헤헤 에이요,28.0,225.02
KC_TM_MF_MY_S000189,남도,민속악,민요,남도민요,강강술래 1,조정희,여창,E / Dbm,중모리,12/4,70.0,"진지한(3), 그리운(2), 기품 있는(2), 엄숙한(2), 향수 어린(2), 감상적인(1), 강한(1), 그루브감 있는(1), 몽환적인(1), 슬픈(1), 시적인(1), 쓸쓸한(1), 애절한(1), 영감을 주는(1), 영웅적인(1), 우울한(1), 잔잔한(1), 장엄한(1), 절제된(1), 조화로운(1), 차분한(1), 침울한(1), 표현적인(1)","묵직한(3), 걸쭉한(2), 담백한(2), 쇳소리 나는(2), 긁히는(1), 단단한(1), 매끄러운(1), 섬세한(1), 울리는(1), 진한(1), 콧소리 나는(1)","강강술래 1은 남도민요의 전통을 잘 담고 있는 민속악 곡으로, 강강술래의 독특한 구성과 창법이 돋보인다. 이 곡은 미-mi, 라-la, 시-si, 도-do′의 음을 기반으로 하며, 미를 길게 소리 내는 방식과 도-si의 꺾는 표현이 특징적이다. 여창 가창자 조정희는 이 곡에서 미를 강조하며 길게 소리 내어 청중의 귀를 사로잡는다. 그녀의 목소리는 각 음을 정확하게 표현하며, 특히 시김새의 사용이 두드러진다. 느린 템포에서 잔가락이 풍부하게 들어가며, 시김새의 변화가 곡의 감정을 더욱 풍부하게 만든다. 중모리의 장단 위에서 조정희는 리드미컬하게 흐름을 타며, 각 음의 길이와 강약을 조절하여 곡의 진행에 맞춰 자연스럽게 호흡을 이어간다. 그녀의 호흡은 곡의 마무리를 부드럽게 장식하며, 전통 민속악의 완성도를 높이는 데 기여한다.","Ganggangsullae 1 is a folk music piece that beautifully encapsulates the tradition of Namdo Minyo, showcasing the unique structure and vocal techniques characteristic of Ganggangsullae. This piece is based on the notes mi-mi, la-la, si-si, and do-do′, with a distinctive emphasis on the elongated pronunciation of mi and the expressive ornamentation of do-si. The female vocalist Jo Jeong-hee emphasizes mi in this piece, drawing out the sound to captivate the audience's ears. Her voice articulates each note with precision, particularly highlighting the use of sigimsae (ornamentation). The slow tempo allows for rich embellishments, and the variations in sigimsae further enhance the emotional depth of the piece. Over the jangdan of jungmori, Jo Jeong-hee flows rhythmically, adjusting the length and dynamics of each note to seamlessly maintain the natural breath of the progression. Her breath gently adorns the conclusion of the piece, contributing to the overall refinement of traditional folk music.","강강술래 강강술래
달아달아 밝은 달아 이태백이 놀던달아
강강술래 강강술래
꽃이 피면 화산이요 잎이 피면 청산일세
강강술래 강강술래
청산 화산 넘어 가면 우리 부모를 만나련만
강강술래 강강술래
이 밤이 가면 추석도 간다 강강 좋다고 술래나 돌자
강강술래 강강술래
달이 떴네 달이 떴네 월령 숲에 달이 떴네
강강술래 강강술래",강강술래 강강술래 / 달아달아 밝은 달아 이태백이 놀던달아 / 강강술래 강강술래 / 꽃이 피면 화산이요 잎이 피면 청산일세 / 강강술래 강강술래 / 청산 화산 넘어 가면 우리 부모를 만나련만 / 강강술래 강강술래 / 이 밤이 가면 추석도 간다 강강 좋다고 술래나 돌자 / 강강술래 강강술래 / 달이 떴네 달이 떴네 월령 숲에 달이 떴네 / 강강술래 강강술래,11.0,230.18
KC_TM_MF_MY_S000190,남도,민속악,민요,남도민요,골패타령,천주미,여창,C / Am,자진모리,12/8,240.0,"신나는(3), 경쾌한(2), 에너지 넘치는(2), 희망적인(2), 귀여운(1), 명랑한(1), 신명난(1), 여유로운(1), 열정적인(1), 유쾌한(1), 절제된(1), 축제적인(1), 편안한(1), 평온한(1), 평화로운(1), 향토적인(1), 활기찬(1)","깨끗한(2), 뻗어 나가는(2), 단단한(1), 담백한(1), 맑은(1), 밝은(1), 쇳소리 나는(1), 시원한(1), 탁 트인(1)","골패타령은 남도민요의 특성을 잘 드러내는 민속악의 일종으로, 골패 놀이의 용어와 상황을 가사에 담아 부르는 곡이다. 이 곡은 자진모리장단에 맞춰 흥겹고 멋스럽게 노래하며, 놀이판의 흥분과 긴장감을 음악적으로 표현한 재치 있는 민요로, 전통적인 남도의 정서를 잘 담고 있다. 여창 가창자 천주미의 목소리는 이 곡을 이끌어가는 중요한 요소로 작용하며, 그녀의 발성은 곡의 리드미컬한 흐름을 잘 살린다. 천주미는 고유의 창법을 통해 멜로디를 유연하게 표현하며, 시김새를 적절히 활용하여 가사의 의미를 생동감 있게 전달한다. 그녀의 성량은 곡의 다이나믹을 조절하며, 호흡의 조절을 통해 긴 구절을 안정적으로 이어간다. 자진모리의 경쾌한 리듬 위에서 천주미는 곡의 흐름을 타며, 각 구절마다 적절한 호흡을 통해 자연스럽게 마무리 짓고, 이는 전반적인 장르적 완성도를 높이는 데 기여한다. 이러한 요소들이 결합되어 골패타령은 단순한 민요 이상의 의미를 지니며, 청중에게 깊은 인상을 남긴다.","Golpae Taryeong is a type of folk music that vividly showcases the characteristics of Namdo Minyo, incorporating the terminology and situations of the Golpae game into its lyrics. This song is performed in a lively and stylish manner, set to the Jajinmori Jangdan, and cleverly expresses the excitement and tension of the game through music, encapsulating the traditional emotions of the southern region of Korea. The voice of the female vocalist, Cheon Jumi, serves as a crucial element that guides the piece, with her vocalization effectively enhancing the rhythmic flow of the song. Cheon Jumi flexibly interprets the melody through her unique singing style and employs appropriate vocal embellishments to convey the meaning of the lyrics vividly. Her vocal power adjusts the dynamics of the piece, and through careful breath control, she maintains stability across long phrases. Riding on the brisk rhythm of the Jajinmori, Cheon Jumi naturally concludes each verse with suitable breaths, contributing to the overall artistic completeness of the genre. These combined elements elevate Golpae Taryeong beyond a mere folk song, leaving a profound impression on the audience.","얼싸오날 하도나 좋아 골패짝패 허여보자 쌍줄륙에 삼육을 지르고 쌍준오에 삼오를 지르니 삼십삼천 이십팔수 북두칠성이 앵도라 졌구나 얼쌈마 디여라 방애로다
쥐고사오 삼육허고 백사사오 아륙을 허니 호래비 쌍수가 나달아 오누나 얼쌈마 디여라 방애로다
천부동 백부동 매화가 되고 소삼관이 사륙을 허고 소삼어사 아륙하니 옥당쌍수가 뒤집어 지누나 얼쌈마 디여라 방애로다
에헤야 에헤야 어라우겨라 방아로구나 진국명산 만장봉에 청천삭출이 금부용이라
얼싸야들아 말들어라 홋패짝패 다그만두고 튀전 육목을 들여놓고 짓꾸땡이 엿방망이 탕탕 구리로 막부셔 댈거나 얼쌈마 디여라 방애로다
갑오중에 무섭기난 이칠갑오 제일이요 뀌미중에 어여뿌긴 새알뀌미가 제일이오 세끗잡고 위기기난 일송 송이가 제일이로다 얼쌈마 디여라 방애로다
갑오중에 때벗기는 만경창파 운무중에 흔들흔들이 돛대 갑오로다
에헤야 에헤야 어라우겨라 방아로구나 진국명산 만장봉에 청천삭출이 금부용이라
서투른 자식이 숫자질허다 물주가 까딱 눈치를 채고 고작을 잡고 따귀를 치니 인정없는 망나니 새끼 한번 실수는 병가상사라 얼쌈마 디여라 방애로다
따귀를 맞고 밖으로 나와 땅을 치고 한숨을 쉬니 애성복통에 궐련만 피누나 얼쌈마 디여라 방애로다
에헤야 에헤야 어라우겨라 방아로구나 진국명산 만장봉에 청천삭출이 금부용이라
맹세를 허고 뒤돌아 앉아 한잔먹자고 개평도 떼고 경계도 허고 부탁도 허니 지천꾸러기 어린것 되누나 얼쌈마 디여라 방애로다
따라지 중에 더럽기는 일이팔이 잡것이오 쌍일팔 전종이 무대 아이고 더러워 나못살겠구나 얼쌈마 디여라 방애로다
에헤야 에헤야 어라우겨라 방아로구나 진국명산 만장봉에 청천삭출이 금부용이라",얼싸오날 하도나 좋아 골패짝패 허여보자 쌍줄륙에 삼육을 지르고 쌍준오에 삼오를 지르니 / 삼십삼천 이십팔수 북두칠성이 앵도라 졌구나 얼쌈마 디여라 방애로다 / 쥐고사오 삼육허고 백사사오 아륙을 허니 호래비 쌍수가 나달아 오누나 얼쌈마 디여라 방애로다 / 천부동 백부동 매화가 되고 소삼관이 사륙을 허고 소삼어사 아륙하니 옥당쌍수가 뒤집어 지누나 얼쌈마 디여라 방애로다 / 에헤야 에헤야 어라우겨라 방아로구나 진국명산 만장봉에 청천삭출이 금부용이라 / 얼싸야들아 말들어라 홋패짝패 다그만두고 튀전 육목을 들여놓고 짓꾸땡이 엿방망이 탕탕 구리로 막부셔 댈거나 얼쌈마 디여라 방애로다 / 갑오중에 무섭기난 이칠갑오 제일이요 뀌미중에 어여뿌긴 새알뀌미가 제일이오 / 세끗잡고 위기기난 일송 송이가 제일이로다 얼쌈마 디여라 방애로다 / 갑오중에 때벗기는 만경창파 운무중에 흔들흔들이 돛대 갑오로다 / 에헤야 에헤야 어라우겨라 방아로구나 진국명산 만장봉에 청천삭출이 금부용이라 / 서투른 자식이 숫자질허다 물주가 까딱 눈치를 채고 고작을 잡고 따귀를 치니 인정없는 망나니 새끼 한번 실수는 병가상사라 얼쌈마 디여라 방애로다 / 따귀를 맞고 밖으로 나와 땅을 치고 한숨을 쉬니 애성복통에 궐련만 피누나 얼쌈마 디여라 방애로다 / 에헤야 에헤야 어라우겨라 방아로구나 진국명산 만장봉에 청천삭출이 금부용이라 / 맹세를 허고 뒤돌아 앉아 한잔먹자고 개평도 떼고 경계도 허고 부탁도 허니 지천꾸러기 어린것 되누나 얼쌈마 디여라 방애로다 / 따라지 중에 더럽기는 일이팔이 잡것이오 / 쌍일팔 전종이 무대 아이고 더러워 나못살겠구나 얼쌈마 디여라 방애로다 / 에헤야 에헤야 어라우겨라 방아로구나 진국명산 만장봉에 청천삭출이 금부용이라,17.0,249.02
KC_TM_MF_MY_S000191,남도,민속악,민요,남도민요,눈사람,이주은,여창,Eb / Cm,중중모리,12/8,180.0,"다이내믹한(4), 강렬한(2), 긴장감 넘치는(2), 서사적인(2), 열정적인(2), 장엄한(2), 강한(1), 그리운(1), 긴장된(1), 도취된(1), 드라마틱한(1), 따뜻한(1), 비통한(1), 시적인(1), 쓸쓸한(1), 애절한(1), 에너지 넘치는(1), 웅대한(1), 유려한(1), 진지한(1), 품위 있는(1), 향토적인(1)","단단한(4), 뻗어 나가는(3), 힘 있는(3), 묵직한(2), 밀도 있는(2), 시원한(2), 역동적인(2), 거친(1), 공명감 있는(1), 긁히는(1), 매끄러운(1), 머금은 듯한(1), 쇳소리 나는(1), 직진의(1), 진한(1)","눈사람은 여성국극 '못잊어'의 서곡으로 사용된 남도 신민요로, 눈 오는 날의 풍경을 엇모리장단에 담아 불린다. 이 곡은 서정적인 가사와 독특한 리듬이 어우러져 환상적인 분위기를 자아내며, 남도민요의 특징이 잘 드러나는 민속악 > 민요 장르에 속한다. 여창 가창자 이주은의 목소리는 곡의 전개에서 중요한 역할을 하며, 다이내믹한 표현력으로 청중을 끌어당긴다. 그녀의 단단한 음색은 곡의 서정성을 더욱 강조하며, 멜로디를 표현하는 방식에서 시김새와 성량의 조화를 통해 감정의 깊이를 더한다. 이주은은 호흡을 조절하며 곡의 흐름을 매끄럽게 이어가고, 강약 조절을 통해 청중에게 강한 인상을 남긴다. 중중모리의 리듬 위에서 그녀의 목소리는 자연스럽게 흐름을 타며, 호흡의 리듬감이 곡의 마무리를 장식하고 장르적 완성도를 높인다. 이주은의 창법은 곡이 전하는 감성을 더욱 풍부하게 만들어, 남도민요의 매력을 잘 전달한다.","‘Nunsaram’ is a Namdo folk song used as the overture for the women's gukgeuk 'Motijuh,' capturing the scenery of a snowy day through the rhythmic pattern of Eotmori Jangdan. This piece combines lyrical lyrics with a unique rhythm, creating a fantastical atmosphere and exemplifying the characteristics of Namdo minyo, belonging to the folk music genre of minyo. The voice of female vocalist Lee Joo-eun plays a crucial role in the development of the piece, drawing the audience in with her dynamic expressiveness. Her solid timbre further emphasizes the lyrical quality of the song, and her interpretation of the melody enhances the emotional depth through the harmony of ornamentation and vocal power. Lee Joo-eun skillfully manages her breath to maintain a smooth flow throughout the piece, and her control of dynamics leaves a strong impression on the audience. Over the rhythm of Jungjungmori, her voice flows naturally, with the rhythmic quality of her breathing adorning the conclusion of the piece and elevating its genre-specific completeness. Lee Joo-eun's singing style enriches the emotions conveyed by the song, effectively communicating the charm of Namdo minyo.","눈이 오네 눈이 오네 함박 눈이 나리네
함박 눈을 받어 가지고 떼떼 옷에 두르고요
싸락눈을 받어 가지고 떡 방아를 찐다네
눈 사람 하얀 눈사람 웃줄웃줄 걸어가는 하얀 눈사람
각시방 영창가에 수정 고드름 따러가는 하얀 눈사람
오늘도 내일도 돌아오면 포근한 봄이 온다네
하얀 눈사람 하얀 눈사람
눈이 오네 눈이 오네 함박 눈이 나리네
함박 눈을 받어 가지고 떼떼 옷에 두르고요
싸락눈을 받어 가지고 떡 방아를 찐다네
눈 사람 하얀 눈사람 웃줄웃줄 걸어가는 하얀 눈사람
각시방 영창가에 수정 고드름 따러가는 하얀 눈사람
오늘도 내일도 돌아오면 포근한 봄이 온다네
하얀 눈사람 하얀 눈사람
눈이 오네 눈이 오네 함박 눈이 나리네
함박 눈을 받어 가지고 떼떼 옷에 두르고요
싸락눈을 받어 가지고 떡 방아를 찐다네
눈 사람 하얀 눈사람 웃줄웃줄 걸어가는 하얀 눈사람
각시방 영창가에 수정 고드름 따러가는 하얀 눈사람
오늘도 내일도 돌아오면 포근한 봄이 온다네
하얀 눈사람 하얀 눈사람
눈이 오네 눈이 오네 함박 눈이 나리네
함박 눈을 받어 가지고 떼떼 옷에 두르고요
싸락눈을 받어 가지고 떡 방아를 찐다네
눈 사람 하얀 눈사람 웃줄웃줄 걸어가는 하얀 눈사람
각시방 영창가에 수정 고드름 따러가는 하얀 눈사람
오늘도 내일도 돌아오면 포근한 봄이 온다네
하얀 눈사람 하얀 눈사람",눈이 오네 눈이 오네 함박 눈이 나리네 / 함박 눈을 받어 가지고 떼떼 옷에 두르고요 / 싸락눈을 받어 가지고 떡 방아를 찐다네 / 눈 사람 하얀 눈사람 / 웃줄웃줄 걸어가는 하얀 눈사람 / 각시방 영창가에 수정 고드름 따러가는 하얀 눈사람 / 오늘도 내일도 돌아오면 포근한 봄이 온다네 / 하얀 눈사람 하얀 눈사람 / 눈이 오네 눈이 오네 함박 눈이 나리네 / 함박 눈을 받어 가지고 떼떼 옷에 두르고요 / 싸락눈을 받어 가지고 떡 방아를 찐다네 / 눈 사람 하얀 눈사람 웃줄웃줄 걸어가는 하얀 눈사람 / 각시방 영창가에 수정 고드름 따러가는 하얀 눈사람 / 오늘도 내일도 돌아오면 포근한 봄이 온다네 / 하얀 눈사람 하얀 눈사람 / 눈이 오네 눈이 오네 함박 눈이 나리네 / 함박 눈을 받어 가지고 떼떼 옷에 두르고요 / 싸락눈을 받어 가지고 떡 방아를 찐다네 / 눈 사람 하얀 눈사람 웃줄웃줄 걸어가는 하얀 눈사람 / 각시방 영창가에 수정 고드름 따러가는 하얀 눈사람 / 오늘도 내일도 돌아오면 포근한 봄이 온다네 / 하얀 눈사람 하얀 눈사람 / 눈이 오네 눈이 오네 함박 눈이 나리네 / 함박 눈을 받어 가지고 떼떼 옷에 두르고요 / 싸락눈을 받어 가지고 떡 방아를 찐다네 / 눈 사람 하얀 눈사람 웃줄웃줄 걸어가는 하얀 눈사람 / 각시방 영창가에 수정 고드름 따러가는 하얀 눈사람 / 오늘도 내일도 돌아오면 포근한 봄이 온다네 / 하얀 눈사람 하얀 눈사람,29.0,277.03
KC_TM_MF_MY_S000192,남도,민속악,민요,남도민요,꽃타령,이주은,여창,B / Abm,자진모리,12/8,260.0,"경쾌한(3), 생기 있는(3), 신나는(3), 유쾌한(3), 에너지 넘치는(2), 활기찬(2), 귀여운(1), 명랑한(1), 신명난(1), 유려한(1), 평온한(1), 표현적인(1), 향토적인(1), 활달한(1), 희망찬(1)","단단한(2), 담백한(2), 걸쭉한(1), 머금은 듯한(1), 뻗어 나가는(1), 쇳소리 나는(1), 시원한(1), 직진의(1), 진한(1), 힘 있는(1)","꽃타령은 박헌봉이 작사하고 박귀희가 작곡한 신민요로, 남도민요의 특징을 잘 드러내는 민속악의 한 예이다. 이 곡은 여러 가지 꽃을 주제로 하여 봄날의 화사함과 꽃의 아름다움을 표현하는 경쾌한 선율로 구성되어 있다. 여창 가창자 이주은의 목소리는 이 곡의 중심에서 중요한 역할을 하며, 그녀의 발성은 맑고 청아한 음색을 통해 꽃의 아름다움을 전달한다. 이주은은 곡의 멜로디를 표현하는 과정에서 시김새를 적절히 활용하여 전통적인 민요의 맛을 살리고 있으며, 성량이 풍부하여 곡의 다양한 구성을 효과적으로 소화한다. 그녀의 호흡은 곡의 리듬에 잘 맞춰져 있으며, 자진모리의 경쾌한 리듬 위에서 자연스럽게 흐름을 타고 있다. 이주은의 호흡은 곡의 마무리를 장식하며, 전체적인 장르의 완성도를 높이는 데 기여한다.","Flower Song is a new folk song with lyrics by Park Heon-bong and music composed by Park Gwi-hee, exemplifying the characteristics of Namdo folk music. This piece is composed of lively melodies that express the brightness of spring days and the beauty of flowers, centered around various floral themes. The voice of the female vocalist Lee Joo-eun plays a crucial role at the heart of the piece, as her vocalization conveys the beauty of flowers through a clear and pure timbre. In the process of expressing the melody, Lee Joo-eun effectively utilizes vocal embellishments to preserve the essence of traditional folk songs, and her rich vocal range allows her to navigate the diverse structures of the piece effectively. Her breath control aligns well with the rhythm of the song, flowing naturally over the brisk tempo of the Jajinmori rhythm. Lee Joo-eun's breath enhances the conclusion of the piece, contributing to the overall completeness of the genre.","꽃 사시오 꽃을 사시오 꽃을 사 사랑 사랑 사랑 사랑 사랑 사랑의 꽃이로구나
꽃 바구니 둘러 메고 꽃 팔러 나왔소 붉은 꽃 파란 꽃 노리고도 하얀 꽃
남색 자색의 연분홍 울긋불긋 빛난 꽃 아롱 다롱의 고운 꽃
꽃 사시오 꽃 사 꽃을 사시오 꽃을 사 사랑 사랑 사랑 사랑 사랑 사랑의 꽃이로구나
봉울 봉올 맺힌 꽃 숭얼숭얼 달린 꽃 방실방실 웃는 꽃 활짝 피었네 다 핀 꽃
벌 모아 노래한 꽃 나비 앉아 춤춘 꽃
꽃 사시오 꽃사 꽃을 사시오 꽃을 사 사랑 사랑 사랑 사랑 사랑 사랑의 꽃이로구나
이 송이 저 송이 각 꽃송이 향기가 풍겨 나온다
이 꽃 저 꽃 저 꽃 이 꽃 해당화 모란화 난초 지초 왠갖 향초 작약 목단의 장미화
꽃 사시오 꽃사 꽃을 사시오 꽃을 사 사랑 사랑 사랑 사랑 사랑 사랑의 꽃이로구나
꽃 사시오 꽃을 사시오 꽃을 사 사랑 사랑 사랑 사랑 사랑 사랑의 꽃이로구나
꽃 바구니 둘러 메고 꽃 팔러 나왔소 붉은 꽃 파란 꽃 노리고도 하얀 꽃
남색 자색의 연분홍 울긋불긋 빛난 꽃 아롱 다롱의 고운 꽃
꽃 사시오 꽃 사 꽃을 사시오 꽃을 사 사랑 사랑 사랑 사랑 사랑 사랑의 꽃이로구나
봉울 봉올 맺힌 꽃 숭얼숭얼 달린 꽃 방실방실 웃는 꽃 활짝 피었네 다 핀 꽃
벌 모아 노래한 꽃 나비 앉아 춤춘 꽃
꽃 사시오 꽃 사 꽃을 사시오 꽃을 사 사랑 사랑 사랑 사랑 사랑 사랑의 꽃이로구나
이 송이 저 송이 각 꽃송이 향기가 풍겨 나온다
이 꽃 저 꽃 저 꽃 이 꽃 해당화 모란화 난초 지초 왠갖 향초 작약 목단의 장미화
꽃 사시오 꽃 사 꽃을 사시오 꽃을 사 사랑 사랑 사랑 사랑 사랑 사랑의 꽃이로구나
사랑 사랑 사랑 사랑 사랑 사랑의 꽃이로구나",꽃 사시오 꽃을 사시오 꽃을 사 사랑 사랑 사랑 사랑 사랑 사랑의 꽃이로구나 / 꽃 바구니 둘러 메고 꽃 팔러 나왔소 붉은 꽃 파란 꽃 노리고도 하얀 꽃 / 남색 자색의 연분홍 울긋불긋 빛난 꽃 아롱 다롱의 고운 꽃 / 꽃 사시오 꽃 사 꽃을 사시오 꽃을 사 사랑 사랑 사랑 사랑 사랑 사랑의 꽃이로구나 / 봉울 봉올 맺힌 꽃 숭얼숭얼 달린 꽃 방실방실 웃는 꽃 활짝 피었네 다 핀 꽃 / 벌 모아 노래한 꽃 나비 앉아 춤춘 꽃 / 꽃 사시오 꽃사 꽃을 사시오 꽃을 사 사랑 사랑 사랑 사랑 사랑 사랑의 꽃이로구나 / 이 송이 저 송이 각 꽃송이 향기가 풍겨 나온다 / 이 꽃 저 꽃 저 꽃 이 꽃 해당화 모란화 난초 지초 왠갖 향초 작약 목단의 장미화 / 꽃 사시오 꽃사 꽃을 사시오 꽃을 사 사랑 사랑 사랑 사랑 사랑 사랑의 꽃이로구나 / 꽃 사시오 꽃을 사시오 꽃을 사 사랑 사랑 사랑 사랑 사랑 사랑의 꽃이로구나 / 꽃 바구니 둘러 메고 꽃 팔러 나왔소 붉은 꽃 파란 꽃 노리고도 하얀 꽃 / 남색 자색의 연분홍 울긋불긋 빛난 꽃 아롱 다롱의 고운 꽃 / 꽃 사시오 꽃 사 꽃을 사시오 꽃을 사 사랑 사랑 사랑 사랑 사랑 사랑의 꽃이로구나 / 봉울 봉올 맺힌 꽃 숭얼숭얼 달린 꽃 방실방실 웃는 꽃 활짝 피었네 다 핀 꽃 / 벌 모아 노래한 꽃 나비 앉아 춤춘 꽃 / 꽃 사시오 꽃 사 꽃을 사시오 꽃을 사 사랑 사랑 사랑 사랑 사랑 사랑의 꽃이로구나 / 이 송이 저 송이 각 꽃송이 향기가 풍겨 나온다 / 이 꽃 저 꽃 저 꽃 이 꽃 해당화 모란화 난초 지초 왠갖 향초 작약 목단의 장미화 / 꽃 사시오 꽃 사 꽃을 사시오 꽃을 사 사랑 사랑 사랑 사랑 사랑 사랑의 꽃이로구나 / 사랑 사랑 사랑 사랑 사랑 사랑의 꽃이로구나,21.0,230.57
KC_TM_MF_MY_S000193,남도,민속악,민요,남도민요,남원산성,조정희,여창,E / Dbm,중중모리,12/8,120.0,"쓸쓸한(2), 표현적인(2), 향토적인(2), 경쾌한(1), 도취된(1), 생기 있는(1), 서사적인(1), 시적인(1), 애절한(1), 어두운(1), 에너지 넘치는(1), 열정적인(1), 우울감 있는(1), 우울한(1), 유려한(1), 장엄한(1), 평온한(1), 향수 어린(1)","단단한(2), 콧소리 나는(2), 담백한(1), 묵직한(1), 뻗어 나가는(1), 섬세한(1), 쇳소리 나는(1), 시원한(1), 여린(1), 역동적인(1), 유연한(1), 진한(1)","둥가타령은 '남원산성'으로 시작하는 남도 잡가이자 신민요로, 전통 민속악의 한 갈래인 남도민요의 특징을 잘 드러내고 있다. 이 곡은 '둥가둥가'라는 후렴구와 함께 흥겨운 가락으로 전해지며, 아이를 어르거나 흥을 돋울 때 부르는 소리에서 유래된 것으로 보인다. 여창 가창자 조정희의 목소리는 이 곡의 흐름을 자연스럽게 이끌어가며, 그녀의 창법은 전통적인 민요의 요소를 충실히 반영한다. 조정희는 발성을 통해 곡의 멜로디를 명확히 전달하며, 시김새를 적절히 활용하여 감정의 깊이를 더한다. 그녀의 성량은 곡의 전개에 따라 유동적으로 변화하며, 호흡 조절이 뛰어나 곡의 리듬을 안정적으로 유지한다. 중중모리의 리듬 위에서 조정희는 일정한 박자를 타며, 각 음절의 길이와 강세를 조절하여 곡의 흐름을 매끄럽게 이어간다. 그녀의 호흡은 곡의 마무리를 장식하며, 전통 민요의 완성도를 높이는 데 기여한다.","Dungataeryeong is a Nambo folk song and a new folk song that begins with ""Namwonsanseong,"" showcasing the characteristics of Nambo minyo, a branch of traditional folk music. This piece is transmitted with an upbeat melody accompanied by the refrain ""dungadunga,"" and it appears to have originated from sounds sung to soothe children or to elevate the mood. The voice of female vocalist Jo Jeong-hee naturally guides the flow of the piece, and her singing style faithfully reflects the elements of traditional folk songs. Jo Jeong-hee clearly conveys the melody through her vocalization, effectively utilizing vocal embellishments to enhance the emotional depth. Her vocal range fluidly changes according to the development of the piece, and her excellent breath control maintains a stable rhythm throughout. Over the rhythm of jungjungmori, Jo Jeong-hee maintains a steady beat, adjusting the length and emphasis of each syllable to ensure a smooth continuity of the song. Her breathing adorns the conclusion of the piece, contributing to the overall completeness of the traditional folk song.","남원산성 올라가 이화문전 바라보니 수진이 날진이 해동청 보라매 떴다
봐라 저 종달새
석양은 늘어져 갈메기 울고 능수버들가지 휘늘어진듸
꾀꼬리는 짝을 지어 이산으로 가며 꾀꼬리 수리루
음 어허야 어허야 뒤여 허 둥가 허허 둥가 둥가 내 사랑이로구나
니가 나를 볼라면 심양강 건너가 이 친구 저 친구 다정한 내 친구
설마 설마 설마 서설마 제일 천하 낭군이 니가 내 사랑이지
어허야 뒤여 허 둥가 허허 둥가 둥가 내 사랑이로구나
옥양목 석 자 없다고 집안이 야단이 났는듸
새 보선 신고 속 없이 뭣하러 또 내 집에 왔나
음 어허야 어허야 뒤여 허 둥가 허허 둥가 둥가 내 사랑이로구나
앞 집 큰 애기 시집을 가는듸 속 없는 노총각 생병났다더라
음 어허야 어허야 뒤여 허 둥가 허허 둥가 둥가 내 사랑이로구나
사랑 거짓말 옛날 사랑도 거짓말 꿈에 와서 보였다는 것도 그것도 또한 거짓말
어허야 뒤여 허 둥가 허허 둥가 둥가 내 사랑이로구나
요 요리로 가서도 저 저리로 가서도 나만 보면 눈을 끔적 끔적끔적거린다
어허야 뒤여 허 둥가 허허 둥가 둥가 내 사랑이로구나",남원산성 올라가 이화문전 바라보니 / 수진이 날진이 해동청 보라매 떴다 봐라 저 종달새 / 석양은 늘어져 갈메기 울고 능수버들가지 휘늘어진듸 / 꾀꼬리는 짝을 지어 이산으로 가며 꾀꼬리 수리루 / 음 어허야 어허야 뒤여 허 둥가 허허 둥가 둥가 내 사랑이로구나 / 니가 나를 볼라면 심양강 건너가 / 이 친구 저 친구 다정한 내 친구 설마 설마 설마 서설마 / 제일 천하 낭군이 니가 내 사랑이지 / 어허야 뒤여 허 둥가 허허 둥가 둥가 내 사랑이로구나 / 옥양목 석 자 없다고 집안이 야단이 났는듸 / 새 보선 신고 속 없이 뭣하러 또 내 집에 왔나 음 어허야 / 어허야 뒤여 허 둥가 허허 둥가 둥가 내 사랑이로구나 / 앞 집 큰 애기 시집을 가는듸 / 속 없는 노총각 생병났다더라 음 어허야 / 어허야 뒤여 허 둥가 허허 둥가 둥가 내 사랑이로구나 / 사랑 거짓말 옛날 사랑도 거짓말 / 꿈에 와서 보였다는 것도 그것도 또한 거짓말 / 어허야 뒤여 허 둥가 허허 둥가 둥가 내 사랑이로구나 / 요 요리로 가서도 저 저리로 가서도 / 나만 보면 눈을 끔적 끔적끔적거린다 / 어허야 뒤여 허 둥가 허허 둥가 둥가 내 사랑이로구나,21.0,304.03
KC_TM_MF_MY_S000194,남도,민속악,민요,남도민요,널뛰기 1,조정희,여창,E / Dbm,중모리,12/4,80.0,"우울한(3), 쓸쓸한(2), 향수 어린(2), 감상적인(1), 공격적인(1), 단아한(1), 마음을 울리는(1), 명상적인(1), 비통한(1), 사색적인(1), 슬픈(1), 어두운(1), 엄숙한(1), 장엄한(1), 진지한(1), 향토적인(1)","울리는(3), 걸쭉한(2), 단단한(2), 묵직한(2), 담백한(1), 머금은 듯한(1), 밀도 있는(1), 비강 울림이 있는(1), 쇳소리 나는(1), 진한(1)","널뛰기 1은 설날 무렵에 부르던 전통적인 민속악의 한 형태로, 남도민요의 특징이 잘 드러나는 곡이다. 이 곡은 널뛰기 놀이의 역동성을 경쾌한 장단에 담아내며, 명절의 흥취를 더하는 역할을 한다. 여창 가창자 조정희의 목소리는 이 곡의 흐름을 부드럽게 이끌어가며, 중모리의 장단에 맞춰 안정적인 발성을 통해 멜로디를 표현한다. 조정희는 시김새를 적절히 사용하여 전통적인 민요의 맛을 살리며, 성량을 조절하여 곡의 각 구절에 맞는 음역을 효과적으로 전달한다. 그녀의 호흡은 곡의 리듬과 잘 어우러져, 중모리의 기초 위에서 자연스럽게 흐름을 타며 곡의 긴장감과 안정감을 동시에 제공한다. 이러한 요소들이 조화를 이루어 곡의 완성도를 높이고, 전통 민속악의 매력을 더욱 부각시킨다.","Nulttugi 1 is a form of traditional folk music sung around the Lunar New Year, showcasing the distinctive characteristics of Namdo minyo. This piece captures the dynamism of the Nulttugi game within its lively jangdan, enhancing the festive atmosphere of the holiday. The voice of the female vocalist Jo Jeong-hee smoothly guides the flow of the piece, expressing the melody through stable vocalization in accordance with the mid-mori jangdan. Jo Jeong-hee effectively employs nuances to preserve the essence of traditional folk songs, adjusting her vocal range to convey the appropriate pitch for each phrase. Her breath harmonizes well with the rhythm of the piece, naturally flowing over the foundation of mid-mori while simultaneously providing a sense of tension and stability. These elements come together in harmony, elevating the overall quality of the piece and further highlighting the charm of traditional folk music.","널뛰자 널뛰자 새해 맞이 널뛰자
묵은 해는 다 지내고 금년 신수가 좋을씨구
널뛰자 널뛰자 새해 맞이 널뛰자
서재도령 공차기는 널뛰기만 멋하드라
널뛰자 널뛰자 새해 맞이 널뛰자
만복무량 소원성취 금년시절이 좋을씨구
널뛰자 널뛰자 새해 맞이 널뛰자
호걸 선비 말 달리기 널뛰기를 허라가세
널뛰자 널뛰자 새해 맞이 널뛰자
묵은 해는 다 지내고 금년 시절을 맞이했네
널뛰자 널뛰자 새해 맞이 널뛰자
널뛰기를 마친 후에 떡국 놀이 가자서라
널뛰자 널뛰자 새해 맞이 널뛰자",널뛰자 널뛰자 새해 맞이 널뛰자 / 묵은 해는 다 지내고 금년 신수가 좋을씨구 / 널뛰자 널뛰자 새해 맞이 널뛰자 / 서재도령 공차기는 널뛰기만 멋하드라 / 널뛰자 널뛰자 새해 맞이 널뛰자 / 만복무량 소원성취 금년시절이 좋을씨구 / 널뛰자 널뛰자 새해 맞이 널뛰자 / 호걸 선비 말 달리기 널뛰기를 허라가세 / 널뛰자 널뛰자 새해 맞이 널뛰자 / 묵은 해는 다 지내고 금년 시절을 맞이했네 / 널뛰자 널뛰자 새해 맞이 널뛰자 / 널뛰기를 마친 후에 떡국 놀이 가자서라 / 널뛰자 널뛰자 새해 맞이 널뛰자,13.0,237.79
KC_TM_MF_MY_S000195,남도,민속악,민요,남도민요,농부가,조정희,여창,E / Dbm,중모리,12/4,90.0,"신나는(2), 쓸쓸한(2), 애절한(2), 강력한(1), 강렬한(1), 강한(1), 경쾌한(1), 그루브감 있는(1), 긴장된(1), 다이내믹한(1), 생기 있는(1), 신명난(1), 어두운(1), 엄숙한(1), 에너지 넘치는(1), 열정적인(1), 유쾌한(1), 장엄한(1), 해학적인(1), 향토적인(1)","묵직한(3), 단단한(2), 밀도 있는(2), 역동적인(2), 거친(1), 걸쭉한(1), 공명감 있는(1), 담백한(1), 비강 울림이 있는(1), 쇳소리 나는(1), 시원한(1), 울리는(1), 힘 있는(1)","농부가는 전라도의 모심기 소리인 상사소리가 판소리 춘향가에 삽입되었다가 독립적인 통속민요로 변화한 남도민요로, 민속악의 일환으로 그 특징이 잘 드러나는 곡이다. 여창 가창자 조정희의 목소리는 이 곡의 전개에서 중요한 역할을 하며, 그녀는 중모리장단의 긴소리와 빠른 중중모리장단의 자진소리를 자유롭게 넘나들며 멜로디를 표현한다. 조정희는 발성을 통해 각 음을 선명하게 전달하며, 시김새를 적절히 사용하여 민요의 전통적인 요소를 살리는 동시에 창법의 변화로 청중의 귀를 사로잡는다. 그녀의 성량은 곡의 흐름을 이끌며, 호흡 조절을 통해 긴소리에서의 여유로움을 유지하고 자진소리에서는 더욱 역동적인 에너지를 발산한다. 중모리의 리듬 위에서 조정희는 자연스럽게 흐름을 타며, 호흡의 구성이 곡의 마무리를 장식하고 전체적인 장르적 완성도를 높인다. 이처럼 조정희의 목소리는 농부가의 민속적 특성을 잘 살리며, 전통과 현대의 경계를 넘나드는 매력을 발산한다.","Nongbuga is a folk song from the Jeolla region, originally derived from the rice planting sounds known as Sangsa-sori, which was incorporated into the pansori piece Chunhyangga before evolving into an independent popular folk song of the Namdo region. This piece exemplifies the characteristics of folk music well. The voice of female vocalist Jo Jeong-hee plays a crucial role in the development of this song, as she fluidly navigates between the long notes of the Jungmori jangdan and the brisk, lively notes of the Jajin sori, expressing the melody with great artistry. Jo Jeong-hee delivers each note clearly through her vocalization, skillfully employing stylistic nuances to preserve the traditional elements of the folk song while captivating the audience with variations in her singing technique. Her vocal range guides the flow of the piece, maintaining a sense of ease in the long notes while exuding even more dynamic energy in the lively sections. Over the rhythm of the Jungmori, Jo Jeong-hee naturally rides the flow, and the arrangement of her breath enhances the conclusion of the piece, elevating the overall genre's completeness. In this way, Jo Jeong-hee's voice beautifully embodies the folk characteristics of Nongbuga, radiating a charm that transcends the boundaries between tradition and modernity.","여 여 여허 여허루 상사뒤여
여보시요 농부님네 이내 말을 들어보소 어화 농부들 말들어요
캄캄한 어둔밤은 멀리멀리 사라지고
삼천리 너른땅에 새빛이 밝았구나
산명수려 이 강산은 우리 농부들의 차지로세
여 여 여허 여허루 상사뒤여
여보시요 농부님네 이내 말을 들어보소 어화 농부들 말들어요
이마위에 흐르는 땀은 방울방울 향기잃고
호미끝에 일른 흙은 뎅이 뎅이 뎅이 황금이로구나
여 여 여허 여허루 상사뒤여
어럴럴럴럴 상사뒤여
신농씨 만든 쟁기 고운 소로 앞을 내여 상하평 깊이 갈고 후직의 본을 받어
백곡을 뿌렸으니 용성의 지은 책력 하시절이 돌아 왔네
여 여 여허 여허루 상사뒤여",여 여 여허 여허루 / 상사뒤여 / 여보시요 농부님네 이내 말을 들어보소 / 어화 농부들 말들어요 / 캄캄한 어둔밤은 / 멀리멀리 사라지고 / 삼천리 너른땅에 / 새빛이 밝았구나 산명수려 이 강산은 우리 농부들의 차지로세 / 여 여 여허 여허루 / 상사뒤여 / 여보시요 농부님네 이내 말을 들어보소 어화 농부들 말들어요 / 이마위에 흐르는 땀은 / 방울방울 향기잃고 / 호미끝에 일른 흙은 / 뎅이 뎅이 뎅이 황금이로구나 / 여 여 여허 여허루 / 상사뒤여 / 어럴럴럴럴 상사뒤여 / 신농씨 만든 쟁기 / 고운 소로 앞을 내여 / 상하평 깊이 갈고 후직의 본을 받어 / 백곡을 뿌렸으니 용성의 지은 책력 하시절이 돌아 왔네 / 여 여 여허 여허루 / 상사뒤여,24.0,226.7
KC_TM_MF_MY_S000196,남도,민속악,민요,남도민요,자진농부가,조정희,여창,E / Dbm,중중모리,12/8,140.0,"기품 있는(2), 차분한(2), 향수 어린(2), 강한(1), 그루브감 있는(1), 낭만적인(1), 생기 있는(1), 슬픈(1), 쓸쓸한(1), 애절한(1), 어두운(1), 에너지 넘치는(1), 여유로운(1), 웅대한(1), 진지한(1), 향토적인(1)","걸쭉한(2), 밀도 있는(2), 쇳소리 나는(2), 울리는(2), 거친(1), 단단한(1), 머금은 듯한(1), 묵직한(1), 뻗어 나가는(1), 섬세한(1)","자진농부가는 남도민요 중 하나로, 전통적인 민속악의 특성을 잘 드러내는 곡이다. 이 곡은 판소리 춘향가의 삽입가요에서 유래하였으며, 중중모리장단에 맞추어 구성되어 있다. 여창 가창자 조정희는 이 곡의 주인공으로, 그녀의 목소리는 곡의 흐름을 이끌어가는 중요한 요소이다. 조정희는 발성에서 확고한 기초를 바탕으로 육자배기토리의 선율 구조를 자연스럽게 표현하며, 시김새를 적절히 사용하여 전통적인 민요의 정서를 살린다. 그녀는 곡의 긴소리와 빠른 대목을 유기적으로 연결하며, 성량을 조절하여 각 구절의 표현력을 극대화한다. 호흡의 조절 또한 중요한데, 조정희는 중중모리의 리듬에 맞춰 안정적인 호흡을 유지하며 곡의 긴장감을 조절한다. 이러한 호흡과 리듬의 조화는 곡의 전체적인 완성도를 높이는 데 기여하며, 청중에게 깊은 인상을 남긴다.","Jajin Nongbuga is one of the Namdo folk songs and is a piece that distinctly showcases the characteristics of traditional folk music. This song originates from an inserted song in the pansori Chunhyangga and is structured according to the Jungjungmori jangdan. The female vocalist Jo Jeong-hee serves as the protagonist of this piece, and her voice is a crucial element that guides the flow of the song. Jo Jeong-hee expresses the melodic structure of Yukjabaegi tori naturally, based on a solid foundation of vocalization, while appropriately employing sigimsae to evoke the emotions of traditional folk songs. She organically connects the long notes and the rapid passages, adjusting her vocal volume to maximize the expressiveness of each phrase. Breath control is also vital; Jo Jeong-hee maintains stable breathing in accordance with the rhythm of Jungjungmori, regulating the tension of the piece. This harmony of breath and rhythm contributes to the overall completeness of the song, leaving a profound impression on the audience.","어화 어화 여루 상사뒤여
여보소 농부들 말 듣소 어화 농부 말들어
운담풍경 근오천의 방화수류허여 전천으로 내려간다
어화 어화 여루 상사뒤여
여보소 농부들 말듣소 어화 농부 말들어
우리가 농사를 어서 지어 팔구월 추수허여
우걱 찌걱의 쓸어 들여다가 물좋은 수양수출 떨끄덩떵 방아를 찧세
어화 어화 여루 상사뒤여
일락서산에 해떨어지고 월출동령에 달솟아온다
어화 어화 여루 상사뒤여
여보소 농부들 말 듣소 어화 농부 말들어
충청도 중복성은 주지가지가 열렸고 강릉땅 감 대추는 아그대 다그대 열렸단다
어화 어화 여루 상사뒤여
이모 심어 다 끝내면 초벌 두벌 세벌 맨 후 참이락이 결실되어 황황히 익은 후에
우걱찌걱 거둬들여 가상질 탕탕허여 물좋은 수양수침 떨끄덩떵 찧어나가
상위부모 하위처자 함포고복의 놀아보세
어화 어화 여루 상사뒤여
다되었네 다되여
서마지기 논배미가 반달 만큼 남었네
지가 반달이냐 초생달이 반달이로다
어화 어화 여루 상사뒤여
떠들어온다 점심 바구니 떠들어 온다
어화 어화 여루 상사뒤여",어화 어화 여루 상사뒤여 / 여보소 농부들 말 듣소 어화 농부 말들어 / 운담풍경 근오천의 방화수류허여 전천으로 내려간다 / 어화 어화 여루 상사뒤여 / 여보소 농부들 말듣소 어화 농부 말들어 / 우리가 농사를 어서 지어 팔구월 추수허여 / 우걱 찌걱의 쓸어 들여다가 물좋은 수양수출 떨끄덩떵 방아를 찧세 / 어화 어화 여루 상사뒤여 / 일락서산에 해떨어지고 월출동령에 달솟아온다 / 어화 어화 여루 상사뒤여 / 여보소 농부들 말 듣소 어화 농부 말들어 / 충청도 중복성은 주지가지가 열렸고 강릉땅 감 대추는 아그대 다그대 열렸단다 / 어화 어화 여루 상사뒤여 / 이모 심어 다 끝내면 초벌 두벌 세벌 맨 후 참이락이 결실되어 황황히 익은 후에 / 우걱찌걱 거둬들여 가상질 탕탕허여 물좋은 수양수침 떨끄덩떵 찧어나가 / 상위부모 하위처자 함포고복의 놀아보세 / 어화 어화 여루 상사뒤여 / 다되었네 다되여 / 서마지기 논배미가 반달 만큼 남었네 / 지가 반달이냐 초생달이 반달이로다 / 어화 어화 여루 상사뒤여 / 떠들어온다 점심 바구니 떠들어 온다 / 어화 어화 여루 상사뒤여,23.0,284.18
KC_TM_MF_MY_S000197,남도,민속악,민요,남도민요,달맞이,조정희,여창,Db / Bbm,중모리,12/4,80.0,"쓸쓸한(2), 향수 어린(2), 강렬한(1), 강한(1), 그루브감 있는(1), 다이내믹한(1), 부드러운(1), 생기 있는(1), 슬픈(1), 신나는(1), 애절한(1), 애정 어린(1), 여유로운(1), 유쾌한(1), 진지한(1), 평온한(1), 표현적인(1), 행복한(1), 향토적인(1)","쇳소리 나는(3), 단단한(2), 뻗어 나가는(2), 유연한(2), 거친(1), 걸쭉한(1), 매끄러운(1), 선명한(1), 시원한(1), 진한(1), 탁 트인(1)","달맞이는 정월대보름 달집태우기 의식에서 부르는 세시풍속 민요로, 풍년을 기원하고 액을 막는 내용을 담고 있다. 이 곡은 마을 공동체의 안녕과 번영을 비는 간절한 마음이 녹아있는 남도민요로, 민속악의 특성을 잘 드러낸다. 여창 가창자 조정희의 목소리는 이 곡의 전개를 주도하며, 그녀의 창법은 전통적인 민요의 특징을 충실히 반영한다. 조정희는 발성을 통해 곡의 멜로디를 명확하게 표현하며, 시김새를 적절히 사용하여 곡의 감정을 전달한다. 성량이 안정적이며, 호흡 조절이 뛰어나 곡의 흐름을 자연스럽게 이끈다. 중모리 장단의 리듬 위에서 그녀의 목소리는 유연하게 움직이며, 리듬에 맞춰 곡의 구조를 효과적으로 살린다. 조정희는 곡의 마무리에서 호흡을 통해 여운을 남기며, 전통 민요의 완성도를 높이는 데 기여한다.","Dalmaji is a seasonal folk song sung during the ritual of burning the moon house on the first full moon of the lunar year, embodying wishes for a bountiful harvest and the warding off of misfortune. This piece reflects the earnest hopes for the well-being and prosperity of the village community, showcasing the characteristics of folk music from the Namdo region. The voice of female vocalist Jo Jeong-hee leads the development of the song, and her singing style faithfully reflects the features of traditional folk songs. Through her vocalization, Jo Jeong-hee clearly expresses the melody of the piece, effectively conveying the emotions of the song with appropriate use of vocal embellishments. Her stable vocal power and excellent breath control naturally guide the flow of the piece. Over the rhythm of the Jungmori jangdan, her voice moves flexibly, effectively enhancing the structure of the song in accordance with the rhythm. At the conclusion of the piece, Jo Jeong-hee leaves a lingering resonance through her breath, contributing to the overall completeness of the traditional folk song.","가세 가세 달맞이가세 높은 산으로 달맞이가세 가세 가세 가세 달맞이가세
달 모습을 살펴보니 금년 정월이 좋을시고
가세 가세 달맞이가세 높은 산으로 달맞이가세 가세 가세 가세 달맞이가세
달아 달아 밝은 달아 우주 강산에 비친 달아
가세 가세 달맞이가세 높은 산으로 달맞이가세 가세 가세 가세 달맞이가세
정월이라 대보름날 망월하던 소년들아 망월도 좋거니와 탁주놀이가 더욱 좋네
가세 가세 달맞이가세 높은 산으로 달맞이가세 가세 가세 가세 달맞이가세
만경창파 닻을 띄워 술렁술렁 달 만나세
가세 가세 달맞이가세 높은 산으로 달맞이가세 가세 가세 가세 달맞이가세
정월 보름 달을 보고 우리 소원을 보세
가세 가세 달맞이가세 높은 산으로 달맞이가세 가세 가세 가세 달맞이가세",가세 가세 달맞이가세 / 높은 산으로 달맞이가세 / 가세 가세 가세 달맞이가세 / 달 모습을 살펴보니 금년 정월이 좋을시고 / 가세 가세 달맞이가세 / 높은 산으로 달맞이가세 / 가세 가세 가세 달맞이가세 / 달아 달아 밝은 달아 / 우주 강산에 비친 달아 / 가세 가세 달맞이가세 / 높은 산으로 달맞이가세 / 가세 가세 가세 달맞이가세 / 정월이라 대보름날 망월하던 소년들아 / 망월도 좋거니와 탁주놀이가 더욱 좋네 / 가세 가세 달맞이가세 / 높은 산으로 달맞이가세 / 가세 가세 가세 달맞이가세 / 만경창파 닻을 띄워 / 술렁술렁 달 만나세 / 가세 가세 달맞이가세 / 높은 산으로 달맞이가세 / 가세 가세 가세 달맞이가세 / 정월 보름 달을 보고 우리 소원을 보세 / 가세 가세 달맞이가세 / 높은 산으로 달맞이가세 / 가세 가세 가세 달맞이가세,26.0,265.54
KC_TM_MF_MY_S000198,남도,민속악,민요,남도민요,동백타령 1,조정희,여창,E / Dbm,중모리,12/4,70.0,"애절한(2), 향수 어린(2), 감상적인(1), 강력한(1), 경쾌한(1), 그리운(1), 다이내믹한(1), 마음을 울리는(1), 부드러운(1), 비통한(1), 쓸쓸한(1), 애정 어린(1), 열정적인(1), 웅대한(1), 잔잔한(1), 장엄한(1), 절제된(1), 표현적인(1), 향토적인(1), 환상적인(1)","걸쭉한(2), 뻗어 나가는(2), 거친(1), 단단한(1), 묵직한(1), 비강 울림이 있는(1), 섬세한(1), 안쪽에서 울리는(1), 울리는(1), 정제된(1), 콧소리 나는(1)","동백타령은 1961년 한일섭 명인이 작곡한 남도 신민요로, 동백꽃의 아름다움과 연인의 설렘을 남도계면조 선율에 담아낸 곡이다. 이 곡은 서정적이면서도 구성진 남도 소리의 매력을 잘 살려내는 민속악의 한 형태로, 남도민요의 특징이 뚜렷하게 드러난다. 여창 가창자 조정희는 이 곡의 가창에서 중요한 역할을 하며, 그녀의 목소리는 전통적인 남도민요의 감성을 잘 전달한다. 조정희는 발성과 시김새를 통해 멜로디를 표현하며, 각 음절에 대한 깊은 감정을 담아내는 방식으로 곡의 흐름을 이끌어간다. 그녀의 성량은 안정적이며, 호흡 조절이 뛰어나 곡의 전개에 따라 유연하게 변화한다. 중모리의 리듬 위에서 가창자는 리듬의 흐름을 타며, 각 구절의 끝에서 호흡을 적절히 사용하여 곡의 마무리를 장식하고, 이러한 호흡의 조절이 장르적 완성도를 높이는 데 기여한다. 조정희의 목소리는 단순히 멜로디를 전달하는 것을 넘어, 남도민요의 전통과 정서를 깊이 있게 표현하며, 청중에게 곡의 의미를 전달하는 데 큰 역할을 한다.","Dongbaek Taryeong is a Namdo folk song composed by the master Han Il-seop in 1961, encapsulating the beauty of the camellia flower and the excitement of a lover within the melodic framework of Namdo gye-myeonjo. This piece serves as a form of folk music that effectively showcases the lyrical and structured charm of Namdo sound, with distinct characteristics of Namdo minyo clearly evident. The female vocalist Jo Jeong-hee plays a crucial role in the performance of this song, as her voice conveys the emotional essence of traditional Namdo minyo. Through her vocalization and nuanced ornamentation, she expresses the melody while infusing deep emotion into each syllable, guiding the flow of the piece. Her vocal range is stable, and her breath control is exceptional, allowing for flexible variations in accordance with the progression of the song. Riding on the rhythm of Jungmori, the vocalist navigates the rhythmic flow, skillfully employing breath at the end of each phrase to embellish the conclusion of the piece, and this control of breath contributes to the genre's overall completeness. Jo Jeong-hee's voice transcends mere melody delivery, profoundly expressing the tradition and sentiment of Namdo minyo, playing a significant role in conveying the meaning of the song to the audience.","가세 가세 동백꽃을 따러 가세
오롱조롱 동백을 따다 기름짜서 불을 밝혀 놓고
큰 애기 시집 갈 혼수 만드네 살기 좋은 내 고장일세
가세 가세 동백꽃을 따러 가세
저 멀리 바다에는 아낙네들이 조개를 줍고
우리 고장 뭍에서는 큰애기들이 동백을 따네
가세 가세 동백꽃을 따러 가세
빨간 동백 따다가는 님 계신 방에 꽂아 놓고
하얀 동백을 따다가는 부모님 방에 꽂아 놓세
가세 가세 동백꽃을 따러 가세
십오야 둥근달이 온 천하에 비췄을때
우리 꽃임은 수줍다고 얼굴을 돌리네 고개를 숙이네
가세 가세 동백꽃을 따러 가세",가세 가세 / 동백꽃을 따러 가세 / 오롱조롱 동백을 따다 기름짜서 불을 밝혀 놓고 / 큰 애기 시집 갈 혼수 만드네 / 살기 좋은 내 고장일세 / 가세 가세 / 동백꽃을 따러 가세 / 저 멀리 바다에는 / 아낙네들이 조개를 줍고 우리 고장 뭍에서는 / 큰애기들이 동백을 따네 / 가세 가세 / 동백꽃을 따러 가세 / 빨간 동백 따다가는 님 계신 방에 꽂아 놓고 / 하얀 동백을 따다가는 / 부모님 방에 꽂아 놓세 / 가세 가세 / 동백꽃을 따러 가세 / 십오야 둥근달이 / 온 천하에 비췄을때 우리 꽃임은 수줍다고 / 얼굴을 돌리네 고개를 숙이네 / 가세 가세 / 동백꽃을 따러 가세,22.0,228.89
KC_TM_MF_MY_S000199,남도,민속악,민요,남도민요,동해바다,조정희,여창,E / Dbm,휘모리,4/4,120.0,"마음을 울리는(2), 애절한(2), 에너지 넘치는(2), 강력한(1), 강한(1), 그리운(1), 긴장감 넘치는(1), 다이내믹한(1), 명랑한(1), 신나는(1), 쓸쓸한(1), 애정 어린(1), 엄숙한(1), 여유로운(1), 열정적인(1), 우울감 있는(1), 웅대한(1), 절제된(1), 평화로운(1), 해학적인(1), 향수 어린(1)","단단한(3), 콧소리 나는(2), 거친(1), 걸쭉한(1), 담백한(1), 매끄러운(1), 묵직한(1), 뻗어 나가는(1), 쇳소리 나는(1), 시원한(1), 역동적인(1), 울리는(1)","동해바다는 한일섭의 작사·작곡으로, 떠나간 임을 기다리는 외로운 심정을 담은 신민요이다. 이 곡은 슬픈 가사를 흥겨운 동살풀이장단에 실어, 슬픔을 신명으로 극복하고자 하는 우리 민족의 정서를 역설적으로 표현하고 있다. 남도민요의 특징이 잘 드러나는 이 곡은 전통적인 민속악의 맥락 속에서 깊은 감성을 전달한다. 여창 가창자 조정희의 목소리는 이 곡의 감정선을 이끌어가는 중요한 역할을 한다. 그녀는 발성에서 부드러운 음색을 유지하며, 시김새를 통해 곡의 감정을 섬세하게 표현한다. 조정희는 각 음절에 적절한 호흡을 조절하여 멜로디의 흐름을 매끄럽게 이어가며, 성량을 통해 곡의 클라이맥스를 강조한다. 그녀의 창법은 전통적인 남도민요의 기법을 잘 살리면서도 현대적인 해석을 더한다. 휘모리 장단 위에서 조정희는 리듬의 변화를 자연스럽게 타며, 곡의 리듬감과 조화를 이루는 방식으로 가창한다. 그녀의 호흡은 곡의 마무리에서 중요한 역할을 하며, 전체적인 완성도를 높이는 데 기여한다. 이러한 요소들은 동해바다의 전통적인 매력을 더욱 돋보이게 한다.","Donghaebada is a new folk song composed and written by Han Il-seop, capturing the lonely feelings of waiting for a departed lover. This piece paradoxically expresses the Korean sentiment of overcoming sorrow with joy by setting its melancholic lyrics to an upbeat Dongsalpuri Jangdan. The characteristics of Namdo Minyo are prominently showcased in this song, conveying deep emotions within the context of traditional folk music. The voice of female vocalist Jo Jeong-hee plays a crucial role in guiding the emotional line of the piece. She maintains a soft timbre in her vocalization and delicately expresses the song's emotions through her use of sigimsae. Jo Jeong-hee skillfully adjusts her breath for each syllable, ensuring a smooth flow of the melody while emphasizing the climax of the piece through her vocal power. Her singing technique preserves the traditional methods of Namdo Minyo while also adding a modern interpretation. Over the Hwimori Jangdan, Jo Jeong-hee naturally rides the changes in rhythm, singing in a way that harmonizes with the song's rhythmic feel. Her breath plays an important role in the conclusion of the piece, contributing to the overall completeness of the performance. These elements further highlight the traditional charm of Donghaebada.","동해바다 저 멀리 우뚝 솟은 울릉도라 넘실대는 파도 소리에 물새들만 슬피우네
우리 님은 무정하게 어이허여 안 오시나 오늘 밤도 야속하게 밤 바람만 몰아치네 몰아치네
동해바다 저 멀리 우뚝 솟은 울릉도라 님 떠나간 부둣가에는 내 마음만 울려주네
우리 님은 무정하게 나를 두고 떠나시나 인제 가면 언제 와요 오실 날만 기다리네
기다리네
동해바다 저 멀리 우뚝 솟은 등대 불은 찰랑 대는 파도소리에 등대 불만 깜박이네
우리 님은 야속하게 어이허여 못 오시나 오늘 밤도 쓸쓸하게 등대 불만 깜박이네
깜박이네
동해바다 저 멀리 우뚝 솟은 울릉도라 넘실대는 파도 소리에 물새들만 슬피우네
우리 님은 무정하게 어이허여 안 오시나 오늘 밤도 야속하게 밤 바람만 몰아치네 몰아치네
동해바다 저 멀리 우뚝 솟은 울릉도라 님 떠나간 부둣가에는 내 마음만 울려주네
우리 님은 무정하게 나를 두고 떠나시나 인제 가면 언제 와요 오실 날만 기다리네
기다리네
동해바다 저 멀리 우뚝 솟은 등대 불은 찰랑 대는 파도소리에 등대 불만 깜박이네
우리 님은 야속하게 어이허여 못 오시나 오늘 밤도 쓸쓸하게 등대 불만 깜박이네
깜박이네",동해바다 저 멀리 우뚝 솟은 울릉도라 / 넘실대는 파도 소리에 물새들만 슬피우네 / 우리 님은 무정하게 어이허여 안 오시나 / 오늘 밤도 야속하게 밤 바람만 몰아치네 몰아치네 / 동해바다 저 멀리 우뚝 솟은 울릉도라 / 님 떠나간 부둣가에는 내 마음만 울려주네 / 우리 님은 무정하게 나를 두고 떠나시나 / 인제 가면 언제 와요 오실 날만 기다리네 기다리네 / 동해바다 저 멀리 우뚝 솟은 등대 불은 / 찰랑 대는 파도소리에 등대 불만 깜박이네 / 우리 님은 야속하게 어이허여 못 오시나 / 오늘 밤도 쓸쓸하게 등대 불만 깜박이네 깜박이네 / 동해바다 저 멀리 우뚝 솟은 울릉도라 / 넘실대는 파도 소리에 물새들만 슬피우네 / 우리 님은 무정하게 어이허여 안 오시나 / 오늘 밤도 야속하게 밤 바람만 몰아치네 몰아치네 / 동해바다 저 멀리 우뚝 솟은 울릉도라 / 님 떠나간 부둣가에는 내 마음만 울려주네 / 우리 님은 무정하게 나를 두고 떠나시나 / 인제 가면 언제 와요 오실 날만 기다리네 기다리네 / 동해바다 저 멀리 우뚝 솟은 등대 불은 / 찰랑 대는 파도소리에 등대 불만 깜박이네 / 우리 님은 야속하게 어이허여 못 오시나 / 오늘 밤도 쓸쓸하게 등대 불만 깜박이네 깜박이네,24.0,254.04
KC_TM_MF_MY_S000200,남도,민속악,민요,남도민요,둥당개타령,염경애,여창,D / Bm,중중모리,12/8,140.0,"향토적인(4), 애정 어린(3), 경쾌한(2), 가볍고 신비로운(1), 강한(1), 귀여운(1), 기품 있는(1), 여유로운(1), 영웅적인(1), 유쾌한(1), 잔잔한(1), 진지한(1), 평온한(1), 표현적인(1), 향수 어린(1)","담백한(2), 거친(1), 고운(1), 머금은 듯한(1), 묵직한(1), 밀도 있는(1), 쇳소리 나는(1), 시원한(1), 안쪽에서 울리는(1), 울리는(1), 유연한(1), 힘 있는(1)","둥당애타령은 전남 도서 지역의 향토민요로, '둥당애'라는 구음 후렴구가 특징인 민속악 중에서도 남도민요의 전형적인 예시를 보여준다. 이 곡은 여성들이 유희요나 노동요로 부르며 물장구 등을 치며 놀 때 함께 즐기던 흥겨운 노래로, 지역의 문화와 정서를 고스란히 담고 있다. 여창 가창자 염경애의 목소리는 곡의 분위기를 이끌어가는 데 중요한 역할을 한다. 그녀의 창법은 전통적인 민요의 특징을 잘 반영하며, 발성과 시김새를 통해 곡의 감정을 효과적으로 전달한다. 염경애는 중중모리의 리듬을 타고 자연스럽게 멜로디를 표현하며, 곡의 흐름을 부드럽게 이어간다. 그녀의 성량은 곡의 각 구절을 강조하며, 호흡 조절을 통해 긴장감과 여유를 적절히 조화시킨다. 중중모리의 리듬 위에서 염경애의 목소리는 곡의 전체적인 완성도를 높이며, 호흡의 마무리가 자연스럽고 여운이 남도록 장식한다. 이러한 요소들은 둥당애타령이 가진 향토적인 매력을 더욱 돋보이게 한다.","Dungdang-ae Taryeong is a local folk song from the Jeonnam coastal region, characterized by the refrain 'Dungdang-ae,' which exemplifies the typical features of Namdo folk songs. This piece is a lively song traditionally sung by women during leisure or labor, often accompanied by hand clapping, reflecting the culture and emotions of the area. The voice of female vocalist Yeom Gyeong-ae plays a crucial role in shaping the atmosphere of the song. Her singing style effectively mirrors the characteristics of traditional folk music, conveying the song's emotions through her vocalization and ornamentation. Yeom Gyeong-ae naturally expresses the melody while riding the rhythm of Jungjungmori, smoothly connecting the flow of the piece. Her vocal strength emphasizes each phrase, skillfully balancing tension and relaxation through breath control. On the rhythm of Jungjungmori, Yeom Gyeong-ae's voice enhances the overall completeness of the song, with her breath concluding naturally and leaving a lingering resonance. These elements further highlight the local charm inherent in Dungdang-ae Taryeong.","둥당게 당 둥당게 당 둥게둥게 둥당가 둥당가 둥당가 둥게둥게 둥당가
사 사람을 칠랴면 요 요렇게 친당가 요내무삼 걱정이 육신의 심신을 다 녹인다
둥게둥게 둥당가 둥당가 둥당가 덩게둥게 둥당가
오 옥양목 속곳이 오 옥양목 속곳이
입을 줄 모르는 치마 끝에 입었다 벗었다 꾸김만 꾸긴다
둥게둥게 둥당가 둥당가 둥당가 둥게둥게 둥당가
요 요리로 가면서 저 저리로 가면서 날만보면 눈을 끔쩍 끔적 끔적 거리네
둥게둥게 둥당가 둥당가 둥당가 덩게둥게 둥당가
사 사람을 칠랴면 요 요렇게 친당가 요내무삼 걱정이 육신의 심신을 다 녹인다
둥게둥게 둥당가 둥당가 둥당가 덩게둥게 둥당가
오 옥양목 속곳이 오 옥양목 속곳이
입을 줄 모르는 치마 끝에 입었다 벗었다 꾸김만 꾸긴다
둥게둥게 둥당가 둥당가 둥당가 둥게둥게 둥당가
요 요리로 가면서 저 저리로 가면서 날만보면 눈을 끔쩍 끔적 끔적 거리네
둥게 둥게 둥당가 둥당가 둥당가 둥게 둥게 둥당가",둥당게 당 둥당게 당 둥게둥게 둥당가 / 둥당가 둥당가 둥게둥게 둥당가 / 사 사람을 칠랴면 요 요렇게 친당가 / 요내무삼 걱정이 육신의 심신을 다 녹인다 / 둥게둥게 둥당가 / 둥당가 둥당가 덩게둥게 둥당가 / 오 옥양목 속곳이 오 옥양목 속곳이 / 입을 줄 모르는 치마 끝에 입었다 벗었다 꾸김만 꾸긴다 / 둥게둥게 둥당가 / 둥당가 둥당가 둥게둥게 둥당가 / 요 요리로 가면서 저 저리로 가면서 / 날만보면 눈을 끔쩍 끔적 끔적 거리네 / 둥게둥게 둥당가 둥당가 둥당가 / 덩게둥게 둥당가 / 사 사람을 칠랴면 요 요렇게 친당가 / 요내무삼 걱정이 육신의 심신을 다 녹인다 / 둥게둥게 둥당가 / 둥당가 둥당가 덩게둥게 둥당가 / 오 옥양목 속곳이 오 옥양목 속곳이 / 입을 줄 모르는 치마 끝에 입었다 벗었다 꾸김만 꾸긴다 / 둥게둥게 둥당가 / 둥당가 둥당가 둥게둥게 둥당가 / 요 요리로 가면서 저 저리로 가면서 / 날만보면 눈을 끔쩍 끔적 끔적 거리네 / 둥게 둥게 둥당가 둥당가 둥당가 / 둥게 둥게 둥당가,26.0,237.89
KC_TM_MF_MY_S000201,남도,민속악,민요,남도민요,뽕 따러 가세,이주은,여창,C / Am,중모리,12/4,90.0,"경쾌한(2), 생기 있는(2), 편안한(2), 표현적인(2), 강한(1), 기품 있는(1), 다정한(1), 신나는(1), 신명난(1), 엄숙한(1), 에너지 넘치는(1), 유쾌한(1), 축제적인(1), 평화로운(1), 활기찬(1), 희망찬(1)","단단한(3), 뻗어 나가는(3), 걸쭉한(1), 담백한(1), 밝은(1), 시원한(1), 안쪽에서 울리는(1), 탁 트인(1), 힘 있는(1)","뽕따러가세는 박헌봉이 작사하고 박귀희가 작곡한 신민요로, 남도민요의 특성을 잘 드러내는 민속악의 한 곡이다. 이 곡은 뽕잎을 따는 노동과 남녀 간의 사랑을 경쾌하게 표현하고 있으며, 밝고 화사한 분위기로 대중적인 인기를 끌고 있다. 여창 가창자 이주은의 목소리는 이 곡의 중심을 이루며, 그녀의 발성은 곡의 경쾌함을 잘 전달한다. 이주은은 멜로디를 표현할 때, 고음과 저음을 자유롭게 오가며 곡의 흐름을 자연스럽게 이끌어간다. 그녀의 시김새는 전통적인 민요의 특징을 살리면서도 현대적인 감각을 더해 곡의 매력을 배가시킨다. 성량은 적절하게 조절되어 있어, 각 구절의 리듬과 어우러져 듣는 이에게 깊은 인상을 남긴다. 호흡은 곡의 리듬에 맞춰 적절히 분배되어, 중모리 장단의 흐름을 타면서도 가창자의 목소리가 곡의 전개에 맞춰 유연하게 이어진다. 이주은의 호흡은 특히 곡의 마무리 부분에서 중요한 역할을 하며, 전체적인 완성도를 높이는 데 기여한다. 중모리의 리듬 위에서 그녀의 목소리는 안정감 있게 흐르며, 청중에게 여운을 남기는 방식으로 곡을 마무리한다.","‘Ppongttareogase’ is a new folk song written by Park Heon-bong and composed by Park Gwi-hee, exemplifying the characteristics of Namdo folk music. This piece joyfully expresses the labor of picking mulberry leaves and the love between men and women, capturing a bright and cheerful atmosphere that has garnered widespread popularity. The voice of female vocalist Lee Joo-eun serves as the centerpiece of the song, with her vocalization effectively conveying the song's liveliness. When expressing the melody, Lee Joo-eun navigates freely between high and low notes, guiding the flow of the piece naturally. Her embellishments enhance the traditional characteristics of folk songs while adding a modern sensibility, amplifying the song's charm. The volume is appropriately controlled, leaving a profound impression on listeners as it harmonizes with the rhythm of each phrase. Her breath is distributed suitably according to the rhythm of the piece, allowing her voice to flow flexibly in alignment with the development of the song while riding the rhythm of the Jungmori jangdan. Lee Joo-eun's breathing plays a particularly crucial role in the concluding section of the piece, contributing to the overall completeness. Over the rhythm of Jungmori, her voice flows with stability, concluding the song in a manner that leaves a lingering resonance with the audience.","가게 가세 뽕 따러 가세 앞산 뒷산에 뽕 따러 가세
봄이 왔네 봄이 왔네 봄이 와요 뽕잎에도 너울 너울 봄이 왔네 봄이 와요
앞집에 옥순아 니 왔느냐 뒷집에 금순아 얼른 가자
가세 가세 뽕 따러 가세 앞산 뒷산에 뽕 따러 가세
봄이 왔네 봄이 왔네 봄이 와요 이 강산 삼천리 봄이 와요 봄이 왔네 봄이 와요
얼싸 좋다 봄이로다 봄이로다 정말 좋구나 봄이로다 봄이 왔네 봄이 와요
은빛 금빛 고운 꼬치 동실 동실 지으리라
가세 가세 뽕 따러 가세 앞산 뒷산에 뽕 따러 가세
가게 가세 뽕 따러 가세 앞산 뒷산에 뽕 따러 가세
봄이 왔네 봄이 왔네 봄이 와요 뽕잎에도 너울 너울 봄이 왔네 봄이 와요
앞 집에 옥순아 니 왔느냐 뒷집에 금순아 얼른 가자
가게 가세 뽕 따러 가세 앞산 뒷산에 뽕 따러 가세
봄이 왔네 봄이 왔네 봄이 와요 이 강산 삼천리 봄이 와요 봄이 왔네 봄이 와요
얼싸 좋다 봄이로다 봄이로다 정말 좋구나 봄이로다 봄이 왔네 봄이 와요
은빛 금빛 고운 꼬치 동실 동실 지으리라
가세 가세 뽕 따러 가세 앞산 뒷산에 뽕 따러 가세",가게 가세 뽕 따러 가세 / 앞산 뒷산에 뽕 따러 가세 / 봄이 왔네 봄이 왔네 봄이 와요 뽕잎에도 너울 너울 / 봄이 왔네 봄이 와요 / 앞집에 옥순아 니 왔느냐 / 뒷집에 금순아 얼른 가자 / 가세 가세 뽕 따러 가세 / 앞산 뒷산에 뽕 따러 가세 / 봄이 왔네 봄이 왔네 봄이 와요 이 강산 삼천리 봄이 와요 / 봄이 왔네 봄이 와요 / 얼싸 좋다 봄이로다 봄이로다 정말 좋구나 봄이로다 / 봄이 왔네 봄이 와요 / 은빛 금빛 고운 꽃이 / 동실 동실 지으리라 / 가세 가세 뽕 따러 가세 / 앞산 뒷산에 뽕 따러 가세 / 가게 가세 뽕 따러 가세 / 앞산 뒷산에 뽕 따러 가세 / 봄이 왔네 봄이 왔네 봄이 와요 뽕잎에도 너울 너울 / 봄이 왔네 봄이 와요 / 앞 집에 옥순아 니 왔느냐 / 뒷집에 금순아 얼른 가자 / 가게 가세 뽕 따러 가세 / 앞산 뒷산에 뽕 따러 가세 / 봄이 왔네 봄이 왔네 봄이 와요 이 강산 삼천리 봄이 와요 / 봄이 왔네 봄이 와요 / 얼싸 좋다 봄이로다 봄이로다 정말 좋구나 / 봄이로다 봄이 왔네 봄이 와요 / 은빛 금빛 고운 꽃이 / 동실 동실 지으리라 / 가세 가세 뽕 따러 가세 / 앞산 뒷산에 뽕 따러 가세,32.0,262.03
KC_TM_MF_MY_S000202,남도,민속악,민요,남도민요,산타령,이주은,여창,G / Em,세마치풍,9/8,240.0,"표현적인(4), 다이내믹한(2), 애절한(2), 진지한(2), 경쾌한(1), 몽환적인(1), 슬픈(1), 신명난(1), 에너지 넘치는(1), 열정적인(1), 유려한(1), 유쾌한(1), 장엄한(1)","쇳소리 나는(2), 담백한(1), 밀도 있는(1), 뻗어 나가는(1), 시원한(1), 역동적인(1), 울리는(1), 유연한(1), 직진의(1), 진한(1), 콧소리 나는(1)","산타령은 남도 잡가 중 하나로, 육자배기 뒤에 이어서 부르는 민속악의 대표적인 민요이다. 이 곡은 남도민요의 특징을 잘 드러내며, 흥겨운 가락으로 산천 경개를 노래하고 춤을 추며 놀기 좋은 리듬과 선율을 가지고 있다. 여창 가창자 이주은의 목소리는 이 곡을 이끌어가는 중요한 요소로 작용한다. 그녀의 창법은 표현적인 면에서 특히 두드러지며, 멜로디를 부드럽게 풀어내는 방식과 함께 시김새를 적절히 활용하여 곡의 감정을 전달한다. 이주은은 성량이 풍부하여 곡의 흐름을 자연스럽게 이어가며, 호흡 또한 안정적이다. 세마치풍의 리듬 위에서 그녀는 가창의 흐름을 타며 청중을 몰입하게 만든다. 곡의 마무리에서 가창자의 호흡은 리듬과 조화를 이루며 곡의 완성도를 높이고, 남도민요 특유의 경쾌함과 함께 여운을 남긴다.","Santaryeong is one of the representative folk songs of the Namdo region, typically sung following the Yukjabaegi style. This piece effectively showcases the characteristics of Namdo minyo, featuring lively melodies that celebrate the beauty of nature and possess rhythms and tunes conducive to dancing and enjoyment. The voice of the female vocalist Lee Joo-eun plays a crucial role in guiding the piece. Her singing style is particularly expressive, skillfully utilizing melismatic embellishments to convey the song's emotions while smoothly unfolding the melody. Lee Joo-eun's rich vocal quality allows for a seamless flow throughout the piece, complemented by her stable breath control. Riding on the rhythm of the semachi style, she captivates the audience with her performance. In the conclusion of the piece, the vocalist's breath harmonizes with the rhythm, enhancing the overall quality of the song and leaving a lingering sense of the unique liveliness characteristic of Namdo minyo.","에야 듸야 에에에에헤에에야 어이야 듸어라 산하지로고나
치어다 보느냐 만학은 천봉 내려 굽어 보니 백사지로구나
에야 듸야 에에에에헤에에야 어이야 듸어라 산하지로고나
건곤이 불러 월장재허니 적막 강산이 근백년이로구나
에야 듸야 에에에에헤에에야 어이야 듸어라 산하지로고나
해당화 한 송이를 와자지지끈 꺾어 우리님 머리 우에다 꽂아나 볼까
에야 듸야 에에에에헤에에야 어이야 듸어라 산하지로고나
날 다려가거라 날 다려가거라 니 심중에 꼭 있거든 날 다려가거라
에야 듸야 에에에에헤에에야 어이야 듸어라 산하지로고나
춥냐 더웁냐 내 품안으로 들어라 베개가 높고 낮거든 내 팔을 비어라
에야 듸야 에에에에헤에에야 어이야 듸어라 산하지로고나
해당화 한 송이를 와자지지끈 꺾어 우리님 머리 우에다 꽂아나 볼까
에야 듸야 에에에에헤에에야 어이야 듸어라 산하지로고나",에야 듸야 에에에에헤에에야 / 어이야 듸어라 산하지로고나 / 치어다 보느냐 만학은 천봉 / 내려 굽어 보니 백사지로구나 / 어이야 듸어라 산하지로고나 / 에야 듸야 에에에에헤에에야 / 건곤이 불러 월장재허니 / 적막 강산이 근백년이로구나 / 에야 듸야 에에에에헤에에야 / 어이야 듸어라 산하지로고나 / 해당화 한 송이를 와자지지끈 꺾어 / 우리님 머리 우에다 꽂아나 볼까 / 에야 듸야 에에에에헤에에야 / 어이야 듸어라 산하지로고나 / 날 다려가거라 날 다려가거라 / 니 심중에 꼭 있거든 날 다려가거라 / 에야 듸야 에에에에헤에에야 / 어이야 듸어라 산하지로고나 / 춥냐 더웁냐 내 품안으로 들어라 / 베개가 높고 낮거든 내 팔을 비어라 / 에야 듸야 에에에에헤에에야 / 어이야 듸어라 산하지로고나 / 해당화 한 송이를 와자지지끈 꺾어 / 우리님 머리 우에다 꽂아나 볼까 / 에야 듸야 에에에에헤에에야 / 어이야 듸어라 산하지로고나,26.0,238.54
KC_TM_MF_MY_S000203,남도,민속악,민요,남도민요,성주풀이,조정희,여창,D / Bm,굿거리,12/8,160.0,"우아한(3), 신나는(2), 해학적인(2), 활기찬(2), 경쾌한(1), 다정한(1), 마음을 울리는(1), 몽환적인(1), 여유로운(1), 웅대한(1), 유쾌한(1), 잔잔한(1), 즐거운(1), 축제적인(1), 표현적인(1), 향토적인(1), 활달한(1), 희망적인(1)","울리는(3), 거친(2), 걸쭉한(2), 시원한(2), 담백한(1), 묵직한(1), 뻗어 나가는(1), 섬세한(1), 쇳소리 나는(1), 역동적인(1), 유연한(1), 콧소리 나는(1), 화사한(1), 힘 있는(1)","성주풀이는 성주굿 무가에서 유래하여 통속화된 남도민요로, 집안의 평안과 복을 기원하며 성주신을 찬양하는 내용을 담고 있다. 이 곡은 남도민요의 특징을 잘 드러내며, 전통적인 민속악의 요소를 통해 대중에게 친숙하게 다가간다. 여창 가창자 조정희의 목소리는 이 곡의 전개에서 중요한 역할을 한다. 그녀는 발성과 시김새를 통해 곡의 감정을 전달하며, 멜로디의 흐름을 자연스럽게 이끌어간다. 조정희는 전통적인 창법을 활용하여 가창 중에 적절한 호흡을 유지하며, 각 음절을 명확하게 발음함으로써 청중에게 곡의 메시지를 효과적으로 전달한다. 그녀의 성량은 곡의 리듬과 잘 어우러지며, 굿거리 장단의 경쾌한 리듬 속에서 유연하게 변화를 주며 흐름을 타고 있다. 이로 인해 곡의 마무리 부분에서도 조정희의 호흡은 곡의 완성도를 높이며, 전통적인 민속악의 매력을 더욱 부각시킨다.","Seongju Pul-i is a popular folk song derived from the Seongju Gut repertoire, embodying themes of wishing for peace and blessings for the household while praising the Seongju deity. This piece effectively showcases the characteristics of Namdo Minyo, making it accessible to the public through elements of traditional folk music. The voice of the female vocalist Jo Jeong-hee plays a crucial role in the development of the piece. Through her vocal technique and expressive nuances, she conveys the emotions of the song and naturally guides the flow of the melody. Jo Jeong-hee employs traditional singing methods, maintaining appropriate breath control during her performance and articulating each syllable clearly to effectively communicate the song's message to the audience. Her vocal power harmonizes well with the rhythm of the piece, flexibly adapting to the lively tempo of the Gutgeori Jangdan while riding the flow of the music. As a result, her breath at the conclusion of the piece enhances its overall quality, further highlighting the charm of traditional folk music.","에라만수 에라대신이야 대활연으로 설설이 나리소서
에라만수 에라대신이로구나 놀고놀고 놀아봅시다 아니 노지는 못 하리라
이댁 성주는 와가 성주 저 집 성주는 초가 성주 한 택 안에 공대 성주 초년 성주 이년 성주 스물 일곱의 삼년 성주 서른 일곱 사년 성주 마지막 성주는 쉬흔 일곱이로다
대활연으로 설설이 나리소서
성주야 성주로구나 성주 근본이 어디메뇨 경상도 안동 땅의 제베원의 솔씨 받어
온 동산에 던졌더니만은 그 솔이 점점 자라나서 황장목이 되였구나
돌이 기둥이 되였네 낙락장송이 쩍 벌어졌구나
대활연으로 설설이 나리소서
녹음방초 승화시으 해는 어이 더디 진고 나물 먹고 물 마시고 팔 베고 누웠으니
대장부 살림살이 요만허면 넉낙헌가 일촌간장 맺힌 설움 부모님 생각 이 뿐이로다
에라만수 에라대신이야 대활연으로 설설이 나리소서
에라만수야 에라대신이야 놀고 놀고 놀아 봅시다 아니노지는 못 하리다
반갑네 반가워 설리 춘풍이 반가워 더디도다 더디도다 한양 행차가 더디어
남원 옥중 추절이 들어 이화춘풍이 날 살렸구나
에라만수 에라대신이야 대활연으로 설설이 나리소서",에라만수 에라대신이야 / 대활연으로 설설이 나리소서 / 에라만수 에라대신이로구나 / 놀고놀고 놀아봅시다 아니 노지는 못 하리라 / 이댁 성주는 와가 성주 저 집 성주는 초가 성주 / 한 택 안에 공대 성주 초년 성주 이년 성주 스물 일곱의 삼년 성주 / 서른 일곱 사년 성주 마지막 성주는 쉬흔 일곱이로다 / 대활연으로 설설이 나리소서 / 성주야 성주로구나 성주 근본이 어디메뇨 / 경상도 안동 땅의 제베원의 솔씨 받어 / 온 동산에 던졌더니만은 그 솔이 점점 자라나서 황장목이 되였구나 / 돌이 기둥이 되였네 낙락장송이 쩍 벌어졌구나 / 대활연으로 설설이 나리소서 / 녹음방초 승화시으 해는 어이 더디 진고 / 나물 먹고 물 마시고 팔 베고 누웠으니 / 대장부 살림살이 요만허면 넉낙헌가 / 일촌간장 맺힌 설움 부모님 생각 이 뿐이로다 / 에라만수 에라대신이야 / 대활연으로 설설이 나리소서 / 에라만수야 에라대신이야 / 놀고 놀고 놀아 봅시다 아니노지는 못 하리다 / 반갑네 반가워 설리 춘풍이 반가워 / 더디도다 더디도다 한양 행차가 더디어 / 남원 옥중 추절이 들어 이화춘풍이 날 살렸구나 / 에라만수 에라대신이야 / 대활연으로 설설이 나리소서,26.0,267.79
KC_TM_MF_MY_S000204,남도,민속악,민요,남도민요,신뱃노래 1,조정희,여창,E / Dbm,중중모리,12/8,150.0,"에너지 넘치는(3), 열정적인(2), 유쾌한(2), 향수 어린(2), 활기찬(2), 경쾌한(1), 그루브감 있는(1), 기품 있는(1), 도취된(1), 따뜻한(1), 신나는(1), 쓸쓸한(1), 엄숙한(1), 여유로운(1), 장엄한(1), 향토적인(1), 희망적인(1), 희망찬(1)","쇳소리 나는(2), 콧소리 나는(2), 탁 트인(2), 힘 있는(2), 걸쭉한(1), 단단한(1), 밀도 있는(1), 뻗어 나가는(1), 시원한(1), 역동적인(1), 진한(1), 화사한(1)","신뱃노래 1은 경기민요 뱃노래의 가사를 기반으로 서용석 명인이 남도 육자배기토리를 접목하여 새롭게 창작한 곡으로, 남도민요의 특징이 잘 드러나는 민속악 장르의 민요이다. 이 곡은 뱃사람들의 애환과 흥취를 깊이 있게 표현하고 있으며, 전반부는 굿거리로 연주된다. 여창 가창자 조정희의 목소리는 이 곡의 흐름을 이끌어가는 중요한 요소로 작용한다. 그녀는 발성에서 안정감을 유지하며, 시김새를 적절히 활용하여 멜로디를 표현한다. 조정희는 중중모리의 리듬에 맞춰 호흡을 조절하며, 각 음절을 명확하게 전달한다. 곡의 전개 과정에서 성량을 조절하며 리듬에 잘 어우러지는 창법을 구사한다. 중중모리의 리듬 위에서 조정희는 자연스럽게 흐름을 타며, 호흡을 통해 곡의 마무리를 장식하고 장르적 완성도를 높인다. 그녀의 목소리는 이 곡의 정서와 구조를 잘 반영하며, 남도민요의 특유의 맛을 더욱 강조한다.","Sinbaetnora 1 is a newly composed piece based on the lyrics of the Gyeonggi folk song Baetnorae, created by master Seo Yong-seok, who incorporates the Namdo Yukjabaegi style, showcasing the characteristics of Namdo folk songs within the genre of folk music. This piece deeply expresses the joys and sorrows of boatmen, with the first half performed in the Gutgeori rhythm. The voice of the female vocalist Jo Jeong-hee serves as a crucial element that guides the flow of the piece. She maintains a sense of stability in her vocalization while appropriately utilizing vocal embellishments to convey the melody. Jo Jeong-hee adjusts her breathing in accordance with the Jungjungmori rhythm, clearly articulating each syllable. Throughout the development of the piece, she modulates her vocal volume and employs a singing style that harmonizes well with the rhythm. Riding the natural flow of the Jungjungmori rhythm, Jo Jeong-hee elegantly concludes the piece through her breath, enhancing the genre's overall completeness. Her voice effectively reflects the emotion and structure of the piece, further emphasizing the unique flavor of Namdo folk songs.","어기야 뒤여차 어야 뒤여차 어기야 어기야 뱃놀이 가잔다
만경창파 만경창파에 몸을 실리어 갈매기로 벗을 삼고 싸워만 가누나
어기야 뒤여차 어야 뒤여차 어기야 어기야 뱃놀이 가잔다
낙조청강에 배를 띄우고 배 띄우고 술렁술렁 노를 저라 달맞이 가잔다
어기야 뒤여차 어야 뒤여차 어기야 어기야 뱃놀이 가잔다
부딪치는 파도 소리 잠을 깨우니 들려오는 노젓는 소리 처량도 허구나
어기야 뒤여차 어야 뒤여차 어기야 어기야 뱃놀이 가잔다
탕탕헌 물결에 요량한 소리는 애내성중 어적이 분명허구나
어기야 뒤여차 어야 뒤여차 어기야 어기야 뱃놀이 가잔다
창해 만리 먼 바다에 외로운 등불만이 깜빡깜빡 거린다
어기야 뒤여차 어야 뒤여차 어기야 어기야 뱃놀이 가잔다",어기야 뒤여차 어야 뒤여차 / 어기야 어기야 뱃놀이 가잔다 / 만경창파 만경창파에 몸을 실리어 / 갈매기로 벗을 삼고 싸워만 가누나 / 어기야 뒤여차 어야 뒤여차 / 어기야 어기야 뱃놀이 가잔다 / 낙조청강에 배를 띄우고 배 띄우고 술렁술렁 노를 저라 달맞이 가잔다 / 어기야 뒤여차 어야 뒤여차 / 어기야 어기야 뱃놀이 가잔다 / 부딪치는 파도 소리 / 잠을 깨우니 / 들려오는 노젓는 소리 처량도 허구나 / 어기야 뒤여차 어야 뒤여차 / 어기야 어기야 뱃놀이 가잔다 / 탕탕헌 물결에 / 요량한 소리는 / 애내성중 어적이 분명허구나 / 어기야 뒤여차 어야 뒤여차 / 어기야 어기야 뱃놀이 가잔다 / 창해 만리 / 먼 바다에 / 외로운 등불만이 깜빡깜빡 거린다 / 어기야 뒤여차 어야 뒤여차 / 어기야 어기야 뱃놀이 가잔다,24.0,254.33
KC_TM_MF_MY_S000205,남도,민속악,민요,남도민요,연밥 따는 노래,염경애,여창,D / Bm,중모리,12/4,60.0,"애절한(4), 부드러운(2), 어두운(2), 엄숙한(2), 우울감 있는(2), 향토적인(2), 그리운(1), 단아한(1), 따뜻한(1), 몽환적인(1), 서사적인(1), 쓸쓸한(1), 우울한(1), 잔잔한(1), 절제된(1), 진지한(1), 향수 어린(1)","묵직한(3), 단단한(2), 진한(2), 걸쭉한(1), 담백한(1), 매끄러운(1), 머금은 듯한(1), 쇳소리 나는(1), 여린(1), 울리는(1)","연밥 따는 노래는 경상도 민요로, 상주 공검지에서 연밥을 따는 처녀들의 모습을 그린 곡이다. 이 곡은 남도민요의 특징을 잘 담고 있으며, 상주모심기노래와 맥을 같이 하여 노동의 고단함 속에서도 소박한 낭만을 느낄 수 있게 한다. 여창 가창자 염경애의 목소리는 이 곡의 전개를 이끌어가는 중요한 요소로 작용한다. 그녀의 발성은 애절한 감정을 담아내며, 시김새를 통해 민속적인 정서를 더욱 강조한다. 성량이 적절하게 조절되어 곡의 감정을 고스란히 전달하며, 호흡 또한 매끄럽게 이어져 청중에게 깊은 여운을 남긴다. 중모리의 리듬 위에서 염경애는 자연스럽게 흐름을 타며, 곡의 전개를 매끄럽게 연결한다. 그녀의 호흡은 곡의 마무리를 장식하며, 장르적 완성도를 높이는 데 기여한다.","The song ""Yeonbap Ttaneun Norae"" is a Gyeongsangdo folk song that depicts the scenes of young women gathering lotus seeds in the Gonggeomji area of Sangju. This piece encapsulates the characteristics of Namdo folk songs and, in conjunction with the Sangju Mosimgi Norae, allows listeners to sense a simple romance amidst the hardships of labor. The voice of the female vocalist, Yeom Gyeong-ae, serves as a crucial element in guiding the development of the song. Her vocalization conveys poignant emotions and emphasizes the folk sentiment through the use of sigimsae. The control of her vocal volume effectively transmits the emotions of the piece, while her smooth breathing leaves a lasting impression on the audience. Riding on the rhythm of Jungmori, Yeom Gyeong-ae naturally flows with the music, seamlessly connecting the progression of the song. Her breath adorns the conclusion of the piece, contributing to the overall completeness of the genre.","상주함창 공갈못에 연밥따는 저 큰아가 연밥줄밥 내 따주마 우리 부모 섬겨다오
문어야 대전복 손에 들고 친구집으로 놀러가니 친구야 벗님은 간곳 없고 조각배만 남았구나
능청능청 저 피리 끝에 시누올케 마주앉아 나도야 죽어 후생가면 낭군먼저 섬길라네
이배미 저배미 다심어노니 또 한 배미가 남았구나 지가 무슨 반달이냐 초생달이 반달이지
고초당초 맵다해도 시집살이만 못하더라 나도야 죽어 후생가면 시집살이 안할라네
상주함창 공갈못에 연밥따는 저 큰아가 연밥줄밥 내 따주마 우리 부모 섬겨다오",상주함창 공갈못에 / 연밥따는 저 큰아가 / 연밥줄밥 내 따주마 / 우리 부모 섬겨다오 / 문어야 대전복 손에 들고 / 친구집으로 놀러가니 / 친구야 벗님은 간곳 없고 / 조각배만 남았구나 / 능청능청 저 피리 끝에 / 시누올케 마주앉아 / 나도야 죽어 후생가면 / 낭군먼저 섬길라네 / 이배미 저배미 다심어노니 / 또 한 배미가 남았구나 / 지가 무슨 반달이냐 / 초생달이 반달이지 / 고초당초 맵다해도 / 시집살이만 못하더라 / 나도야 죽어 후생가면 / 시집살이 안할라네 / 상주함창 공갈못에 / 연밥따는 저 큰아가 / 연밥줄밥 내 따주마 / 우리 부모 섬겨다오,24.0,291.02
KC_TM_MF_MY_S000206,남도,민속악,민요,남도민요,옹헤야,이주은,여창,G / Em,,12/8,280.0,"신나는(3), 에너지 넘치는(3), 활기찬(3), 경쾌한(2), 유쾌한(2), 귀여운(1), 그루브감 있는(1), 도취된(1), 신명난(1), 영웅적인(1), 장엄한(1), 즐거운(1), 향토적인(1), 활달한(1)","뻗어 나가는(2), 쇳소리 나는(2), 역동적인(2), 힘 있는(2), 단단한(1), 담백한(1), 묵직한(1), 밀도 있는(1), 시원한(1), 콧소리 나는(1)","옹헤야는 경상도 지방의 보리타작 소리로, 후렴구 '옹헤야'를 주고받으며 부르는 노동요로, 민속악의 한 장르인 남도민요에 속한다. 이 곡은 빠르고 힘찬 리듬으로 일의 고됨을 잊게 하고 작업의 능률을 높여주는 역동적인 특성을 지닌다. 여창 가창자 이주은의 목소리는 곡의 전반적인 흐름을 이끌어가며, 그녀의 발성은 강한 에너지를 담아내고 있다. 이주은은 명확한 음정으로 멜로디를 표현하며, 시김새를 적절히 사용하여 전통적인 민요의 특징을 잘 살린다. 그녀의 성량은 곡의 역동성과 잘 어우러지며, 호흡은 자연스럽고 유연하게 이어져 곡의 리듬감을 더욱 부각시킨다. 이주은의 호흡은 곡의 마무리에서도 중요한 역할을 하며, 그녀의 목소리는 청중에게 깊은 여운을 남기고, 장르적 완성도를 높이는 데 기여한다.","Ongheya is a labor song from the Gyeongsangdo region, characterized by the call-and-response refrain ""Ongheya,"" and belongs to the genre of Namdo Minyo, a form of folk music. This piece possesses dynamic qualities that help alleviate the hardships of work and enhance productivity through its fast and vigorous rhythm. The voice of the female vocalist Lee Joo-eun leads the overall flow of the piece, imbued with a strong energy. Lee Joo-eun expresses the melody with clear intonation and appropriately employs vocal embellishments, effectively capturing the characteristics of traditional folk songs. Her vocal range harmonizes well with the dynamism of the piece, and her breath control is natural and fluid, further accentuating the rhythmic quality of the music. Lee Joo-eun's breathing also plays a crucial role in the conclusion of the piece, leaving a profound resonance with the audience and contributing to the overall artistic completeness of the genre.","옹헤야 옹헤야 어절시고 옹헤야 저절씨고 옹헤야 잘도 헌다 옹헤야
헤헤헤헤 옹헤야 어절시고 옹헤야 잘도 한다 옹헤야
철둑 너머 옹해야 메추리란 놈이 옹헤야 보리밭에 옹헤야 알을 낳네 옹헤야
헤헤헤헤 옹헤야 어절시고 옹헤야 잘도 한다 옹헤야
삼월 사월 옹헤야 보리 패서 옹헤야 오월 유월 옹헤야 타작헌다 옹헤야
헤헤헤헤 옹헤야 어절시고 옹헤야 잘도 한다 옹헤야
시월 달에 옹헤야 보리 심어 옹헤야 동지섣달 옹헤야 싹이 터서 옹헤야
헤헤헤헤 옹헤야 어절시고 옹헤야 잘도 한다 옹헤야
정월 보름 옹헤야 달 밝은 밤 옹헤야 줄 당기기 옹헤야 신명난다 옹헤야
헤헤헤헤 옹헤야 어절시고 옹헤야 잘도 한다 옹헤야
앞집 복순 옹헤야 뒷집 복순 옹헤야 서로 만나 옹헤야 정담헌다 옹헤야
헤헤헤헤 옹헤야 어절시고 옹헤야 잘도 한다 옹헤야
철둑 너머 옹헤야 메추리란 놈이 옹헤야 보리밭에 옹헤야 알을 낳네 옹헤야
헤헤헤헤 옹헤야 어절시고 옹헤야 잘도 한다 옹헤야
삼월 사월 옹헤야 보리 패서 옹헤야 오월 유월 옹헤야 타작헌다 옹헤야
헤헤헤헤 옹헤야 어절시고 옹헤야 잘도 한다 옹헤야
시월 달에 옹헤야 보리 심어 옹헤야 동지섣달 옹헤야 싹이 터서 옹헤야
헤헤헤헤 옹헤야 어절시고 옹헤야 잘도 한다 옹헤야
정월 보름 옹헤야 달 밝은 밤 옹헤야 줄 당기기 옹헤야 신명난다 옹헤야
헤헤헤헤 옹헤야 어절시고 옹헤야 잘도 한다 옹헤야",옹헤야 옹헤야 어절시고 옹헤야 저절씨고 옹헤야 잘도 헌다 옹헤야 / 헤헤헤헤 옹헤야 어절시고 옹헤야 잘도 한다 옹헤야 / 철둑 너머 옹해야 메추리란 놈이 옹헤야 보리밭에 옹헤야 알을 낳네 옹헤야 / 헤헤헤헤 옹헤야 어절시고 옹헤야 잘도 한다 옹헤야 / 삼월 사월 옹헤야 보리 패서 옹헤야 오월 유월 옹헤야 타작헌다 옹헤야 / 헤헤헤헤 옹헤야 어절시고 옹헤야 잘도 한다 옹헤야 / 시월 달에 옹헤야 보리 심어 옹헤야 동지섣달 옹헤야 싹이 터서 옹헤야 / 헤헤헤헤 옹헤야 어절시고 옹헤야 잘도 한다 옹헤야 / 정월 보름 옹헤야 달 밝은 밤 옹헤야 줄 당기기 옹헤야 신명난다 옹헤야 / 헤헤헤헤 옹헤야 어절시고 옹헤야 잘도 한다 옹헤야 / 앞집 복순 옹헤야 뒷집 복순 옹헤야 서로 만나 옹헤야 정담헌다 옹헤야 / 헤헤헤헤 옹헤야 어절시고 옹헤야 잘도 한다 옹헤야 / 철둑 너머 옹헤야 메추리란 놈이 옹헤야 보리밭에 옹헤야 알을 낳네 옹헤야 / 헤헤헤헤 옹헤야 어절시고 옹헤야 잘도 한다 옹헤야 / 삼월 사월 옹헤야 보리 패서 옹헤야 오월 유월 옹헤야 타작헌다 옹헤야 / 헤헤헤헤 옹헤야 어절시고 옹헤야 잘도 한다 옹헤야 / 시월 달에 옹헤야 보리 심어 옹헤야 동지섣달 옹헤야 싹이 터서 옹헤야 / 헤헤헤헤 옹헤야 어절시고 옹헤야 잘도 한다 옹헤야 / 정월 보름 옹헤야 달 밝은 밤 옹헤야 줄 당기기 옹헤야 신명난다 옹헤야 / 헤헤헤헤 옹헤야 어절시고 옹헤야 잘도 한다 옹헤야,20.0,232.1
KC_TM_MF_MY_S000207,남도,민속악,민요,남도민요,쾌지나 칭칭 나네 1,이주은,여창,Eb / Cm,중중모리,12/8,150.0,"그루브감 있는(2), 쓸쓸한(2), 경쾌한(1), 마음을 울리는(1), 명랑한(1), 비통한(1), 아정한(1), 애절한(1), 엄숙한(1), 에너지 넘치는(1), 열정적인(1), 영웅적인(1), 우아한(1), 잔잔한(1), 표현적인(1), 행복한(1), 활달한(1)","묵직한(3), 담백한(2), 걸쭉한(1), 공명감 있는(1), 단단한(1), 시원한(1), 울리는(1), 정제된(1), 진한(1)","쾌지나칭칭나네는 많은 사람들이 모여서 함께 즐길 때 부르는 남도민요의 대표적인 곡으로, 느린 장단에서 시작해 점차 빠른 장단으로 전개되는 구조를 가지고 있다. 이 곡은 민속악의 특성을 잘 드러내며, 특히 남도민요의 특징인 공동체적 참여와 흥겨운 분위기가 잘 반영되어 있다. 여창 가창자 이주은은 이 곡에서 주도적인 역할을 맡아, 곡의 흐름을 이끌어간다. 그녀의 목소리는 부드럽고 유연하게 멜로디를 표현하며, 전통적인 창법을 사용해 시김새를 적절히 섞어가며 감정을 담아낸다. 발성은 안정적이며, 각 음을 명확하게 전달하면서도 곡의 리듬에 맞춰 유동적으로 변화한다. 이주은은 호흡을 잘 조절하여 긴 구절을 이어가며, 중중모리의 리듬에 자연스럽게 녹아들어 청중의 주의를 끌고, 곡의 전개에 따라 동적인 변화를 주기도 한다. 그녀의 호흡은 곡의 마무리를 장식하며, 전체적인 장르적 완성도를 높이는 데 기여한다. 이처럼 여창 가창자 이주은의 목소리는 쾌지나칭칭나네의 전통적인 요소를 잘 살리면서도, 곡의 흐름을 매끄럽게 이어가는 중요한 역할을 한다.","Kwaejinachinchingnane is a representative song of the Namdo folk music tradition, sung when many people gather to enjoy together, characterized by a structure that begins with a slow jangdan and gradually develops into a faster jangdan. This piece effectively showcases the characteristics of folk music, particularly reflecting the communal participation and lively atmosphere that are hallmarks of Namdo folk songs. The female vocalist Lee Joo-eun plays a leading role in this piece, guiding the flow of the song. Her voice expresses the melody smoothly and flexibly, employing traditional singing techniques to appropriately incorporate embellishments that convey emotion. Her vocalization is stable, clearly articulating each note while fluidly adapting to the rhythm of the piece. Lee Joo-eun skillfully manages her breath to sustain long phrases, seamlessly blending into the rhythm of jeongjeongmori, capturing the audience's attention and introducing dynamic changes as the song progresses. Her breath culminates in the conclusion of the piece, contributing to the overall genre's completeness. In this way, Lee Joo-eun's voice plays a crucial role in maintaining the traditional elements of Kwaejinachinchingnane while smoothly connecting the flow of the song.","쾌지나 칭칭 나네 쾌지나 칭칭 나네
세월아 가지마라 쾌지나 칭칭 나네
아까운 청춘이 다 늙는다 쾌지나 칭칭 나네
서산에 지는 해를 쾌지나 칭칭 나네
진끈으로 매어 놓고 쾌지나 칭칭 나네
오날 백발을 막아 보세 쾌지나 칭칭 나네
이제 가면 언제 오나 쾌지나 칭칭 나네
올 날이나 일러 주소 쾌지나 칭칭 나네
일을 허세 일을 허세 쾌지나 칭칭 나네
젊어 청춘에 일 많이 하고 쾌지나 칭칭 나네
늙으며는 편안히 사세 쾌지나 칭칭 나네
정월이라 보름 날은 쾌지나 칭칭 나네
명절 중에도 으뜸이라 쾌지나 칭칭 나네
팔월 추석 가윗날은 쾌지나 칭칭 나네
우리 나라의 유풍이라 쾌지나 칭칭 나네
가고 지고 가고 지고 쾌지나 칭칭 나네
임을 따라서 가고 지고 쾌지나 칭칭 나네
서산에 지는 해는 짐끈으로 맺어 주고 쾌지나 칭칭 나네
세월아 가지마라 쾌지나 칭칭 나네
아까운 청춘이 다 늙는다 쾌지나 칭칭 나네
서산에 지는 해를 쾌지나 칭칭 나네
진끈으로 매어 놓고 쾌지나 칭칭 나네
오날 백발을 막아 보세 쾌지나 칭칭 나네
쾌지나 칭칭 나네 쾌지나 칭칭 나네",쾌지나 칭칭 나네 쾌지나 칭칭 나네 / 세월아 가지마라 쾌지나 칭칭 나네 / 아까운 청춘이 다 늙는다 쾌지나 칭칭 나네 / 서산에 지는 해를 쾌지나 칭칭 나네 / 진끈으로 매어 놓고 쾌지나 칭칭 나네 / 오날 백발을 막아 보세 쾌지나 칭칭 나네 / 이제 가면 언제 오나 쾌지나 칭칭 나네 / 올 날이나 일러 주소 쾌지나 칭칭 나네 / 일을 허세 일을 허세 쾌지나 칭칭 나네 / 젊어 청춘에 일 많이 하고 쾌지나 칭칭 나네 / 늙으며는 편안히 사세 쾌지나 칭칭 나네 / 정월이라 보름 날은 쾌지나 칭칭 나네 / 명절 중에도 으뜸이라 쾌지나 칭칭 나네 / 팔월 추석 가윗날은 쾌지나 칭칭 나네 / 우리 나라의 유풍이라 쾌지나 칭칭 나네 / 가고 지고 가고 지고 쾌지나 칭칭 나네 / 임을 따라서 가고 지고 쾌지나 칭칭 나네 / 서산에 지는 해는 짐끈으로 맺어 주고 쾌지나 칭칭 나네 / 세월아 가지마라 쾌지나 칭칭 나네 / 아까운 청춘이 다 늙는다 쾌지나 칭칭 나네 / 서산에 지는 해를 쾌지나 칭칭 나네 / 진끈으로 매어 놓고 쾌지나 칭칭 나네 / 오날 백발을 막아 보세 쾌지나 칭칭 나네 / 쾌지나 칭칭 나네 쾌지나 칭칭 나네,24.0,241.22
KC_TM_MF_MY_S000208,남도,민속악,민요,남도민요,함양양잠가,이주은,여창,Eb / Cm,중중모리,12/8,140.0,"에너지 넘치는(3), 쓸쓸한(2), 활기찬(2), 감상적인(1), 강렬한(1), 그루브감 있는(1), 다이내믹한(1), 명랑한(1), 부드러운(1), 비통한(1), 생기 있는(1), 애절한(1), 어두운(1), 열정적인(1), 영웅적인(1), 장엄한(1), 조화로운(1)","단단한(2), 거친(1), 담백한(1), 맑은(1), 머금은 듯한(1), 묵직한(1), 밀도 있는(1), 뻗어 나가는(1), 선명한(1), 쇳소리 나는(1), 역동적인(1), 울리는(1), 힘 있는(1)","함양양잠가는 남도민요에 속하는 민속악으로, 경남 함양 지방에서 뽕을 따고 누에를 치며 부르던 노동요에서 유래한 곡이다. 이 노래는 양잠을 통해 의생활과 부모 봉양을 책임지던 서민들의 삶과 애환을 담고 있으며, ""에야 듸야"", ""두둥가"" 등의 후렴구로 일의 고됨을 잊고 흥을 돋우는 특징이 있다. 여창 가창자 이주은의 목소리는 이 곡을 이끌어가는 중요한 요소로, 그녀는 발성을 통해 곡의 감정을 전달하며 시김새를 적절히 활용하여 전통적인 민요의 매력을 잘 살린다. 이주은은 고음과 저음을 자유롭게 넘나들며 멜로디를 표현하고, 각 음절에 정성을 담아 부드러운 흐름을 유지한다. 그녀의 성량은 곡의 전개에 따라 변화하며, 호흡의 조절이 뛰어나 긴 구절에서도 안정감을 잃지 않는다. 중중모리의 리듬 위에서 이주은은 리듬을 타며 자연스럽게 곡의 흐름을 이어가고, 그녀의 호흡은 곡의 마무리를 부드럽게 장식하며 전통 민요의 완성도를 높인다.","Hamyang Yangjam is a folk song belonging to the Namdo Minyo genre, originating from labor songs sung while picking mulberries and raising silkworms in the Hamyang region of Gyeongnam. This song encapsulates the lives and sorrows of common people who were responsible for their livelihoods and caring for their parents through sericulture, featuring refrains such as 'Eya Dwiya' and 'Dudungga' that help to alleviate the hardships of work and uplift the spirit. The voice of female vocalist Lee Joo-eun is a crucial element in leading this piece, as she conveys the emotions of the song through her vocalization and skillfully employs traditional ornamentation to enhance the charm of the folk song. Lee Joo-eun fluidly navigates between high and low notes to express the melody, infusing each syllable with care to maintain a smooth flow. Her vocal power varies according to the progression of the song, demonstrating excellent breath control that ensures stability even in long phrases. Over the rhythm of Jungjungmori, Lee Joo-eun rides the rhythm naturally, seamlessly continuing the flow of the piece, and her breath gracefully adorns the conclusion of the song, elevating the completeness of the traditional folk music.","에야 듸야 에헤야 에헤헤 두견이 울음운다 두둥가 실실 너 불러라
너는 죽어 만첩 청산의 고드름 되거라 나는 죽 죽어서 아이가이가 봄바람 될거나
에야 듸야 에헤야 에헤헤 두견이 울음운다 두둥가 실실 너 불러라
너는 죽어 푸릇푸릇 봄 배추 되거라 나는 죽 죽어서 아이가이가 밤이슬 될거나
에야 듸야 에헤야 에헤헤 두견이 울음운다 두둥가 실실 너 불러라
너는 죽어 삼월 동풍의 매화가 되거라 나는 죽 죽어서 아이가이가 벌나비 될거나
에야 듸야 에헤야 에헤헤 두견이 울음운다 두둥가 실실 너 불러라
너는 죽어 팔월 한가위 보름달 되거라 나는 죽 죽어서 아이가이가 항아가 될거나
에야 듸야 에헤야 에헤헤 두견이 울음운다 두둥가 실실 너 불러라
어여 밭가에 섬섬섬 뽕나무 심어라 아버지 어머니 명주나 옷감이 분명타
에야 듸야 에헤야 에헤헤 두견이 울음운다 두둥가 실실 너 불러라
너는 죽어 만첩 청산의 고드름 되거라 나는 죽 죽어서 아이가이가 봄바람 될거나
에야 듸야 에헤야 에헤헤 두견이 울음운다 두둥가 실실 너 불러라",에야 듸야 에헤야 에헤헤 두견이 울음운다 두둥가 실실 너 불러라 / 너는 죽어 만첩 청산의 고드름 되거라 / 나는 죽 죽어서 아이가이가 봄바람 될거나 / 에야 듸야 에헤야 에헤헤 두견이 울음운다 두둥가 실실 너 불러라 / 너는 죽어 푸릇푸릇 봄 배추 되거라 / 나는 죽 죽어서 아이가이가 밤이슬 될거나 / 에야 듸야 에헤야 에헤헤 두견이 울음운다 두둥가 실실 너 불러라 / 너는 죽어 삼월 동풍의 매화가 되거라 / 나는 죽 죽어서 아이가이가 벌나비 될거나 / 에야 듸야 에헤야 에헤헤 두견이 울음운다 두둥가 실실 너 불러라 / 너는 죽어 팔월 한가위 보름달 되거라 / 나는 죽 죽어서 아이가이가 항아가 될거나 / 에야 듸야 에헤야 에헤헤 두견이 울음운다 두둥가 실실 너 불러라 / 어여 밭가에 섬섬섬 뽕나무 심어라 / 아버지 어머니 명주나 옷감이 분명타 / 에야 듸야 에헤야 에헤헤 두견이 울음운다 두둥가 실실 너 불러라 / 너는 죽어 만첩 청산의 고드름 되거라 / 나는 죽 죽어서 아이가이가 봄바람 될거나 / 에야 듸야 에헤야 에헤헤 두견이 울음운다 두둥가 실실 너 불러라,19.0,236.62
KC_TM_MF_MY_S000209,남도,민속악,민요,남도민요,화초사거리,염경애,여창,B / Abm,중모리,12/4,90.0,"그루브감 있는(2), 부드러운(2), 침울한(2), 강렬한(1), 경쾌한(1), 마음을 울리는(1), 시적인(1), 신명난(1), 신비로운(1), 쓸쓸한(1), 웅대한(1), 유려한(1), 잔잔한(1), 즐거운(1), 편안한(1), 해학적인(1)","걸쭉한(2), 묵직한(2), 공명감 있는(1), 두터운(1), 매끄러운(1), 머금은 듯한(1), 쇳소리 나는(1), 유연한(1), 정제된(1)","화초사거리는 남도잡가로, 사당패 소리를 수용하여 만들어진 독특한 민속악의 일종이다. 이 곡은 입타령과 화초타령으로 구성되어 있으며, 경서도와 남도 음악 어법이 혼합되어 다채로운 음악적 색깔을 보여준다. 여창 가창자 염경애는 이 곡에서 중모리 장단에 맞춰 목소리를 통해 곡의 흐름을 이끌어간다. 그녀의 발성은 곡의 구조에 잘 맞아떨어지며, 시김새를 적절히 사용하여 전통적인 민요의 매력을 잘 살린다. 염경애는 성량을 조절하며 곡의 각 부분에서 멜로디를 명확하게 표현하고, 호흡을 통해 자연스럽고 유려한 흐름을 만들어낸다. 중모리의 리듬 위에서 가창자는 그루비한 리듬을 타며, 호흡의 조절로 곡의 마무리를 장식하고 장르적 완성도를 높인다. 전체적으로 염경애의 가창은 화초사거리의 전통적 요소를 잘 살리면서도, 곡의 감정을 효과적으로 전달하는 데 중요한 역할을 한다.","Hwacho Sago is a unique form of folk music that originates from the Namdo region, created by incorporating the sounds of the Sadangpae. This piece is composed of the Ip Taryeong and Hwacho Taryeong, showcasing a rich musical color through the blending of Gyeongseodo and Namdo musical styles. The female vocalist Yeom Gyeong-ae leads the flow of the piece with her voice, adhering to the Jungmori Jangdan rhythm. Her vocalization aligns well with the structure of the piece, effectively utilizing vocal embellishments to highlight the charm of traditional folk songs. Yeom Gyeong-ae adjusts her vocal volume, clearly expressing the melody in each section, and creates a natural and fluid flow through her breath control. Over the rhythm of Jungmori, the vocalist rides a groovy rhythm, enhancing the conclusion of the piece and elevating its genre-specific completeness. Overall, Yeom Gyeong-ae's singing plays a crucial role in preserving the traditional elements of Hwacho Sago while effectively conveying the emotions of the piece.","산천초목이 속잎은 다 어허 어허어야 구경이 어허허허 어허야 어어리이 아무리 허여 어기 얼싸 네로구나 뒤야 아하하하 에헤야 허허야 허허리이 아무리 허여 어기 얼싸 네로구나 뒤야 어허허 어리얼싸 네로구나 이이이이 어기얼싸 네로구나 어기얼싸 에헤야 어야라 어기얼싸 어리이 이이 얼씨구나 절씨구나 말 들어 보아라 어리 어리 어리 어어야 어야라 어기얼싸 네로 구나
운다 봐라 어기얼싸 송사리로다 얼씨구나 절씨구나 말 들어 보아라 녹양 굽은 길로 다 다 저물어지는 날이로다 이렁성저렁성 수이도 가면 아이고 이놈의 노롯을 어찌어찌 허드란 말이냐 이렁성저렁성 함부로 덤부로 살아보세 일수여 어리어허어야 어 어기얼싸 네로구나
서낭당 어리굼벅구 송사리로다 이 산으로 가도 어리굼벅새야 저 산으로 가도 어리굼벅 새야 어기얼싸 헤 어기얼싸 헤야 아 어기얼싸 네로구나
야야 집안 아야 말 들어라 야야 총각아야 말 들어보아라 /너그 누님이 날 마다고 머리깎고 송낙쓰고 금강산으로 중노릇 간단다 이창 저창 사무장창 날로 땡그렁 부러진 장창 어허허허 허허허 어기얼싸 네로구나
고산에 심도호 물 안도 구부러져 워리렁 출렁 뒤둥그러졌네 춘수나니 낙락 기러기 새끼는 훨훨 낙락장송이 와자지끈 후드락 뚝딱 부러졌다 이 구부 저 구부 세 구부 한데로 합수쳐 얼씨구나 야야 지화자 좋네 절씨구나야아 지화자 좋구나 허허 어허허허허 어기얼싸 네로구나
가자 가자 가자 구경을 가자서라 금강산으로 화류 구경을 가자서라 한라산도 백두산도 어리 추천 들어가니 초당 삼간을 다 지었더라 왠갖 화초를 다 심었더라 맨드라미 봉선화며 왜철죽 진달화며 넘출 넘출 피같은 파촛잎은 여기도 넘출 심었네 저기도 넘출 심었구나 허허 어허허허 어기얼싸 네로구나
여보시오 한량님네 오셨다 섭섭하니 막걸리 한동이를 들어 마시거나 말거나 /한송정 술을 빚어라 무슨 술을 다 빚었드냐 면천 두견주 한산의 소곡주로다 에헤허허어리 어야 어기야
청천청 인 까마귀 떠 두다리 쫓아 가가감실 떠 평양 대동강산에 돛대선이 떠 나라님 거동시에 휘양산이 떠 양산 밑에는 일산산이 떠 희얏다 일산산 밑에는 권마성이 떴다",산천초목이 / 속잎은 다 헌디 구경 / 허어 허어 어허 어허야 / 어어리이 아무리 허여 / 어기 얼싸 네로구나 뒤야 / 아하하하 에헤야 허허야 / 어허 어리히 아무리 허여 / 어기 얼싸 네로구나 뒤야 / 허허허 어리얼싸 네로구나 / 이이이 어기얼싸 네로구나 / 어기얼싸 에헤야 어야라 어기얼싸 어리이 이이 / 얼씨구나 절씨구나 말 들어 보아라 / 어리 어리 / 어리 어어야 / 어야라 어기얼싸 네로 구나 / 운다 봐라 어기얼싸 송사리로다 얼씨구나 절씨구나 말 들어 보아라 / 녹양 굽은 길로 다 다 저물어지는 날이로다 이렁성저렁성 수이도 가면 / 아이고 이놈의 노롯을 어찌어찌 허드란 말이냐 이렁성저렁성 함부로 덤부로 살아보세 / 일수여 / 어허 어리히 어허 어허 어야 / 아 어 어기얼싸 네로구나 / 선황당 어리굼벅구 송사리로다 이 산으로 가도 어리굼벅 새야 / 저 산으로 가도 어리굼벅 새야 / 어기얼싸 헤 어기얼싸 헤야 아 어 어기얼싸 네로구나 / 야야 집안 아야 말 들어라 / 야야 총각아야 말 들어보아라 / 너그 누님이 날 마다고 머리깎고 송낙쓰고 금강산으로 중노릇 간단다 / 이창 저창 사무장창 / 날로 땡그렁 부러진 장창 / 어허허허 허허허 어기얼싸 네로구나 / 고산에 심도허 물 안도 구부러져 / 워리렁 출렁 뒤둥그러졌네 / 춘수나니 낙락 기러기 새끼는 훨훨 / 낙락장송이 와자지끈 후드락 뚝딱 부러져 / 이 골 물 저 골 물 세 골 물 한데로 합수쳐 얼씨구나 야야 지화자 좋네 / 절씨구나 야 야 지화자 좋구나 / 허 허어 허 어허 허 어기얼싸 네로구나 / 가자 가자 가자 구경을 가자서라 / 금강산으로 화류 구경을 가자서라 / 한라산도 백두산도 어리 추천 들어가니 / 초당 삼간을 다 지었더라 / 왠 갖 화초를 다 심었더라 / 맨드라미 봉선화며 왜철죽 진달화며 / 넌출 넌출 치 같은 파초 잎은 / 여기도 넌출 심었네 / 저기도 넌출 심었구나 / 허 허 어허 허 어기 얼싸 네로구나 / 여보시오 한량님네 오셨다 섭섭하니 / 막걸리 한동이를 들어 마시거나 말거나 / 한 송정 술을 빚어라 / 무슨 술을 다 빚었더냐 / 면천 두견주 한산의 소곡주로다 어허 허허리이 이 어허 어기야 / 청천청 인 까마귀 떠 / 두다리 쫓아 가가감실 떠 / 평양 대동강산에 돛대선이 떠 / 나라님 거동시에 휘양산이 떠 / 양산 밑에는 일산산이 떠 희얏다 / 일산산 밑에는 권마성이 떴다,58.0,548.04
KC_TM_MF_MY_S000210,경기,민속악,민요,경기잡가,유산가,채수현,여창,E / Dbm,도드리(6박),18/8,110.0,"표현적인(2), 향수 어린(2), 그리운(1), 기품 있는(1), 따뜻한(1), 부드러운(1), 불안한(1), 서사적인(1), 신나는(1), 신비로운(1), 애정 어린(1), 어두운(1), 에너지 넘치는(1), 편안한(1), 평온한(1), 향토적인(1), 환상적인(1)","단단한(3), 걸쭉한(1), 긁히는(1), 깨끗한(1), 담백한(1), 맑은(1), 밀도 있는(1), 뻗어 나가는(1), 시원한(1), 안쪽에서 울리는(1), 직진의(1), 콧소리 나는(1)","유산가는 경기 12잡가 중 하나로, 봄날의 아름다운 산천 경치를 노래하는 민속악의 대표적인 민요 곡이다. 이 곡은 사설이 길고 세련된 구조를 가지고 있으며, 경기잡가의 특징을 잘 드러내는 작품으로, 서울과 경기 지역의 전문 소리꾼들의 기량을 엿볼 수 있는 기회를 제공한다. 여창 가창자 채수현은 이 곡에서 그녀의 목소리로 유산가의 아름다움을 효과적으로 전달한다. 그녀는 창법에서 발성과 시김새를 적절히 활용하여 곡의 멜로디를 섬세하게 표현한다. 채수현의 성량은 곡의 흐름을 이끌어가며, 각 음절에 대한 정교한 발음과 함께 시김새를 통해 감정을 더한다. 그녀의 호흡은 안정적이며, 곡의 각 구절에서 적절히 조절되어 리듬감을 유지한다. 도드리(6박)의 리듬 위에서 채수현은 유연하게 흐름을 타며, 곡의 전개에 맞춰 호흡을 조절하여 마무리 부분에서의 여운을 남긴다. 이러한 호흡 조절은 곡의 완성도를 높이는 중요한 요소로 작용하며, 경기잡가의 전통적인 매력을 한층 더 부각시킨다.","Yusangga is one of the twelve Jangga of Gyeonggi, representing a quintessential folk song that sings of the beautiful landscapes of spring. This piece features lengthy and sophisticated lyrics, showcasing the characteristics of Gyeonggi Jangga, and provides an opportunity to glimpse the skills of professional singers from the Seoul and Gyeonggi regions. The female vocalist Chae Su-hyun effectively conveys the beauty of Yusangga with her voice in this piece. She skillfully utilizes vocal techniques and embellishments to delicately express the melody of the song. Chae Su-hyun's vocal range leads the flow of the piece, adding emotion through precise pronunciation and embellishments for each syllable. Her breath control is stable, appropriately adjusted throughout each phrase to maintain a sense of rhythm. Over the Dodori (6 beats) rhythm, Chae Su-hyun flows gracefully, modulating her breath in accordance with the development of the piece, leaving a lingering resonance in the concluding section. This breath control acts as a crucial element that enhances the completeness of the piece, further highlighting the traditional charm of Gyeonggi Jangga.","화란춘성하고 만화방창이라
때 좋다 벗님네야 산천경개를 구경을 가세
죽장망혜단표자로 천리강산 들어를 가니
만산홍록들은 일년일도 다시 피어
춘색을 자랑노라 색색이 붉었는데
창송취죽은 창창울울한데
기화요초 난만중에
꽃 속에 잠든 나비 자취 없이 날아난다
유상앵비는 편편금이요 화간접무는 분분설이라
삼춘가절이 좋을시고",화란춘성하고 / 만화방창이라 / 때 좋다 벗님네야 / 산천경개를 구경을 가세 / 죽장망혜단표자로 / 천리강산 들어를 가니 / 만산홍록들은 일년일도 / 다시 피어 / 춘색을 자랑노라 색색이 / 붉었는데 / 창송취죽은 / 창창울울한데 / 기화요초 난만중에 / 꽃 속에 잠든 나비 / 자취 없이 날아난다 / 유상앵비는 편편금이요 / 화간접무는 / 분분설이라 / 삼춘가절이 좋을시고,19.0,255.31
KC_TM_MF_MY_S000211,경기,민속악,민요,경기잡가,제비가,채수현,여창,F / Dm,세마치,9/8,240.0,"경쾌한(3), 신나는(2), 희망적인(2), 가볍고 신비로운(1), 그루브감 있는(1), 따뜻한(1), 명상적인(1), 생기 있는(1), 신명난(1), 에너지 넘치는(1), 열정적인(1), 조화로운(1), 평화로운(1), 활기찬(1), 희망찬(1)","단단한(2), 긁히는(1), 깨끗한(1), 날카로운(1), 매끄러운(1), 뻗어 나가는(1), 시원한(1), 안쪽에서 울리는(1), 역동적인(1), 울리는(1), 유연한(1), 청아한(1), 콧소리 나는(1)","제비가는 경기잡가의 일종으로, 판소리 춘향가, 흥보가 및 새타령의 사설을 조합하여 만든 민속악의 민요이다. 이 곡은 여러 새들의 이름을 나열하며 경쾌하게 부르며, 다채로운 선율 변화가 특징으로, 전통적인 경기잡가의 특성을 잘 드러낸다. 여창 가창자 채수현의 목소리는 이 곡의 흐름을 이끌어가는 중요한 요소로 작용한다. 그녀는 발성을 통해 곡의 리듬에 맞춰 유연하게 멜로디를 표현하며, 시김새를 적절히 사용하여 곡의 전통적인 느낌을 살린다. 성량이 풍부하여 각 음절이 명확하게 전달되며, 호흡을 통해 긴장감을 조절하며 곡의 흐름을 자연스럽게 이어간다. 특히, 세마치 장단의 리듬 위에서 가창자는 리듬의 변화를 잘 타고 흐름을 유지하며, 각 구절의 끝부분에서 호흡을 조절하여 곡의 마무리를 장식하는 방식이 돋보인다. 이러한 호흡의 조절은 곡의 완성도를 높이며, 전통적인 경기잡가의 특성을 더욱 부각시킨다.","Jebigane is a type of Gyeonggi Jangga, a folk song created by combining the lyrics of pansori pieces such as Chunhyangga, Heungboga, and Saetaryeong. This piece features a lively enumeration of various birds' names and is characterized by diverse melodic variations, effectively showcasing the traits of traditional Gyeonggi Jangga. The voice of female vocalist Chae Su-hyun serves as a crucial element guiding the flow of the piece. Through her vocalization, she flexibly expresses the melody in accordance with the rhythm of the song, employing appropriate sigimsae to enhance the traditional feel of the piece. Her rich vocal tone ensures that each syllable is clearly articulated, and she manages the tension through her breathing, seamlessly connecting the flow of the song. Notably, over the rhythm of the semachi jangdan, the vocalist adeptly rides the rhythmic changes while maintaining the flow, skillfully controlling her breath at the end of each phrase to embellish the conclusion of the piece. This breath control elevates the overall quality of the song and further accentuates the characteristics of traditional Gyeonggi Jangga.",제비를 후리러 나간다 제비를 후리러 나간다 복희씨 맺은 그물을 두루쳐메고서 나간다 망탕산으로 나간다 우이여 어허어 어이고 저 제비 네 어디로 달아나노 백운을 박차며 흑운을 무릅쓰고 반공중에 높이 떠 우이여 어허어 어이고 달아를 나느냐 내 집으로 훨훨 다 오너라 양류상에 앉은 꾀꼬리 제비만 여겨 후린다 아하 이에이 에헤이 에헤야 네 어디로 행하느냐 공산야월 달 밝은데 슬픈 소래 두견성 슬픈 소래 두견제 월도천심 야삼경에 그 어느 낭군이 날 찾아오리 울림비조 뭇새들은 농춘화답에 짝을 지어 쌍거쌍래 날어든다 말 잘하는 앵무새 춤 잘 추는 학두루미 문채 좋은 공작 공기 적다 공기 뚜루루루루룩 숙궁 접동 스르라니 호반새 날아든다 기러기 훨훨 방울새 떨렁 다 날아들고 제비만 다 어디로 달아나노,제비를 후리러 나간다 제비를 후리러 나간다 / 복희씨 맺은 그물을 두루쳐메고서 나간다 / 망탕산으로 나간다 / 우이여 어허어 / 어이고 저 제비 네 어디로 달아나노 / 백운을 박차며 흑운을 무릅쓰고 반공중에 높이 떠 / 우이여 어허어 / 어이고 달아를 나느냐 내 집으로 훨훨 다 오너라 / 양류상에 앉은 꾀꼬리 제비만 여겨 후린다 / 아하 이에이 에헤이 에헤야 네 어디로 행하느냐 / 공산야월 달 밝은데 슬픈 소래 두견성 / 슬픈 소래 두견제 / 월도천심 야삼경에 그 어느 낭군이 날 찾아오리 / 울림비조 뭇새들은 / 농춘화답에 짝을 지어 쌍거쌍래 날어든다 / 말 잘하는 앵무새 / 춤 잘 추는 학두루미 문채 좋은 공작 / 공기 적다 공기 뚜루루루루룩 숙궁 접동 / 스르라니 호반새 날아든다 / 기러기 훨훨 방울새 / 떨렁 다 날아들고 제비만 다 어디로 달아나노,21.0,294.79
KC_TM_MF_MY_S000212,경기,민속악,민요,경기잡가,형장가,채수현,여창,F / Dm,세마치,9/8,240.0,"다이내믹한(2), 생기 있는(2), 애절한(2), 감상적인(1), 마음을 울리는(1), 명상적인(1), 몽환적인(1), 부드러운(1), 신비로운(1), 쓸쓸한(1), 유려한(1), 잔잔한(1), 절제된(1), 진지한(1), 평화로운(1), 표현적인(1)","시원한(3), 가는(1), 고운(1), 긁히는(1), 밀도 있는(1), 선명한(1), 유연한(1), 정제된(1), 청아한(1), 콧소리 나는(1), 탁 트인(1)","형장가는 경기잡가의 일종으로, 춘향이가 매를 맞는 대목을 담고 있는 민속악의 한 갈래인 민요이다. 이 곡은 판소리와는 달리 사설 내용과 상관없이 일정한 선율을 반복하는 특징이 있으며, 비장한 내용을 담담한 경기 소리 창법으로 표현한다. 여창 가창자 채수현은 이 곡에서 자신의 목소리로 강렬한 감정을 전달하며, 전통적인 경기잡가의 특성을 잘 살려낸다. 그녀의 목소리는 구조적으로 명확한 발성과 함께 시김새를 적절히 활용하여 멜로디를 표현한다. 또한, 성량이 일정하게 유지되면서도 각 음절에 힘을 주어 청중에게 곡의 내용을 효과적으로 전달한다. 호흡은 안정적이며, 긴 구절에서도 끊김 없이 이어지도록 조절하여 곡의 흐름을 자연스럽게 이어간다. 세마치의 리듬 위에서 그녀의 가창은 곡의 전개를 유연하게 이끌며, 리듬에 맞춰 호흡을 조절하여 곡의 마무리를 장식한다. 이러한 방식은 장르적 완성도를 높이며, 청중이 곡의 비장한 내용에 몰입할 수 있도록 돕는다.","Hyeongjangga is a type of Gyeonggi Jangga, a folk song that captures the moment when Chunhyang is beaten, representing a branch of traditional music. Unlike pansori, this piece is characterized by the repetition of a consistent melody regardless of the narrative content, conveying its solemn themes through a restrained Gyeonggi singing style. Female vocalist Chae Su-hyun delivers intense emotions with her voice in this piece, effectively embodying the characteristics of traditional Gyeonggi Jangga. Her voice employs clear vocalization while skillfully utilizing vibrato to express the melody. Additionally, she maintains a consistent vocal volume, emphasizing each syllable to effectively communicate the song's content to the audience. Her breath control is stable, allowing for seamless continuity even in long phrases, thereby ensuring a natural flow throughout the piece. Against the rhythm of semachi, her singing flexibly guides the development of the song, adjusting her breath to elegantly conclude the performance. This approach enhances the genre's completeness and helps the audience immerse themselves in the song's solemn narrative.","국곡투식 하였느냐 엄형중치는 무삼 일고
살인도모 하였느냐 항쇄족쇄는 무삼 일고
관전발악 하였느냐 옥골최심은 무삼 일고
불쌍하고 가련하다 춘향 어미가 불쌍하다
먹을 것을 옆에다 끼고 옥 모퉁이로 돌아들며
몹쓸 년의 춘향이야 허락 한 마디 하려무나
아이구 어머니 그 말씀 마오 허락이란 말이 웬 말이오
옥중에서 죽을망정 허락하기는 나는 싫소",국곡투식 하였느냐 / 엄형중치는 무삼 일고 / 살인도모 하였느냐 / 항쇄족쇄는 무삼 일고 / 관전발악 하였느냐 / 옥골최심은 무삼 일고 / 불쌍하고 가련하다 / 춘향 어미가 불쌍하다 / 먹을 것을 옆에다 끼고 / 옥 모퉁이로 돌아들며 / 몹쓸 년의 춘향이야 / 허락 한 마디 하려무나 / 아이구 어머니 그 말씀 마오 / 허락이란 말이 웬 말이오 / 옥중에서 죽을망정 / 허락하기는 나는 싫소,16.0,290.28
KC_TM_MF_MY_S000213,경기,민속악,민요,경기잡가,소춘향가,채수현,여창,E / Dbm,도드리,18/8,110.0,"기품 있는(2), 잔잔한(2), 진지한(2), 관능적인(1), 낭만적인(1), 도취된(1), 마음을 울리는(1), 몽환적인(1), 부드러운(1), 애정 어린(1), 어두운(1), 엄숙한(1), 에너지 넘치는(1), 영감을 주는(1), 유려한(1), 절제된(1), 차분한(1), 표현적인(1)","단단한(2), 시원한(2), 울리는(2), 담백한(1), 묵직한(1), 섬세한(1), 유연한(1), 진한(1), 콧소리 나는(1)","소춘향가는 경기 잡가의 대표적인 예로, 춘향과 이도령의 첫 만남을 재구성한 곡이다. 이 곡은 경기잡가 특유의 화려한 선율과 높은 음역대가 두드러지며, 민속악의 한 갈래인 민요로서의 매력을 지닌다. 여창 가창자 채수현의 목소리는 이 곡을 이끌어가는 중요한 요소로 작용한다. 그녀의 발성은 명확하고 안정적이며, 창법에서는 전통적인 시김새를 적절히 활용하여 곡의 감성을 전달한다. 그녀는 멜로디를 표현하는 데 있어 유연한 호흡을 사용하며, 각 음절의 끝을 세밀하게 조절하여 리듬감을 살린다. 특히 고음역대에서의 성량은 곡의 드라마틱한 순간을 강조하며, 청중의 귀를 사로잡는다. 도드리 장단 위에서 채수현은 리듬의 흐름을 자연스럽게 타며, 각 구절의 마무리를 부드럽게 이어간다. 그녀의 호흡은 곡의 클라이맥스와 결말을 장식하며, 전반적인 장르적 완성도를 높이는 데 기여한다.","The song ""So Chunhyangga"" serves as a representative example of Gyeonggi Jabga, reconstructing the first meeting between Chunhyang and Lee Do-ryeong. This piece is characterized by the distinctive ornate melodies and high vocal range typical of Gyeonggi Jabga, embodying the charm of folk music, a branch of traditional Korean music. The voice of the female vocalist Chae Soo-hyun plays a crucial role in guiding the piece. Her vocalization is clear and stable, and she effectively employs traditional singing techniques to convey the emotional depth of the song. She utilizes flexible breath control in expressing the melody, meticulously adjusting the endings of each syllable to enhance the rhythmic quality. Notably, her vocal power in the higher register emphasizes the dramatic moments of the piece, captivating the audience's attention. Over the Doduri Jangdan, Chae Soo-hyun naturally rides the flow of the rhythm, smoothly connecting the endings of each phrase. Her breath embellishes the climax and conclusion of the piece, contributing to the overall artistic completeness of the genre.","춘향에 거동봐라
오인 손으로 일광을 가리고 오른손 높이 들어
저 건너 죽림 보인다
대 심어 울하고 솔 심어 정자라
동편에 연정이요 서편에 우물이라
노방에 시매고후과요
문전에 학종선생류
긴 버들 휘늘어진 늙은 장송 광풍에
흥을 겨워 우줄 활활 춤을 춘다",춘향에 / 거동봐라 / 오인 손으로 / 일광을 가리고 / 오른손 높이 들어 / 저 건너 / 죽림 보인다 / 대 심어 울하고 솔 심어 정자라 / 동편에 연정이요 / 서편에 우물이라 / 노방에 시매고후과요 / 문전에 학종선생류 긴 버들 / 휘늘어진 늙은 장송 / 광풍에 / 흥을 겨워 / 우줄 활활 춤을 춘다,16.0,235.68
KC_TM_MF_MY_S000214,경기,민속악,민요,경기잡가,평양가,김세윤,여창,D / Bm,도드리,18/8,120.0,"단아한(2), 감상적인(1), 그리운(1), 다정한(1), 명랑한(1), 부드러운(1), 서사적인(1), 신나는(1), 쓸쓸한(1), 애절한(1), 애정 어린(1), 에너지 넘치는(1), 영감을 주는(1), 우아한(1), 우울감 있는(1), 절제된(1), 차분한(1)","맑은(2), 비강 울림이 있는(2), 가는(1), 깨끗한(1), 단단한(1), 담백한(1), 묵직한(1), 밀도 있는(1), 섬세한(1), 콧소리 나는(1)","평양가는 평양 기생 월선을 주제로 한 경기 12잡가로, 남녀 간의 사랑과 유흥을 다루는 민속악의 한 형태이다. 이 곡은 경기잡가의 특징을 잘 살리고 있으며, 도입부와 중반부의 대조가 뚜렷하게 나타난다. 여창 가창자 김세윤의 목소리는 이 곡을 이끌어가는 중요한 요소로, 그녀는 발성과 시김새를 통해 곡의 감정을 전달한다. 특히 도입부에서의 발음은 탄식하는 듯한 느낌을 주며, 중반부에서는 경쾌한 리듬을 타고 유연하게 멜로디를 표현한다. 그녀는 성량을 조절하며 각 구절에 어울리는 호흡을 사용하여 곡의 흐름을 자연스럽게 이어간다. 도드리 장단의 리듬 위에서 김세윤은 자신의 목소리로 곡의 구조를 효과적으로 전달하며, 호흡의 조절로 곡의 마무리를 장식한다. 이러한 요소들은 경기잡가의 장르적 완성도를 높이는 데 기여한다.","Pyongyang-ganeun is a Gyeonggi 12 Jabka centered on the Pyongyang gisaeng Wolseon, representing a form of folk music that explores love and leisure between men and women. This piece effectively embodies the characteristics of Gyeonggi Jabka, with a distinct contrast between the introduction and the middle sections. The voice of the female vocalist Kim Se-yoon serves as a crucial element in guiding the piece, as she conveys the emotions of the song through her vocal techniques and expressive nuances. Notably, her pronunciation in the introduction evokes a sense of lamentation, while in the middle section, she fluidly expresses the melody with a lively rhythm. She skillfully adjusts her vocal volume and employs breath control that aligns with each phrase, allowing for a natural progression of the piece. Over the rhythm of the Doduri Jangdan, Kim Se-yoon effectively communicates the structure of the song with her voice, and her breath control adorns the conclusion of the piece. These elements contribute to enhancing the genre's overall completeness in Gyeonggi Jabka.","갈까 보다 갈이 갈까 보다 님을 따라 님과 둘이 갈까 보다
잦은 밥을 다 못 먹고 님을 따라 님과 둘이 갈까 보다
부모 동생 다 이별하고 님을 따라 님과 둘이 갈까 보다
불 붙는다 불이 불 붙는다 평양성내 불이 불 붙는다",갈까 보다 / 갈이 갈까 보다 / 님을 / 따라 님과 둘이 / 갈까 보다 / 잦은 밥을 / 다 못 먹고 / 님을 / 따라 님과 둘이 / 갈까 보다 / 부모 동생 / 다 이별하고 / 님을 / 따라 님과 둘이 / 갈까 보다 / 불 붙는다 / 불이 불 붙는다 / 평양 / 성내 불이 / 불 붙는다,20.0,316.54
KC_TM_MF_MY_S000215,경기,민속악,민요,경기잡가,집장가,채수현,여창,Ab / Fm,도드리,18/8,240.0,"다이내믹한(2), 진심 어린(2), 가볍고 신비로운(1), 경쾌한(1), 기품 있는(1), 단아한(1), 쓸쓸한(1), 에너지 넘치는(1), 여유로운(1), 우울감 있는(1), 잔잔한(1), 장엄한(1), 즐거운(1), 진지한(1), 희망찬(1)","맑은(2), 시원한(2), 콧소리 나는(2), 단단한(1), 담백한(1), 비강 울림이 있는(1), 뻗어 나가는(1), 선명한(1), 역동적인(1), 울리는(1)","집장가는 판소리 춘향가 중 집장사령이 춘향을 매질하는 대목을 경기잡가로 엮은 곡으로, 민속악의 일종인 민요 장르에 속한다. 이 곡은 경기잡가의 특징을 잘 살리고 있으며, 형용사를 많이 사용하여 극적인 재미를 부여하고 긴박한 상황을 속도감 있는 장단에 실어 표현한다. 여창 가창자 채수현의 목소리는 이 곡의 긴장감과 드라마를 이끌어가는 중요한 요소로 작용한다. 그녀는 발성을 통해 명확한 음을 전달하며, 시김새를 적절히 사용하여 곡의 감정선을 강조한다. 성량은 안정적이며, 호흡 조절이 뛰어나 긴 구절을 소화할 때에도 안정감을 유지한다. 도드리 장단 위에서 채수현은 리듬의 흐름을 잘 타며, 각 음절의 강약을 조절하여 긴박감을 더한다. 곡의 마무리 부분에서는 호흡을 적절히 사용하여 여운을 남기고, 전체적인 장르의 완성도를 높이는 역할을 한다.","Jipjangga is a piece woven from the section where the character Jipjangsaryeong beats Chunhyang in the pansori Chunhyangga, and it belongs to the genre of folk music, which is a type of minyo. This piece effectively captures the characteristics of Gyeonggi-japga, employing a rich use of adjectives to create dramatic interest and express urgent situations through a dynamic jangdan. The voice of female vocalist Chae Su-hyun serves as a crucial element in conveying the tension and drama of the piece. She delivers clear notes through her vocalization and appropriately utilizes sigimsae to emphasize the emotional trajectory of the song. Her vocal strength is stable, and her breath control is excellent, allowing her to maintain composure even during long phrases. Over the Doduri jangdan, Chae Su-hyun adeptly rides the rhythm, adjusting the intensity of each syllable to enhance the sense of urgency. In the concluding section of the piece, she uses her breath effectively to leave a lingering resonance, thereby enhancing the overall completeness of the genre.","집장군노 거동을 봐라
춘향을 동틀에다 쫑그라니 올려매고
형장을 한아름을 디립다 덤석 안아다가 춘향이 앞에다가 좌르르 펼뜨리고
좌우 나졸들이 집장 배립하여 분부 듣주어라 여쭈어라
바로 바로 아뢸 말삼 없소 사또 안전에 죽여만 주오
집장군노 거동을 봐라
형장 하나를 고르면서 이놈 집어 느긋느긋 저놈 집어 는청는청
춘향이를 곁눈을 주며 저 다리 들어라 골 부러질라",집장군노 / 거동을 봐라 / 춘향을 동틀에다 / 쫑그라니 올려매고 / 형장을 / 한아름을 / 디립다 / 덤석안아다가 춘향이 / 앞에다가 좌르르 펼뜨리고 / 좌우 / 나졸들이 집장 배립하여 / 분부 듣주어라 여쭈어라바로 / 바로 아뢸 말삼 없소 사또 / 안전에 죽여만 주오 / 집장군노 / 거동을 봐라 / 형장 하나를 / 고르면서 / 이놈 집어 느긋느긋 / 저놈 집어 는청는청 / 춘향이를 / 곁눈을 주며 저 다리 / 들어라 골 부러질라,23.0,243.02
KC_TM_MF_MY_S000216,경기,민속악,민요,경기잡가,십장가,김세윤,여창,F / Dm,도드리,18/8,120.0,"그리운(3), 단아한(2), 부드러운(2), 생기 있는(2), 잔잔한(2), 긴장된(1), 낭만적인(1), 마음을 울리는(1), 아정한(1), 엄숙한(1), 에너지 넘치는(1), 여유로운(1), 웅대한(1), 진지한(1), 편안한(1), 평온한(1), 향수 어린(1), 향토적인(1), 환상적인(1)","콧소리 나는(3), 유연한(2), 가는(1), 고운(1), 깨끗한(1), 날카로운(1), 밀도 있는(1), 비강 울림이 있는(1), 시원한(1), 여린(1), 직진의(1)","십장가는 춘향이 매 열 대를 맞으며 정절을 지키는 내용을 담고 있는 경기 12잡가로, 경기잡가의 특징이 잘 드러나는 민속악의 민요이다. 이 곡은 각 매의 숫자에 맞춰 사설을 풀어나가는 구조를 가지고 있으며, 춘향의 굳은 절개를 비장미 있게 표현하고 있다. 여창 가창자 김세윤의 목소리는 이 곡의 서사를 이끌어가는 중요한 요소로 작용한다. 그녀의 발성은 명료하며, 전통적인 창법에 충실하여 시김새를 적절히 사용한다. 특히, 각 음절을 강조하는 방식으로 곡의 긴장감을 높이며, 호흡의 조절을 통해 멜로디의 흐름을 자연스럽게 이어간다. 김세윤은 강한 성량으로 곡의 클라이맥스에서 절정을 이루며, 리듬에 맞춰 유연하게 변화를 주는 능력을 보여준다. 도드리의 리듬 위에서 그녀는 곡의 전개에 맞춰 탄력 있게 흐름을 타며, 호흡을 적절히 조절하여 곡의 마무리를 장식한다. 이러한 호흡의 사용은 곡의 완성도를 높이며, 전통적인 경기잡가의 매력을 더욱 부각시킨다.","Sipjangga is a Gyeonggi 12 Japga that encapsulates the story of Chunhyang maintaining her fidelity while enduring ten beatings, showcasing the characteristics of Gyeonggi folk music. This piece features a structure that unfolds the lyrics in accordance with the number of beatings, poignantly expressing Chunhyang's steadfast virtue. The voice of the female vocalist Kim Seyoon serves as a crucial element in conveying the narrative of the song. Her vocalization is clear and adheres faithfully to traditional singing techniques, effectively employing the nuances of expression. Notably, her method of emphasizing each syllable heightens the tension of the piece, while her control of breath allows for a natural flow of the melody. Kim Seyoon reaches a climax with her powerful vocal projection, demonstrating her ability to adapt flexibly to the rhythm. Over the rhythm of doduri, she navigates the development of the piece with resilience, skillfully managing her breath to elegantly conclude the song. This use of breath enhances the overall quality of the piece, further highlighting the allure of traditional Gyeonggi Japga.","전라좌도 남원 남문밖 월매 딸 춘향이가 불쌍하고 가련하다
하나 맞고 하는 말이 일편단심 춘향이가
일종지심 먹은 마음 일부종사 하쟀더니
일각일시 낙미지액에 일일칠형 무삼일고
둘을 맞고 하는 말이 이부불경 이내몸이
이군불사 본을 받어 이수중분백로주 같소
이부지자 아니어든 일구이언은 못 하겠소
셋을 맞고 하는 말이 삼한갑족 우리 낭군
삼강에도 제일이요 삼춘화류승화시에
춘향이가 이도령 만나 삼배주 나눈 후에
삼생연분 맺었기로 사또 거행은 못 하겠소
넷을 맞고 하는 말이 사면차지 우리 사또
사서삼경 모르시나 사시장춘 푸른 송죽
풍설이 잦아도 변치 않소 사지를 찢어다가
사방으로 두르셔도 사또 분부는 못 듣겠소",전라좌도 남원 남문밖 / 월매 딸 춘향이가 / 불쌍하고 가련하다 / 하나 맞고 하는 말이 / 일편단심 춘향이가 / 일종지심 먹은 마음 / 일부종사 하쟀더니 / 일각일시 낙미지액에 / 일일칠형 무삼일고 / 둘을 맞고 하는 말이 / 이부불경 이내몸이 / 이군불사 본을 받어 / 이수중분백로주 같소 / 이부지자 아니어든 / 일구이언은 못 하겠소 / 셋을 맞고 하는 말이 / 삼한갑족 우리 낭군 / 삼강에도 제일이요 / 삼춘화류승화시에 / 춘향이가 이도령 만나 / 삼배주 나눈 후에 / 삼생연분 맺었기로 / 사또 거행은 못 하겠소 / 넷을 맞고 하는 말이 / 사면차지 우리 사또 / 사서삼경 모르시나 / 사시장춘 푸른 송죽 / 풍설이 잦아도 변치 않소 / 사지를 찢어다가 / 사방으로 두르셔도 / 사또 분부는 못 듣겠소,31.0,363.02
KC_TM_MF_MY_S000217,경기,민속악,민요,경기잡가,선유가,김세윤,여창,D / Bm,도드리,18/8,120.0,"즐거운(3), 명랑한(2), 평화로운(2), 다정한(1), 단아한(1), 부드러운(1), 쓸쓸한(1), 아정한(1), 우아한(1), 유려한(1), 편안한(1), 행복한(1), 향토적인(1), 희망적인(1)","맑은(3), 투명한(3), 유연한(2), 고운(1), 깨끗한(1), 매끄러운(1), 밝은(1), 섬세한(1), 콧소리 나는(1)","선유가는 뱃놀이를 주제로 한 경기 12잡가로, 민속악의 한 갈래인 민요에 속한다. 이 곡은 유산가와 대구를 이루며, 흥겨운 후렴구를 통해 배를 타고 노는 풍류를 노래하여 삶의 여유와 즐거움을 만끽하게 해준다. 여창 가창자 김세윤의 목소리는 이 곡의 중심을 이루며, 그녀는 전통적인 창법을 통해 멜로디를 표현한다. 김세윤은 발성을 통해 곡의 흐름을 자연스럽게 이끌어가며, 시김새를 적절히 사용하여 곡의 감정을 전달한다. 그녀의 성량은 곡의 전개에 맞춰 조절되며, 호흡은 안정적이고 균형 잡힌 방식으로 이루어진다. 도드리 장단의 리듬 위에서 김세윤은 자유롭게 흐름을 타고, 그녀의 호흡은 곡의 마무리를 부드럽게 장식하며 장르적 완성도를 높인다. 이러한 요소들이 어우러져 선유가는 전통적인 경기잡가의 매력을 잘 드러낸다.","Seonyugaga is a Gyeonggi 12 Jangga centered around the theme of boat riding, belonging to the folk music genre of minyo. This piece features a duet between the Yusanga and Daegu, celebrating the joy of leisurely boat activities through its lively refrain, allowing listeners to savor the pleasures of life. The voice of the female vocalist Kim Seyoon forms the core of this piece, as she expresses the melody through traditional singing techniques. Kim Seyoon naturally guides the flow of the piece with her vocalization, effectively conveying the emotions of the song through her use of sigimsae. Her vocal volume is adjusted in accordance with the progression of the piece, and her breathing is executed in a stable and balanced manner. Riding on the rhythm of the Doduri Jangdan, Kim Seyoon freely navigates the flow, and her breath gracefully embellishes the conclusion of the piece, enhancing its genre-specific completeness. These elements together showcase the charm of Seonyugaga as a quintessential example of traditional Gyeonggi Jangga.","가세 가세 자네 가세 가세 가세 놀러가세
배를 타고 놀러를 가세 지두덩기어라 둥게 둥덩 덩실로 놀러가세
앞집이며 뒷집이라 각위각집 처자들로 장부간장 다 녹인다
동삼월 계삼월 호양도 봉봉 돌아를 오소 아나 월선이 돈 받소
가던 임은 잊었는지 꿈에 한번 아니 보인다
내 아니 잊었거든 젠들 설마 잊을소냐
가세 가세 자네 가세 가세 가세 놀러가세
배를 타고 놀러를 가세 지두덩기어라 둥게 둥덩 덩실로 놀러가세",가세 가세 자네 가세 / 가세 가세 놀러가세 / 배를 타고 놀러를 가세 / 지두덩기어라 둥게 둥덩 덩실로 놀러가세 / 앞집이며 뒷집이라 / 각위각집 처자들로 / 장부간장 다 녹인다 / 동삼월 계삼월 / 호양도 봉봉 돌아를 오소 / 아나 월선이 돈 받소 / 가던 임은 잊었는지 / 꿈에 한번 아니 보인다 / 내 아니 잊었거든 / 젠들 설마 잊을소냐 / 가세 가세 자네 가세 / 가세 가세 놀러가세 / 배를 타고 놀러를 가세 / 지두덩기어라 둥게 둥덩 덩실로 놀러가세,18.0,280.54
KC_TM_MF_MY_S000218,경기,민속악,민요,경기잡가,출인가,김세윤,여창,D / Bm,도드리,18/8,120.0,"낭만적인(1), 마음을 울리는(1), 몽환적인(1), 부드러운(1), 생기 있는(1), 서사적인(1), 시적인(1), 신나는(1), 신비로운(1), 쓸쓸한(1), 에너지 넘치는(1), 우아한(1), 잔잔한(1), 조화로운(1), 평온한(1), 평화로운(1), 표현적인(1), 향수 어린(1), 향토적인(1)","가는(2), 맑은(2), 유연한(2), 청아한(2), 콧소리 나는(2), 매끄러운(1), 밝은(1), 역동적인(1)","출인가는 춘향가 중 오리정 이별 대목을 엮은 경기 12잡가로, 경기잡가의 특징이 잘 드러나는 민속악 장르의 민요이다. 이 곡은 '놀고 가세'라는 후렴구를 통해 사설의 단락을 구분하며, 이별의 슬픔과 인생의 무상함을 노래한다. 여창 가창자 김세윤의 목소리는 곡의 흐름을 이끌어가는 중요한 요소로, 그녀의 창법은 발성과 시김새의 조화로 이루어진다. 김세윤은 발음을 명확히 하면서도, 전통적인 시김새를 적절히 사용하여 멜로디를 표현한다. 그녀의 성량은 곡의 각 구간에서 적절히 조절되며, 호흡 또한 안정적이어서 긴 구절에서도 끊김 없이 이어지는 흐름을 유지한다. 도드리 장단의 리듬 위에서 그녀의 목소리는 자연스럽게 흐름을 타며, 각 음절마다 리듬을 살려주어 곡의 전개에 기여한다. 김세윤의 호흡은 곡의 마무리를 장식하며, 전체적인 장르적 완성도를 높이는 역할을 한다.","Chul-ingana is a Gyeonggi 12 Japga that weaves together the parting scene from Chunhyangga, exemplifying the characteristics of Gyeonggi Japga as a genre of folk music. This piece distinguishes sections of the lyrics through the refrain ""Nolgo gase,"" expressing the sorrow of parting and the transience of life. The voice of the female vocalist Kim Se-yoon is a crucial element that guides the flow of the piece, with her singing technique characterized by a harmonious blend of vocalization and traditional ornamentation. Kim Se-yoon articulates clearly while appropriately employing traditional embellishments to convey the melody. Her vocal volume is adeptly adjusted throughout the various sections of the piece, and her breath control is stable, allowing for a seamless flow even in longer phrases. Against the rhythm of the Doduri jangdan, her voice naturally rides the rhythm, enhancing the development of the piece by emphasizing each syllable. Kim Se-yoon's breath culminates the piece, contributing to the overall genre's completeness.","풋고추 절이 김치 문어 전복 곁들여 황소주 꿀 타
향단이 들려 오리정으로 나간다 오리정으로 나간다
어느 년 어느 때에 어느 시절에 다시 만나 그리던 사랑을 품안에 품고
사랑 사랑 내 사랑아 에 어화 둥개 내 건곤
이제 가면 언제 오료 오만한을 일러주오
명년춘색이 돌아오면 꽃 피거든 만나볼까
놀고 가세 놀고 가세 너고나고 나고너고만 놀고 가세
곤히 든 잠 행여나 깨울세라 등도 대고 배도 대며
쩔레 쩔레 흔들면서 일어나오 일어나오",풋고추 절이 김치 문어 / 전복 곁들여 / 황소주 꿀 타 / 향단이 들려 / 오리정으로 나간다 / 오리정으로 나간다 / 어느 년 / 어느 때에 / 어느 시절에 / 다시 만나 / 그리던 사랑을 / 품안에 품고 / 사랑 사랑 / 내 사랑아 / 에 어화 둥개 내 건곤 / 이제 가면 언제 오료 / 오만한을 일러주오 / 명년춘색이 / 돌아오면 꽃 피거든 / 만나볼까 / 놀고 가세 놀고 가세 / 너고나고 나고너고만 놀고 가세 / 곤히 든 잠 / 행여나 깨울세라 등도 대고 / 배도 대며 / 쩔레 쩔레 흔들면서 / 일어나오 일어나오,27.0,331.54
KC_TM_MF_MY_S000219,경기,민속악,민요,경기잡가,적벽가,채수현,여창,E / Dbm,도드리,18/8,110.0,"경쾌한(2), 차분한(2), 강한(1), 기품 있는(1), 다이내믹한(1), 마음을 울리는(1), 부드러운(1), 생기 있는(1), 신나는(1), 쓸쓸한(1), 애절한(1), 잔잔한(1), 조화로운(1), 평온한(1), 평화로운(1), 표현적인(1), 향수 어린(1)","콧소리 나는(2), 가는(1), 고운(1), 깨끗한(1), 담백한(1), 매끄러운(1), 비강 울림이 있는(1), 선명한(1), 역동적인(1), 울리는(1), 유연한(1), 힘 있는(1)","적벽가는 삼국지연의의 적벽대전과 화용도 대목을 경기잡가 형식으로 엮은 민속악의 일종으로, 전쟁의 서사를 압축하여 표현한 곡이다. 이 곡은 경기잡가의 특징을 잘 드러내며, 민속악 > 민요 장르에 속한다. 여창 가창자 채수현의 목소리는 이 곡의 서사를 이끌어가는 중요한 요소로 작용한다. 그녀는 전통적인 창법을 사용하여 강렬한 발성과 함께 시김새를 적절히 활용하며 멜로디를 표현한다. 특히, 그녀의 성량은 곡의 웅장한 분위기를 잘 전달하고, 호흡은 각 구절의 흐름을 자연스럽게 이어준다. 도드리의 리듬 위에서 채수현은 리드미컬한 흐름을 타며, 각 음절에 맞춰 정확하게 호흡을 조절하여 곡의 긴장감과 해소를 조화롭게 나타낸다. 그녀의 호흡은 곡의 마무리를 장식하며, 전반적인 장르적 완성도를 높이는 데 기여한다.","Jeokbyeokgana is a type of folk music that weaves together the scenes of the Battle of Red Cliffs and the Huayangdu from the historical novel ""Romance of the Three Kingdoms"" in the form of Gyeonggi Jangga, compressing the narrative of war into a musical expression. This piece distinctly showcases the characteristics of Gyeonggi Jangga and belongs to the genre of folk music > minyo. The voice of the female vocalist Chae Su-hyun serves as a crucial element in driving the narrative of this piece. She employs traditional singing techniques, utilizing powerful vocalization and appropriately incorporating ornamentation to express the melody. In particular, her vocal range effectively conveys the grand atmosphere of the piece, while her breath control seamlessly connects the flow of each phrase. Riding on the rhythm of Doduri, Chae Su-hyun maintains a rhythmic flow, adjusting her breath precisely to each syllable, harmoniously representing the tension and resolution within the music. Her breath adorns the conclusion of the piece, contributing to the overall artistic completeness of the genre.","삼강은 수전이요 적벽은 오병이라
난데없는 화광이 충천하니 조조가 대패하여
화용도로 행할 즈음에
응포일성에 일원대장이 엄심갑옷에 봉투구 저켜 쓰고
적토마 비껴 타고 삼각수를 거스릅시고
봉안을 크게 뜹시고 팔십근 청룡도 눈 위에 선뜻 들어
엡다 이놈 조조야 날다 길다 하시는 소래 정신이 산란하여 비나이다 비나이다 잔명을 살으소서
소장의 명을 장군전하에 비나이다",삼강은 수전이요 / 적벽은 오병이라 / 난데없는 / 화광이 충천하니 / 조조가 대패하여 / 화용도로 행할 즈음에 / 응포일성에 / 일원대장이 / 엄심갑옷에 / 봉투구 저켜 쓰고 / 적토마 비껴 타고 / 삼각수를 거스릅시고 / 봉안을 크게 뜹시고 / 팔십근 청룡도 눈 위에 선뜻 들어 / 엡다 이놈 조조야 / 날다 길다 하시는 / 소래 정신이 / 산란하여 비나이다 / 비나이다 / 잔명을 살으소서 / 소장의 명을 / 장군전하에 비나이다,22.0,274.94
KC_TM_MF_MY_S000220,경기,민속악,민요,경기잡가,방물가,김세윤,여창,F / Dm,도드리,18/8,120.0,"애절한(3), 마음을 울리는(2), 향토적인(2), 감상적인(1), 경쾌한(1), 낭만적인(1), 명상적인(1), 몽환적인(1), 비통한(1), 사색적인(1), 신비로운(1), 쓸쓸한(1), 아정한(1), 애정 어린(1), 어두운(1), 우울감 있는(1), 잔잔한(1), 진심 어린(1), 차분한(1), 품위 있는(1), 환상적인(1), 희망찬(1)","깨끗한(2), 단단한(2), 비강 울림이 있는(2), 청아한(2), 콧소리 나는(2), 날카로운(1), 담백한(1), 매끄러운(1), 머금은 듯한(1), 선명한(1), 안쪽에서 울리는(1), 진한(1)","방물가는 이별의 정한을 노래한 경기 12잡가로, 온갖 패물의 이름을 나열하며 남녀의 대화체로 구성된 민속악의 일종으로, 당시의 생활상을 엿볼 수 있는 다양한 물건들이 등장하는 특징이 있다. 이 곡은 경기잡가의 전형적인 요소를 잘 보여주는 민요로, 그 안에 담긴 서사와 감정이 돋보인다. 여창 가창자 김세윤은 이 곡을 통해 자신의 목소리로 이야기를 전달하며, 창법의 기술적 특징이 두드러진다. 그녀의 발성은 명확하고 안정적이며, 시김새를 적절히 활용하여 곡의 감정을 표현한다. 각 음절에 대한 집중력이 높아, 리듬감 있게 멜로디를 이끌어가는 모습이 인상적이다. 특히, 김세윤은 호흡을 잘 조절하여 긴 구절에서도 안정적으로 소리를 유지하며, 멜로디의 흐름을 자연스럽게 이어간다. 도드리 장단의 리듬 위에서 그녀의 목소리는 경쾌하게 흐르며, 마무리 부분에서는 호흡이 곡의 완성도를 높이고, 청중에게 여운을 남기는 효과를 준다. 이처럼 김세윤의 가창은 방물가의 서사적 요소와 리듬적 특징을 조화롭게 결합하여, 곡의 전체적인 흐름을 더욱 풍부하게 만든다.","Bangmulgah is a Gyeonggi 12 Jangga that sings of the sorrow of parting, characterized by a dialogue between men and women while listing the names of various ornaments, serving as a type of folk music that reflects the daily life of the time through the appearance of diverse objects. This piece exemplifies the typical elements of Gyeonggi Jangga, highlighting the narrative and emotions contained within. Female vocalist Kim Se-yoon conveys the story through her voice, showcasing the technical characteristics of her singing style. Her vocalization is clear and stable, effectively utilizing vocal embellishments to express the emotions of the piece. Her focus on each syllable is impressive, leading the melody with a sense of rhythm. Notably, Kim Se-yoon skillfully manages her breath, maintaining a steady sound even through long phrases, seamlessly continuing the flow of the melody. Over the rhythm of the Doduri Jangdan, her voice flows briskly, and in the concluding section, her breath enhances the piece's completeness, leaving a lingering effect on the audience. In this way, Kim Se-yoon's singing harmoniously combines the narrative elements and rhythmic characteristics of Bangmulgah, enriching the overall flow of the piece.","서방님 정 떼고 정 이별한대도 날 버리고 못가리라
금일송군 임 가는데 백년소첩 나도 가오
날 다려 날 다려 날 다려가오 한양낭군님 날 다려가오
나는 죽네 나는 죽네 임자로 하여 나는 죽네
​네 무엇을 달라고 하느냐 네 소원을 다 일러라
제일명당 터를 닦아 고대광실 높은 집에 내외분합 물림퇴며
고불도리 선자 추녀 헝덩 그렇게 지어나 주랴
네 무엇을 달라고 하느냐 네 소원을 다 일러라",서방님 정 떼고 정 이별한대도 / 날 버리고 못가리라 / 금일송군 임 가는데 / 백년소첩 나도 가오 / 날 다려 날 다려 날 다려가오 / 한양낭군님 날 다려가오 / 나는 죽네 나는 죽네 / 임자로 하여 나는 죽네 / ​네 무엇을 달라고 하느냐 / 네 소원을 다 일러라 / 제일명당 터를 닦아 / 고대광실 높은 집에 / 내외분합 물림퇴며 / 고불도리 선자 추녀 / 헝덩 그렇게 지어나 주랴 / 네 무엇을 달라고 하느냐 / 네 소원을 다 일러라,17.0,307.54
KC_TM_MF_MY_S000221,경기,민속악,민요,경기잡가,달거리,김세윤,여창,D / Bm,세마치,9/8,300.0,"따뜻한(2), 명랑한(2), 생기 있는(2), 단아한(1), 마음을 울리는(1), 부드러운(1), 사색적인(1), 아정한(1), 애절한(1), 에너지 넘치는(1), 여유로운(1), 잔잔한(1), 절제된(1), 즐거운(1), 진심 어린(1), 편안한(1), 평화로운(1), 향수 어린(1)","유연한(3), 콧소리 나는(2), 고운(1), 깨끗한(1), 담백한(1), 밀도 있는(1), 섬세한(1), 정제된(1), 탁 트인(1), 투명한(1)","달거리는 경기잡가의 일종으로, 민속악 중 민요에 속하는 곡이다. 이 곡은 월령가, 적수단신가, 매화타령을 합쳐 만들어졌으며, 달별로 노래하는 형식과 대중적인 선율로 널리 사랑받아왔다. 경기잡가는 다채로운 구성으로 긴 호흡의 노래를 지루하지 않게 끌어가는 특징이 있다. 여창 가창자 김세윤의 목소리는 이 곡의 중심을 이루며, 그녀의 발성이 곡의 흐름을 부드럽게 이끌어간다. 김세윤은 창법에서 전통적인 시김새를 적절히 활용하여 멜로디의 변화를 자연스럽게 표현하며, 곡의 구조에 맞춰 유연하게 성량을 조절한다. 그녀의 호흡은 긴 음을 유지하면서도 적절한 곳에서 숨을 고르는 방식으로, 청중에게 안정감을 주고 곡의 리듬을 강조한다. 세마치 장단이 가진 경쾌한 리듬 위에서 가창자는 그 흐름을 타며, 각 음절을 명확하게 전달하여 곡의 완성도를 높인다. 김세윤의 호흡은 곡의 마무리에서도 중요한 역할을 하며, 마지막 음을 여유롭게 정리하여 청중에게 여운을 남긴다. 이러한 요소들은 경기잡가의 전통적인 매력을 더욱 돋보이게 한다.","Dalgeori is a type of Gyeonggi Jangga, belonging to the category of folk music within the realm of minyo. This piece is a fusion of Wolnyeongga, Jeoksudansinga, and Maehwataryeong, and has been widely cherished for its format of singing by the moon and its popular melodies. Gyeonggi Jangga is characterized by its diverse composition, which keeps long breaths engaging and avoids monotony. The voice of the female vocalist Kim Seyoon forms the core of this piece, with her vocalization smoothly guiding the flow of the music. Kim Seyoon adeptly employs traditional vocal techniques to naturally express the changes in melody, adjusting her tonal quality flexibly according to the structure of the piece. Her breathing maintains long notes while strategically pausing at appropriate moments, providing a sense of stability to the audience and emphasizing the rhythm of the piece. Riding on the lively rhythm of the semachi jangdan, the vocalist articulates each syllable clearly, enhancing the overall quality of the performance. Kim Seyoon's breath also plays a crucial role in the conclusion of the piece, as she leisurely resolves the final note, leaving a lingering impression on the audience. These elements further highlight the traditional charm of Gyeonggi Jangga.","네가 나를 볼 양이면 심양강 건너와서 연화분에 심었던 화초 삼색도화 피었더라
이 신구 저 신구 잠자리 내 신구 일조낭군이 네가 내 건곤이지
아무리 하여도 네가 내 건곤이지
정월이라 십오일에 망월하는 소년들아 망월도 하려니와 부모봉양 생각세라
이 신구 저 신구 잠자리 내 신구 일조낭군이 네가 내 건곤이지
아무리 하여도 네가 내 건곤이지
이월이라 한식날에 천추절이 적막이로다 개자추의 넋이로구나 면산에 봄이 드니 불탄 풀 속잎이 난다
이 신구 저 신구 잠자리 내 신구 일조낭군이 네가 내 건곤이지
아무리 하여도 네가 내 건곤이지
삼월이라 삼진날에 강남서 나온 제비 왔노라 현신 한다
이 신구 저 신구 잠자리 내 신구 일조낭군이 네가 내 건곤이지
아무리 하여도 네가 내 건곤이지",네가 나를 볼 양이면 심양강 건너와서 / 연화분에 심었던 화초 삼색도화 피었더라 / 이 신구 저 신구 잠자리 내 신구 / 일조낭군이 네가 내 건곤이지 / 아무리 하여도 네가 내 건곤이지 / 정월이라 십오일에 망월하는 소년들아 / 망월도 하려니와 부모봉양 생각세라 / 이 신구 저 신구 잠자리 내 신구 / 일조낭군이 네가 내 건곤이지 / 아무리 하여도 네가 내 건곤이지 / 이월이라 한식날에 천추절이 적막이로다 / 개자추의 넋이로구나 면산에 봄이 드니 / 불탄 풀 속잎이 난다 / 이 신구 저 신구 잠자리 내 신구 / 일조낭군이 네가 내 건곤이지 / 아무리 하여도 네가 내 건곤이지 / 삼월이라 삼진날에 강남서 나온 제비 / 왔노라 현신 한다 / 이 신구 저 신구 잠자리 내 신구 / 일조낭군이 네가 내 건곤이지 / 아무리 하여도 네가 내 건곤이지,21.0,264.62
KC_TM_MF_MY_S000222,서도,민속악,민요,서도민요,해주 아리랑,김민경,여창,C / Am,세마치,9/8,300.0,"경쾌한(3), 신나는(3), 생기 있는(2), 신명난(2), 에너지 넘치는(2), 그루브감 있는(1), 단아한(1), 따뜻한(1), 애절한(1), 여유로운(1), 열정적인(1), 유쾌한(1), 해학적인(1), 향수 어린(1), 향토적인(1)","콧소리 나는(2), 깨끗한(1), 담백한(1), 매끄러운(1), 밝은(1), 비강 울림이 있는(1), 쇳소리 나는(1), 울리는(1), 진한(1), 화사한(1)","해주 아리랑은 신민요 아리랑의 한 유형으로, 서도민요의 특징이 잘 드러나는 민속악 곡이다. 이 곡은 '아리아리 얼쑤'라는 후렴구로 잘 알려져 있으며, 경쾌하고 활기찬 분위기를 자아낸다. 여창 가창자 김민경의 목소리는 이 곡의 전개를 이끌어가는 중요한 요소로 작용한다. 그녀는 발성을 통해 곡의 멜로디를 명확하게 표현하며, 시김새를 적절히 활용하여 감정의 깊이를 더한다. 성량이 풍부하여 곡의 각 구절을 힘 있게 전달하며, 호흡을 조절하여 자연스럽고 안정된 흐름을 유지한다. 특히, 그녀의 호흡은 곡의 리듬에 잘 맞아떨어지며, 세마치 장단의 경쾌한 리듬 위에서 유연하게 흐른다. 김민경의 호흡은 곡의 마무리를 장식하며, 서도민요의 전통적인 요소를 잘 살려 장르적 완성도를 높인다. 이러한 요소들이 결합되어 해주 아리랑은 단순한 민요를 넘어서는 매력을 지닌 곡으로 완성된다.","Haeju Arirang is a type of Sinminyo Arirang, a folk music piece that distinctly showcases the characteristics of Seodo Minyo. This song is well-known for its refrain ""Ariari Eolsu,"" which evokes a lively and vibrant atmosphere. The voice of female vocalist Kim Min-kyung serves as a crucial element in the development of the piece. Through her vocalization, she clearly articulates the melody of the song and effectively employs techniques such as sigimsae to enhance the emotional depth. With her rich vocal timbre, she powerfully conveys each phrase of the piece while controlling her breath to maintain a natural and stable flow. Notably, her breathing aligns well with the rhythm of the song, flowing gracefully over the brisk rhythm of the semachi jangdan. Kim Min-kyung's breath adorns the conclusion of the piece, skillfully preserving the traditional elements of Seodo Minyo and elevating the genre's overall completeness. These elements combine to render Haeju Arirang a piece that transcends simple folk music, possessing a captivating charm.","아리아리 얼쑤 아라리요 아리랑 얼씨구 노다가세
아리랑 고개는 웬 고갠가 넘어갈적 넘어올적 눈물이 난다
아리아리 얼쑤 아라리요 아리랑 얼씨구 노다가세
저기 가는 저 아가씨 눈매를 보소 겉눈을 감고서 속눈만 떴네
아리아리 얼쑤 아라리요 아리랑 얼씨구 노다가세
뒷동산 진달래 만발하고 소쩍다 새소리 풍년이라네
아리아리 얼쑤 아라리요 아리랑 얼씨구 노다가세
알뜰살뜰 오순도순 약속을 하고 녹두나물 변하듯 싹 토라졌네
아리아리 얼쑤 아라리요 아리랑 얼씨구 노다가세
비취보라 반보라 송화색 옷감 건너말 큰애기 선사나 할까
아리아리 얼쑤 아라리요 아리랑 얼씨구 노다가세
아리랑 고개는 웬 고갠가 넘어갈적 넘어올적 눈물이 난다
아리아리 얼쑤 아라리요 아리랑 얼씨구 노다가세
저기 가는 저 아가씨 눈매를 보소 겉눈을 감고서 속눈만 떴네
아리아리 얼쑤 아라리요 아리랑 얼씨구 노다가세",아리아리 얼쑤 아라리요 아리랑 얼씨구 노다가세 / 아리랑 고개는 웬 고갠가 넘어갈적 넘어올적 눈물이 난다 / 아리아리 얼쑤 아라리요 아리랑 얼씨구 노다가세 / 저기 가는 저 아가씨 눈매를 보소 겉눈을 감고서 속눈만 떴네 / 아리아리 얼쑤 아라리요 아리랑 얼씨구 노다가세 / 뒷동산 진달래 만발하고 소쩍다 새소리 풍년이라네 / 아리아리 얼쑤 아라리요 아리랑 얼씨구 노다가세 / 알뜰살뜰 오순도순 약속을 하고 녹두나물 변하듯 싹 토라졌네 / 아리아리 얼쑤 아라리요 아리랑 얼씨구 노다가세 / 비취보라 반보라 송화색 옷감 건너말 큰애기 선사나 할까 / 아리아리 얼쑤 아라리요 아리랑 얼씨구 노다가세 / 아리랑 고개는 웬 고갠가 넘어갈적 넘어올적 눈물이 난다 / 아리아리 얼쑤 아라리요 아리랑 얼씨구 노다가세 / 저기 가는 저 아가씨 눈매를 보소 겉눈을 감고서 속눈만 떴네 / 아리아리 얼쑤 아라리요 아리랑 얼씨구 노다가세,15.0,217.82
KC_TM_MF_MY_S000223,병창,민속악,민요,경상도민요,담바귀타령,김세윤,여창,Eb / Cm,굿거리,12/8,125.0,"귀여운(2), 신나는(2), 경쾌한(1), 명랑한(1), 생기 있는(1), 아정한(1), 에너지 넘치는(1), 우아한(1), 유려한(1), 유쾌한(1), 절제된(1), 조화로운(1), 즐거운(1), 편안한(1), 행복한(1), 향토적인(1), 활기찬(1)","시원한(3), 맑은(2), 뻗어 나가는(2), 콧소리 나는(2), 가는(1), 깨끗한(1), 매끄러운(1), 머금은 듯한(1), 비강 울림이 있는(1), 유연한(1), 화사한(1)","담방구타령은 담배를 소재로 한 경상도 민요로, 담배를 심고 피우는 과정과 외세에 대한 풍자를 담고 있다. 이 곡은 경상도민요의 특징이 잘 드러나는 민속악의 한 예로, '담방구'라는 후렴구가 반복되어 흥겨움을 더한다. 여창 가창자 김세윤의 목소리는 이 곡을 이끌어가는 핵심 요소로 작용한다. 김세윤은 곡의 구조에 따라 발성을 조절하며, 시김새를 통해 민요 특유의 감성을 효과적으로 표현한다. 그녀의 성량은 곡의 전개에 따라 변화하며, 굿거리 장단에 맞춰 자연스럽게 흐름을 타는 모습이 돋보인다. 김세윤은 호흡을 잘 조절하여 멜로디의 각 부분에서 적절한 여유를 두며, 이는 곡의 리듬감을 더욱 강조한다. 이러한 호흡의 조절은 곡의 마무리에서도 중요한 역할을 하며, 전체적으로 장르의 완성도를 높이는 데 기여한다.","Dambangutaryeong is a Gyeongsangdo folk song that centers around tobacco, encapsulating the processes of planting and smoking tobacco as well as satire towards foreign powers. This piece serves as an exemplary representation of Gyeongsangdo folk music, with the refrain ""dambanggu"" being repeated to enhance its lively character. The voice of the female vocalist Kim Se-yoon acts as a core element driving the song forward. Kim Se-yoon adjusts her vocalization according to the structure of the piece, effectively conveying the unique emotions of the folk song through her use of sigimsae. Her vocal range varies throughout the progression of the song, and her ability to flow naturally with the gutgeori jangdan stands out. Kim Se-yoon skillfully manages her breath, allowing for appropriate pauses in each section of the melody, which further emphasizes the rhythmic quality of the piece. This control of breath also plays a crucial role in the conclusion of the song, contributing to the overall completeness of the genre.","시작일세 시작일세 담바귀 타령이 시작일세
귀야 귀야 담바귀야 동래나 울산의 담바귀야
너의 국이 어떻길래 대한의 제국을 왜 나왔나
우리 국도 좋건마는 대한의 국을 유람 왔네
은을 주러 나왔느냐 금을 주러 나왔느냐
은도 없고 금도 없고 담바귀 씨를 가지고 왔네
저기 저기 저 산 밑을 슬슬 갈아 엎어 놓고 담바귀 씨를 훌훌 뿌려
낮이면은 찬물을 주고 밤이 되면은 찬이슬 맞아
겉의 겉잎 다 제쳐 놓고 속의 속잎을 잘 길러서
네모 번듯 드는 칼로 어슥비슥이 썰어 놓고
총각의 쌈지도 한 쌈지요 처녀의 쌈지도 한 쌈지라
소상반죽 열 두 마디 수복을 새겨서 맞추어 놓고
청동화로 백탄 불을 이글이글 피워 놓고
담바귀 한 대를 먹고 나니 목구멍 속에 실안개 돈다
또 한 대를 먹고 나니 청룡 황룡이 꿈틀어졌다
시작일세 시작일세 담바귀 타령이 시작일세
귀야 귀야 담바귀야 동래나 울산의 담바귀야
너의 국이 어떻길래 대한의 제국을 왜 나왔나
우리 국도 좋건마는 대한의 국을 유람 왔네
은을 주러 나왔느냐 금을 주러 나왔느냐
은도 없고 금도 없고 담바귀 씨를 가지고 왔네
저기 저기 저 산 밑을 슬슬 갈아 엎어 놓고 담바귀 씨를 훌훌 뿌려
낮이면은 찬물을 주고 밤이 되면은 찬이슬 맞아
겉의 겉잎 다 제쳐 놓고 속의 속잎을 잘 길러서
네모 번듯 드는 칼로 어슥비슥이 썰어 놓고
총각의 쌈지도 한 쌈지요 처녀의 쌈지도 한 쌈지라
소상반죽 열 두 마디 수복을 새겨서 맞추어 놓고
청동화로 백탄 불을 이글이글 피워 놓고
담바귀 한 대를 먹고 나니 목구멍 속에 실안개 돈다
또 한 대를 먹고 나니 청룡 황룡이 꿈틀어졌다",시작일세 시작일세 담바귀 타령이 시작일세 / 귀야 귀야 담바귀야 동래나 울산의 담바귀야 / 너의 국이 어떻길래 대한의 제국을 왜 나왔나 / 우리 국도 좋건마는 대한의 국을 유람 왔네 / 은을 주러 나왔느냐 금을 주러 나왔느냐 / 은도 없고 금도 없고 담바귀 씨를 가지고 왔네 / 저기 저기 저 산 밑을 슬슬 갈아 엎어 놓고 담바귀 씨를 훌훌 뿌려 / 낮이면은 찬물을 주고 밤이 되면은 찬이슬 맞아 / 겉의 겉잎 다 제쳐 놓고 속의 속잎을 잘 길러서 / 네모 번듯 드는 칼로 어슥비슥이 썰어 놓고 / 총각의 쌈지도 한 쌈지요 처녀의 쌈지도 한 쌈지라 / 소상반죽 열 두 마디 수복을 새겨서 맞추어 놓고 / 청동화로 백탄 불을 이글이글 피워 놓고 / 담바귀 한 대를 먹고 나니 목구멍 속에 실안개 돈다 / 또 한 대를 먹고 나니 청룡 황룡이 꿈틀어졌다 / 시작일세 시작일세 담바귀 타령이 시작일세 / 귀야 귀야 담바귀야 동래나 울산의 담바귀야 / 너의 국이 어떻길래 대한의 제국을 왜 나왔나 / 우리 국도 좋건마는 대한의 국을 유람 왔네 / 은을 주러 나왔느냐 금을 주러 나왔느냐 / 은도 없고 금도 없고 담바귀 씨를 가지고 왔네 / 저기 저기 저 산 밑을 슬슬 갈아 엎어 놓고 담바귀 씨를 훌훌 뿌려 / 낮이면은 찬물을 주고 밤이 되면은 찬이슬 맞아 / 겉의 겉잎 다 제쳐 놓고 속의 속잎을 잘 길러서 / 네모 번듯 드는 칼로 어슥비슥이 썰어 놓고 / 총각의 쌈지도 한 쌈지요 처녀의 쌈지도 한 쌈지라 / 소상반죽 열 두 마디 수복을 새겨서 맞추어 놓고 / 청동화로 백탄 불을 이글이글 피워 놓고 / 담바귀 한 대를 먹고 나니 목구멍 속에 실안개 돈다 / 또 한 대를 먹고 나니 청룡 황룡이 꿈틀어졌다,30.0,359.54
KC_TM_MF_MY_S000224,병창,민속악,민요,경상도민요,울산아가씨,김세윤,여창,Db / Bbm,세마치,9/8,300.0,"경쾌한(3), 즐거운(3), 명랑한(2), 유쾌한(2), 평온한(2), 감상적인(1), 그루브감 있는(1), 기품 있는(1), 다이내믹한(1), 다정한(1), 생기 있는(1), 신나는(1), 조화로운(1), 축제적인(1)","시원한(3), 밝은(2), 담백한(1), 매끄러운(1), 여린(1), 정제된(1), 청아한(1), 콧소리 나는(1), 화사한(1)","울산아가씨는 1930년대 이면상이 작곡하고 조영출이 작사한 신민요로, 경상도 민요풍의 선율을 바탕으로 울산 아가씨의 사랑과 애환을 노래하는 민속악의 한 형태이다. 이 곡은 경쾌한 템포와 해학적인 가사가 어우러지며, 경상도민요의 특징이 잘 드러나는 작품이다. 여창 가창자 김세윤의 목소리는 이 곡을 이끌어가는 중요한 요소로, 그녀의 발성은 전통적인 민요의 창법을 충실히 따르며, 시김새를 적절히 활용하여 멜로디의 흐름을 자연스럽게 이어간다. 김세윤은 곡의 각 구절에서 성량을 조절하며, 호흡을 통해 긴장감과 여유를 조화롭게 표현한다. 그녀의 목소리는 세마치 장단의 리듬에 맞춰 유연하게 흐르며, 각 음절을 명확하게 전달하면서도 곡의 전개에 따라 미세한 변화로 리듬감을 고조시킨다. 곡의 마무리 부분에서 김세윤은 호흡을 통해 여운을 남기며, 세마치의 경쾌한 리듬 위에서 곡의 완성도를 높인다. 이러한 요소들은 울산아가씨가 단순한 민요를 넘어서는 독특한 매력을 발산하게 한다.","Ulsan Agassi is a new folk song composed by Lee Myun-sang and with lyrics by Jo Young-chul in the 1930s, which is a form of folk music that sings about the love and sorrows of the Ulsan maiden, based on the melodies of Gyeongsang-do folk songs. This piece features a lively tempo and humorous lyrics, showcasing the characteristics of Gyeongsang-do folk music effectively. The voice of the female vocalist Kim Se-yoon is a crucial element that drives the song, as her vocalization faithfully adheres to traditional folk singing techniques and appropriately utilizes vocal embellishments to create a natural flow in the melody. Kim Se-yoon adjusts her vocal volume in each phrase, harmoniously expressing tension and relaxation through her breath. Her voice flows flexibly with the rhythm of the semachi jangdan, clearly articulating each syllable while subtly enhancing the rhythmic feel according to the song's progression. In the concluding section, Kim Se-yoon leaves a lingering resonance through her breath, elevating the piece's completeness over the lively rhythm of the semachi. These elements contribute to Ulsan Agassi's unique charm that transcends a simple folk song.","동해나 울산은 잣나무 그늘 경개도 좋지만 인심이 좋고요
큰 애기 마음은 열두 폭 치마 실백자 얹어서 전복쌈일세
에헤에에 동해나 울산은 좋기도 하지
울산의 아가씨 거동 좀 보소 임 오실 문전에 쌍초롱 달고요
삽살개 재 놓고 문 밖에 서서 이제나 저제나 기다린다네
에헤에에 울산의 아가씨 유정도 하지
울산의 큰 애기 심정을 보소 가신 임 기다려 애타는 마음
이마에 손 얹고 넋 없이 서서 언제나 오시나 그리운 님아
에헤에에 울산의 큰 애기 초조한 모습
울산의 앞바다 보기도 좋고 새파란 물결에 갈매기 넘실
북소리 두둥둥 쳐울리면서 이여차 닻 감고 떠들어 온다
에헤에에 울산의 풍경이 좋기도 하지
동해나 울산은 잣나무 그늘 경개도 좋지만 인심이 좋고요
큰 애기 마음은 열두 폭 치마 실백자 얹어서 전복쌈일세
에헤에에 동해나 울산은 좋기도 하지
울산의 아가씨 거동 좀 보소 임 오실 문전에 쌍초롱 달고요
삽살개 재 놓고 문 밖에 서서 이제나 저제나 기다린다네
에헤에에 울산의 아가씨 유정도 하지",동해나 울산은 잣나무 그늘 / 경개도 좋지만 인심이 좋고요 / 큰 애기 마음은 열두 폭 치마 / 실백자 얹어서 전복쌈일세 / 에헤에에 / 동해나 울산은 좋기도 하지 / 울산의 아가씨 거동 좀 보소 / 임 오실 문전에 쌍초롱 달고요 / 삽살개 재 놓고 문 밖에 서서 / 이제나 저제나 기다린다네 / 에헤에에 / 울산의 아가씨 유정도 하지 / 울산의 큰 애기 심정을 보소 / 가신 임 기다려 애타는 마음 / 이마에 손 얹고 넋 없이 서서 / 언제나 오시나 그리운 님아 / 에헤에에 / 울산의 큰 애기 초조한 모습 / 울산의 앞바다 보기도 좋고 / 새파란 물결에 갈매기 넘실 / 북소리 두둥둥 쳐울리면서 / 이여차 닻 감고 떠들어 온다 / 에헤에에 / 울산의 풍경이 좋기도 하지 / 동해나 울산은 잣나무 그늘 / 경개도 좋지만 인심이 좋고요 / 큰 애기 마음은 열두 폭 치마 / 실백자 얹어서 전복쌈일세 / 에헤에에 / 동해나 울산은 좋기도 하지 / 울산의 아가씨 거동 좀 보소 / 임 오실 문전에 쌍초롱 달고요 / 삽살개 재 놓고 문 밖에 서서 / 이제나 저제나 기다린다네 / 에헤에에 / 울산의 아가씨 유정도 하지,36.0,262.22
KC_TM_MF_MY_S000225,병창,민속악,민요,제주민요,용천검,채수현,여창,C / Am,세마치,9/8,280.0,"경쾌한(3), 생기 있는(3), 다이내믹한(1), 단아한(1), 명랑한(1), 부드러운(1), 사색적인(1), 신나는(1), 애절한(1), 애정 어린(1), 에너지 넘치는(1), 우울감 있는(1), 유쾌한(1), 진심 어린(1), 평화로운(1)","맑은(3), 매끄러운(2), 고운(1), 날 선(1), 단단한(1), 담백한(1), 비강 울림이 있는(1), 뻗어 나가는(1), 선명한(1), 쇳소리 나는(1), 안쪽에서 울리는(1), 유연한(1), 콧소리 나는(1)","용천검은 제주 민요로, 경기 방아타령과 유사한 사설을 가진 곡이며, 남녀 간의 사랑을 주제로 하고 있다. 이 곡은 제주 소리꾼들에 의해 전승되며, 육지 민요의 영향을 받으면서도 제주 특유의 정서를 잘 담아내고 있다. 여창 가창자 채수현의 목소리는 곡의 주제를 효과적으로 전달하며, 전통적인 제주민요의 창법을 바탕으로 한 섬세한 발성과 시김새가 돋보인다. 그녀의 목소리는 곡의 멜로디를 자연스럽게 표현하며, 각 음절에 적절한 강약을 조절하면서 감정을 전달한다. 채수현은 호흡을 잘 조절하여 긴 구절을 이어가며, 멜로디의 흐름에 따라 유연하게 변화를 주는 모습이 인상적이다. 또한, 세마치 장단 위에서 그녀의 가창은 리듬을 잘 타며, 곡의 구조를 명확하게 드러낸다. 가창자의 호흡은 곡의 마무리를 장식하며, 제주민요의 전통적인 요소를 잘 살려 장르적 완성도를 높인다.","Yongcheonggeom is a Jeju folk song that features lyrics similar to those found in the Gyeonggi Bangataryeong, focusing on the theme of love between men and women. This piece is passed down through Jeju singers and, while influenced by mainland folk songs, effectively captures the unique emotional essence of Jeju. The voice of the female vocalist, Chae Su-hyun, conveys the song's theme effectively, showcasing delicate vocal techniques and nuances based on the traditional Jeju singing style. Her voice naturally expresses the melody, adjusting the dynamics of each syllable to convey emotion. Chae Su-hyun skillfully manages her breath to sustain long phrases, impressively introducing fluid changes in accordance with the melody's flow. Additionally, her singing rides the rhythm of the semachi jangdan, clearly revealing the structure of the piece. The vocalist's breath embellishes the conclusion of the song, enhancing the genre's completeness by preserving the traditional elements of Jeju folk music.","찻던 칼을 쑥 빼고 보니 난데없는 용천의 검이라
에야라 데야 에야라 데야라 방에 방에로다
가면 가고 말면 말지 초신을 신고서 시집을 가나
에야라 데야 에야라 데야라 방에 방에로다
명사십리 해당화야 꽃이 진다고 설워를 마라
에야라 데야 에야라 데야라 방에 방에로다
찻던 칼을 쑥 빼고 보니 난데없는 용천의 검이라
에야라 데야 에야라 데야라 방에 방에로다
가면 가고 말면 말지 초신을 신고서 시집을 가나
에야라 데야 에야라 데야라 방에 방에로다
명사십리 해당화야 꽃이 진다고 설워를 마라
에야라 데야 에야라 데야라 방에 방에로다
찻던 칼을 쑥 빼고 보니 난데없는 용천의 검이라
에야라 데야 에야라 데야라 방에 방에로다",찻던 칼을 쑥 빼고 보니 / 난데없는 용천의 검이라 / 에야라 데야 에야라 데야라 / 방에 방에로다 / 가면 가고 말면 말지 / 초신을 신고서 시집을 가나 / 에야라 데야 에야라 데야라 / 방에 방에로다 / 명사십리 해당화야 / 꽃이 진다고 설워를 마라 / 에야라 데야 에야라 데야라 / 방에 방에로다 / 찻던 칼을 쑥 빼고 보니 / 난데없는 용천의 검이라 / 에야라 데야 에야라 데야라 / 방에 방에로다 / 가면 가고 말면 말지 / 초신을 신고서 시집을 가나 / 에야라 데야 에야라 데야라 / 방에 방에로다 / 명사십리 해당화야 / 꽃이 진다고 설워를 마라 / 에야라 데야 에야라 데야라 / 방에 방에로다 / 찻던 칼을 쑥 빼고 보니 / 난데없는 용천의 검이라 / 에야라 데야 에야라 데야라 / 방에 방에로다,28.0,217.97
KC_TM_MF_MY_S000226,병창,민속악,민요,제주민요,제주베틀가,김민지,여창,F / Dm,5박·8박,3/8,130.0,"명랑한(2), 행복한(2), 귀여운(1), 낭만적인(1), 단아한(1), 따뜻한(1), 생기 있는(1), 신나는(1), 에너지 넘치는(1), 여유로운(1), 유쾌한(1), 평온한(1), 평화로운(1), 해학적인(1), 향토적인(1), 활달한(1), 희망적인(1)","밝은(3), 가는(2), 청아한(2), 고운(1), 맑은(1), 매끄러운(1), 시원한(1), 유연한(1), 화사한(1)","제주베틀가는 제주 여인들이 베를 짜며 부르던 노동요로, 제주민요의 특징이 잘 드러나는 민속악 > 민요 곡이다. 이 곡은 베틀 작업의 지루함을 달래고 고달픈 삶을 노래에 담고 있으며, 반복적인 선율이 특징이다. 여창 가창자 김민지는 이 곡을 통해 제주민요의 전통을 이어가며, 그녀의 목소리는 곡의 흐름을 부드럽게 이끌어간다. 김민지는 발성에서 안정적인 호흡을 유지하며, 시김새를 적절히 사용하여 음의 높낮이를 조절한다. 그녀의 성량은 곡의 리듬에 맞춰 조화롭게 변하며, 각 음절의 발음이 명확하게 전달된다. 김민지는 5박·8박의 리듬 속에서 곡의 구조를 잘 살리며, 호흡을 통해 자연스럽게 멜로디의 흐름을 이어간다. 그녀의 호흡은 곡의 마무리를 장식하며, 제주민요의 전통적인 완성도를 높이는 데 기여한다.","Jeju Betel-ganeun is a labor song sung by the women of Jeju while weaving, and it is a folk music piece that distinctly showcases the characteristics of Jeju folk songs. This piece alleviates the monotony of the weaving work and encapsulates the hardships of life within its lyrics, characterized by a repetitive melody. Female vocalist Kim Min-ji carries on the tradition of Jeju folk songs through this piece, and her voice gently guides the flow of the song. Kim maintains stable breath control in her vocalization and appropriately employs vocal embellishments to adjust the pitch. Her vocal volume harmoniously varies according to the rhythm of the piece, with each syllable articulated clearly. Kim effectively preserves the structure of the song within the 5-beat and 8-beat rhythms, seamlessly continuing the melody through her breath. Her breath embellishes the conclusion of the piece, contributing to the traditional completeness of Jeju folk songs.","오날 날은 해심심 하니 베틀 놀래나 불러를 보자
에 헤야 에이 요오 남도 진오가 산아니지라
하늘 우에 베틀을 놓고 구름을 잡고서 잉어를 건다
에 헤야 에이 요오 남도 진오가 산아니지라
오날 날은 해심심 하니 베틀 놀래나 불러를 보자
에 헤야 에이 요오 남도 진오가 산아니지라
하늘 우에 베틀을 놓고 구름을 잡고서 잉어를 건다
에 헤야 에이 요오 남도 진오가 산아니지라
오날 날은 해심심 하니 베틀 놀래나 불러를 보자
에 헤야 에이 요오 남도 진오가 산아니지라
하늘 우에 베틀을 놓고 구름을 잡고서 잉어를 건다
에 헤야 에이 요오 남도 진오가 산아니지라
오날 날은 해심심 하니 베틀 놀래나 불러를 보자
에 헤야 에이 요오 남도 진오가 산아니지라
하늘 우에 베틀을 놓고 구름을 잡고서 잉어를 건다
에 헤야 에이 요오 남도 진오가 산아니지라",오날 날은 해심심 하니 / 베틀 놀래나 불러를 보자 / 에 헤야 에이 요오 / 남도 진오가 산아니지라 / 하늘 우에 베틀을 놓고 / 구름을 잡고서 잉어를 건다 / 에 헤야 에이 요오 / 남도 진오가 산아니지라 / 오날 날은 해심심 하니 / 베틀 놀래나 불러를 보자 / 에 헤야 에이 요오 / 남도 진오가 산아니지라 / 하늘 우에 베틀을 놓고 / 구름을 잡고서 잉어를 건다 / 에 헤야 에이 요오 / 남도 진오가 산아니지라 / 오날 날은 해심심 하니 / 베틀 놀래나 불러를 보자 / 에 헤야 에이 요오 / 남도 진오가 산아니지라 / 하늘 우에 베틀을 놓고 / 구름을 잡고서 잉어를 건다 / 에 헤야 에이 요오 / 남도 진오가 산아니지라 / 오날 날은 해심심 하니 / 베틀 놀래나 불러를 보자 / 에 헤야 에이 요오 / 남도 진오가 산아니지라 / 하늘 우에 베틀을 놓고 / 구름을 잡고서 잉어를 건다 / 에 헤야 에이 요오 / 남도 진오가 산아니지라,32.0,223.39
KC_TM_MF_MY_S000227,병창,민속악,민요,제주민요,달구소리,김민지,여창,Eb / Cm,굿거리,12/8,130.0,"가볍고 신비로운(2), 경쾌한(2), 명랑한(2), 여유로운(2), 감상적인(1), 다이내믹한(1), 단아한(1), 마음을 울리는(1), 몽환적인(1), 생기 있는(1), 신나는(1), 아정한(1), 애정 어린(1), 즐거운(1), 평화로운(1), 표현적인(1), 행복한(1), 희망적인(1)","밝은(2), 유연한(2), 가는(1), 고운(1), 맑은(1), 선명한(1), 섬세한(1), 여린(1), 콧소리 나는(1), 투명한(1), 화사한(1)","달구소리는 제주민요의 전통을 잘 보여주는 민속악 곡으로, 집터나 묘소를 다질 때 부르는 노동요로서 땅을 단단하게 하고 지신을 밟아 액을 막는 신앙적 의미를 지닌다. 이 곡은 3소박 6박자의 느린 진양조장단으로 시작하여 점차 빨라져 3소박 4박자의 중중모리장단으로 이어지는 구조를 가지고 있으며, 메나리토리 선법이 주로 사용된다. 여창 가창자 김민지의 목소리는 이 곡의 흐름을 자연스럽게 이끌어가며, 발성의 안정성과 함께 각 음을 정확하게 표현한다. 그녀는 선후창 방식으로 메기고 받으며 작업의 능률을 높이는 역할을 수행하고, 시김새를 적절히 사용하여 곡의 전통적인 느낌을 살린다. 김민지의 성량은 곡의 리듬과 잘 어우러지며, 굿거리의 리듬 위에서 유연하게 흐름을 타는 모습이 인상적이다. 그녀의 호흡은 곡의 마무리를 장식하며, 전체적인 장르적 완성도를 높이는 데 기여한다. 이러한 요소들은 달구소리가 단순한 노동요를 넘어 제주민요의 깊이를 전달하는 데 중요한 역할을 한다.","Dalgusori is a folk music piece that exemplifies the traditions of Jeju folk songs, serving as a labor song sung during the process of compacting land for homes or graves, imbued with a spiritual significance of solidifying the earth and warding off misfortune by stepping on the earth deity. This piece begins with a slow Jinyangjo Jangdan in a 3-beat 6/8 time signature and gradually accelerates into a Jungjungmori Jangdan in a 3-beat 4/4 time signature, utilizing the Menaritori scale predominantly. The voice of the female vocalist Kim Min-ji naturally guides the flow of the piece, accurately expressing each note with vocal stability. She employs a call-and-response technique to enhance the efficiency of the work, using appropriate vocal ornamentation to preserve the traditional feel of the piece. Kim Min-ji's vocal range harmonizes well with the rhythm of the song, and her ability to flow gracefully over the rhythm of the gutgeori is particularly striking. Her breath control adorns the conclusion of the piece, contributing to the overall genre's completeness. These elements play a crucial role in conveying the depth of Jeju folk songs, elevating Dalgusori beyond a mere labor song.","어헐덜귀
북망산천도 무조름인가 어헐덜귀
보태여볼까 모지악이라 어헐덜귀
헌제주라 한목더해라 어헐덜귀
놀래꼭지 한목더해라 어헐덜귀
청사초롱에 불 밝혀들고 어헐덜귀
춘향의 방으로 밤소일가자 어헐덜귀
북망산천도 무조름인가 어헐덜귀
보태여볼까 모지악이라 어헐덜귀
헌제주라 한목더해라 어헐덜귀
놀래꼭지 한목더해라 어헐덜귀
청사초롱에 불 밝혀들고 어헐덜귀
춘향의 방으로 밤소일가자 어헐덜귀
북망산천도 무조름인가 어헐덜귀
보태여볼까 모지악이라 어헐덜귀
헌제주라 한목더해라 어헐덜귀
놀래꼭지 한목더해라 어헐덜귀
청사초롱에 불 밝혀들고 어헐덜귀
춘향의 방으로 밤소일가자 어헐덜귀
북망산천도 무조름인가 어헐덜귀
보태여볼까 모지악이라 어헐덜귀
헌제주라 한목더해라 어헐덜귀
놀래꼭지 한목더해라 어헐덜귀
청사초롱에 불 밝혀들고 어헐덜귀
춘향의 방으로 밤소일가자",어헐덜귀 / 북망산천도 무조름인가 어헐덜귀 / 보태여볼까 모지악이라 어헐덜귀 / 헌제주라 한목더해라 어헐덜귀 / 놀래꼭지 한목더해라 어헐덜귀 / 청사초롱에 불 밝혀들고 어헐덜귀 / 춘향의 방으로 밤소일가자 어헐덜귀 / 북망산천도 무조름인가 어헐덜귀 / 보태여볼까 모지악이라 어헐덜귀 / 헌제주라 한목더해라 어헐덜귀 / 놀래꼭지 한목더해라 어헐덜귀 / 청사초롱에 불 밝혀들고 어헐덜귀 / 춘향의 방으로 밤소일가자 어헐덜귀 / 북망산천도 무조름인가 어헐덜귀 / 보태여볼까 모지악이라 어헐덜귀 / 헌제주라 한목더해라 어헐덜귀 / 놀래꼭지 한목더해라 어헐덜귀 / 청사초롱에 불 밝혀들고 어헐덜귀 / 춘향의 방으로 밤소일가자 어헐덜귀 / 북망산천도 무조름인가 어헐덜귀 / 보태여볼까 모지악이라 어헐덜귀 / 헌제주라 한목더해라 어헐덜귀 / 놀래꼭지 한목더해라 어헐덜귀 / 청사초롱에 불 밝혀들고 어헐덜귀 / 춘향의 방으로 밤소일가자,25.0,267.26
KC_TM_MF_MY_S000228,병창,민속악,민요,제주민요,영주십경가,채수현,여창,Eb / Cm,굿거리,12/8,130.0,"평화로운(3), 신비로운(2), 희망찬(2), 경쾌한(1), 낭만적인(1), 다이내믹한(1), 단아한(1), 따뜻한(1), 명랑한(1), 생기 있는(1), 신나는(1), 엄숙한(1), 에너지 넘치는(1), 즐거운(1), 표현적인(1), 해학적인(1), 향수 어린(1), 향토적인(1), 활달한(1)","담백한(2), 매끄러운(2), 콧소리 나는(2), 단단한(1), 머금은 듯한(1), 비강 울림이 있는(1), 선명한(1), 섬세한(1), 쇳소리 나는(1), 탁 트인(1), 화사한(1)","영주십경가는 제주의 아름다운 열 가지 경치를 노래한 제주 창민요로, 제주 무가 서우젯소리의 선율을 바탕으로 발전한 곡이다. 이 곡은 제주의 자연을 예찬하는 서정적인 가사가 특징인 민속악 중에서도 민요 장르에 속한다. 여창 가창자 채수현의 목소리는 이 곡의 서정성을 한층 부각시키며, 그녀의 발성은 곡의 흐름을 부드럽게 이끌어간다. 채수현은 제주민요의 전통적인 창법을 활용하여 시김새를 적절히 구사하며, 각 음을 정교하게 표현한다. 그녀의 성량은 곡의 각 구절에 맞춰 조절되며, 호흡은 자연스럽게 이어져 곡의 전개에 안정감을 준다. 특히, 굿거리 장단 위에서 그녀의 목소리는 리듬과 조화를 이루며, 곡의 흐름을 타고 유연하게 이어진다. 가창자의 호흡은 곡의 마무리에서 여운을 남기며, 제주민요의 전통적 요소를 잘 살려 장르적 완성도를 높인다.","Yeongju Sipgyeongga is a Jeju changminyo that sings the praises of ten beautiful landscapes of Jeju, developed based on the melody of Jeju's shamanistic song, Seoujesori. This piece belongs to the folk music genre, specifically the minyo category, characterized by its lyrical lyrics that celebrate Jeju's natural beauty. The voice of the female vocalist, Chae Su-hyun, accentuates the lyricism of the piece, and her vocalization smoothly guides the flow of the song. Chae Su-hyun employs the traditional singing style of Jeju minyo, skillfully utilizing the nuances of the music while intricately expressing each note. Her vocal volume is adjusted to fit each phrase of the song, and her breath flows naturally, providing stability to the progression of the piece. Notably, her voice harmonizes with the rhythm over the gutgeori jangdan, seamlessly flowing along with the song's development. The vocalist's breath leaves a lingering resonance at the conclusion of the piece, effectively enhancing the genre's completeness while preserving the traditional elements of Jeju minyo.","여기는 여기는 제주나돈데 옛날 옛적 과거지사에
탐라국으로 이름 높아 삼신산도 안개나 속에
아 아하야 어허양 어허요
성산포 일출봉에는 해 뜨는 구경도 마냥도 좋고
사라봉 저 뒷산에는 해 지는 구경도 좋고나 좋다
아 아하야 어허양 어허요
산지포 저 돛배 위에 갈매기만 날고야 날고
고수의 저 말들은 사랑만도 짜고야 논다
아 아하야 어허양 어허요
방선문 저 꽃들에는 선녀들만 놀건마는
가을 달 귤림속에는 원님 사또만 노시는구나
아 아하야 어허양 어허요
여기는 여기는 제주나돈데 옛날 옛적 과거지사에
탐라국으로 이름 높아 삼신산도 안개나 속에
아 아하야 어허양 어허요
성산포 일출봉에는 해 뜨는 구경도 마냥도 좋고
사라봉 저 뒷산에는 해 지는 구경도 좋고나 좋다
아 아하야 어허양 어허요
산지포 저 돛배 위에 갈매기만 날고야 날고
고수의 저 말들은 사랑만도 짜고야 논다
아 아하야 어허양 어허요
방선문 저 꽃들에는 선녀들만 놀건마는
가을 달 귤림속에는 원님 사또만 노시는구나
아 아하야 어허양 어허요",여기는 여기는 제주나돈데 옛날 옛적 과거지사에 / 탐라국으로 이름 높아 삼신산도 안개나 속에 / 아 아하야 어허양 어허요 / 성산포 일출봉에는 해 뜨는 구경도 마냥도 좋고 / 사라봉 저 뒷산에는 해 지는 구경도 좋고나 좋다 / 아 아하야 어허양 어허요 / 산지포 저 돛배 위에 갈매기만 날고야 날고 / 고수의 저 말들은 사랑만도 짜고야 논다 / 아 아하야 어허양 어허요 / 방선문 저 꽃들에는 선녀들만 놀건마는 / 가을 달 귤림속에는 원님 사또만 노시는구나 / 아 아하야 어허양 어허요 / 여기는 여기는 제주나돈데 옛날 옛적 과거지사에 / 탐라국으로 이름 높아 삼신산도 안개나 속에 / 아 아하야 어허양 어허요 / 성산포 일출봉에는 해 뜨는 구경도 마냥도 좋고 / 사라봉 저 뒷산에는 해 지는 구경도 좋고나 좋다 / 아 아하야 어허양 어허요 / 산지포 저 돛배 위에 갈매기만 날고야 날고 / 고수의 저 말들은 사랑만도 짜고야 논다 / 아 아하야 어허양 어허요 / 방선문 저 꽃들에는 선녀들만 놀건마는 / 가을 달 귤림속에는 원님 사또만 노시는구나 / 아 아하야 어허양 어허요,24.0,267.26
KC_TM_MF_MY_S000229,병창,민속악,민요,전래민요,새야새야,이주은,여창,Eb / Cm,,12/4,80.0,"슬픈(2), 쓸쓸한(2), 어두운(2), 절제된(2), 마음을 울리는(1), 시적인(1), 애절한(1), 엄숙한(1), 에너지 넘치는(1), 여유로운(1), 영웅적인(1), 장엄한(1), 평온한(1), 표현적인(1), 향수 어린(1), 향토적인(1)","단단한(3), 담백한(2), 묵직한(2), 걸쭉한(1), 섬세한(1), 쇳소리 나는(1), 힘 있는(1)","새야새야는 '새야 새야 파랑새야'로 시작하는 전래동요로, 민속악의 한 갈래인 전래민요에 속한다. 이 곡은 동학농민운동과 전봉준 장군을 추모하는 의미가 담겨 있으며, 민중들의 슬픔과 저항 의식을 표현하는 구슬픈 노래로 알려져 있다. 여창 가창자 이주은은 이 곡에서 그녀의 목소리로 깊은 감정을 전달하며, 전통적인 창법을 통해 곡을 이끌어간다. 이주은의 발성은 안정적이며, 시김새를 적절히 사용하여 곡의 멜로디를 풍부하게 표현한다. 그녀는 음의 높낮이를 자유롭게 다루며, 각 음절에 감정을 담아내는 섬세한 기법을 선보인다. 성량 또한 적절히 조절되어 곡의 흐름에 맞춰 변화하며, 호흡은 길게 이어져 곡의 각 구절을 자연스럽게 연결한다. 이주은의 호흡은 곡의 전반적인 리듬감을 조화롭게 만들어주며, 마무리 부분에서는 호흡의 여운을 남겨 곡의 완성도를 높인다. 이러한 요소들이 결합되어 이주은의 목소리는 곡의 정수를 이루며, 전래민요의 특성을 잘 드러낸다.","Saeya Saeya is a traditional children's song that begins with the phrase 'Saeya Saeya Parangsaeya,' belonging to the category of folk songs known as jeonrae minyo, which is a branch of folk music. This piece carries the significance of commemorating the Donghak Peasant Movement and General Jeon Bong-jun, and it is known as a poignant song that expresses the sorrow and resistance of the people. The female vocalist Lee Joo-eun conveys deep emotions through her voice in this song, leading the piece with traditional singing techniques. Lee Joo-eun's vocalization is stable, and she appropriately employs sikhimsae to enrich the melody of the song. She skillfully navigates the pitch, showcasing a delicate technique that imbues each syllable with emotion. Her vocal volume is also adjusted suitably, changing in accordance with the flow of the piece, while her breath is sustained, naturally connecting each phrase. Lee Joo-eun's breathing harmonizes the overall rhythmic feel of the song, and in the concluding section, she leaves a lingering breath that enhances the piece's completeness. These elements combine to make Lee Joo-eun's voice the essence of the song, effectively highlighting the characteristics of jeonrae minyo.","새야 새야 파랑새야 녹두밭에 앉지마라
녹두꽃이 떨어지면 청포장수 울고간다
새야새야 파랑새야 녹두남에 앉지마라
녹디꽃이 떨어지면 청포장사 울고가고 두부장사 웃고간다
새야새야 파랑새야 녹두밭에 앉지마라
녹뒤꽃이 떨어지면 청포장수 울고간다
새야 새야 파랑새야 녹두남에 앉지마라
녹디꽃이 떨어지면 청포장사 울고가고 두부장사 웃고간다
새야 새야 파랑새야 녹두밭에 앉지마라
녹두꽃이 떨어지면 청포장수 울고간다",새야 새야 파랑새야 / 녹두밭에 앉지마라 / 녹두꽃이 떨어지면 / 청포장수 울고간다 / 새야새야 파랑새야 / 녹두남에 앉지마라 / 녹디꽃이 떨어지면 / 청포장사 울고가고 / 두부장사 웃고간다 / 새야새야 파랑새야 / 녹두밭에 앉지마라 / 녹뒤꽃이 떨어지면 / 청포장수 울고간다 / 새야 새야 파랑새야 / 녹두남에 앉지마라 / 녹디꽃이 떨어지면 / 청포장사 울고가고 / 두부장사 웃고간다 / 새야 새야 파랑새야 / 녹두밭에 앉지마라 / 녹두꽃이 떨어지면 / 청포장수 울고간다,22.0,204.79
KC_TM_MF_MY_S000230,병창,민속악,민요,전래민요,남생아 놀아라,이주은,여창,Eb / Cm,자진모리,12/8,280.0,"신나는(4), 그루브감 있는(2), 명랑한(2), 에너지 넘치는(2), 해학적인(2), 향토적인(2), 경쾌한(1), 귀여운(1), 다이내믹한(1), 신명난(1), 즐거운(1), 진지한(1), 축제적인(1), 편안한(1), 평온한(1), 행복한(1), 희망적인(1)","담백한(3), 밝은(2), 깨끗한(1), 단단한(1), 매끄러운(1), 묵직한(1), 쇳소리 나는(1), 역동적인(1), 진한(1)","남생아놀아라는 강강술래 놀이 중 하나로, 남생이의 동작을 흉내 내며 노는 여흥 놀이로서, 전래민요의 특징이 잘 드러나는 민속악의 한 예이다. 이 곡은 익살스러운 춤과 노래가 어우러져 놀이판의 흥을 돋우며, 해학적인 가사가 특징이다. 여창 가창자 이주은의 목소리는 이 곡을 신나는 분위기로 이끌어간다. 그녀는 경쾌한 멜로디를 생동감 있게 표현하며, 발성에서 느껴지는 활력은 청중을 자연스럽게 끌어당긴다. 이주은은 시김새를 적절히 사용하여 곡의 흥겨움을 더욱 강조하며, 성량이 넉넉해 곡의 흐름을 안정적으로 유지한다. 호흡은 곡의 리듬에 맞춰 유연하게 이어지며, 특히 자진모리의 빠른 장단 속에서도 긴장을 놓치지 않고 곡의 에너지를 잘 전달한다. 이주은의 호흡은 곡의 마무리에서 자연스럽게 여운을 남기며, 전래민요의 장르적 완성도를 높이는 데 기여한다.","Namsaeng-anora is one of the games from the Ganggangsullae tradition, characterized as a playful activity that mimics the movements of a turtle, showcasing the distinctive features of folk music found in traditional songs. This piece combines humorous dance and song, enhancing the festive atmosphere of the gathering, with lyrics that exhibit a sense of wit. The voice of the female vocalist Lee Joo-eun leads this piece with an exhilarating ambiance. She expressively conveys the lively melody, and the vitality in her vocalization naturally captivates the audience. Lee Joo-eun appropriately employs vocal embellishments to further emphasize the joyousness of the piece, and her ample vocal range maintains a stable flow throughout the performance. Her breath control is flexibly aligned with the rhythm of the piece, particularly in the fast jangdan of the jazinmori, where she skillfully maintains tension and effectively conveys the energy of the music. At the conclusion of the piece, Lee Joo-eun's breath leaves a lingering resonance, contributing to the genre's overall artistic completeness.","남생아 놀아라 촐래촐래가 잘논다 어화색이 저색이 고구 남생 놀아라
윅사 적사 소사리가 내룐다
청주뜨자 아랑주 뜨자 철나무 초야 내 젖가락 나무 접시 구갱캥
개고리 개골청 방죽아래가 왕개골
왕개골을 찾을라면 양팔을 뜩뜩긋고 미나리 방죽을 더듬아
껑자껑자 고사리 대사리 껑자 유자꽁꽁 재미나넘자 아장장장 벌이여
껑자껑자 고사리 대사리 껑자 고사리 껑어 바구니 담고 아산이나 넘자
껑자껑자 고사리 대사리 껑자 송쿠껑어 웃짐얹고 대산이나 넘자
껑자껑자 고사리 대사리 껑자 이산저산 고사리 껑어 선영분배를 허여보세
강강술래 강강술래
남생아 놀아라 촐래촐래가 잘논다 어화색이 저색이 고구 남생 놀아라
윅사 적사 소사리가 내룐다
청주뜨자 아랑주 뜨자 철나무 초야 내 젖가락 나무 접시 구갱캥
개고리 개골청 방죽아래가 왕개골
왕개골을 찾을라면 양팔을 뜩뜩긋고 미나리 방죽을 더듬아
껑자껑자 고사리 대사리 껑자 유자꽁꽁 재미나넘자 아장장장 벌이여
껑자껑자 고사리 대사리 껑자 고사리 껑어 바구니 담고 아산이나 넘자
껑자껑자 고사리 대사리 껑자 송쿠껑어 웃짐얹고 대산이나 넘자
껑자껑자 고사리 대사리 껑자 이산저산 고사리 껑어 선영분배를 허여보세
강강술래 강강술래
남생아 놀아라 촐래촐래가 잘논다 어화색이 저색이 고구 남생 놀아라
윅사 적사 소사리가 내룐다
청주뜨자 아랑주 뜨자 철나무 초야 내 젖가락 나무 접시 구갱캥
개고리 개골청 방죽아래가 왕개골
왕개골을 찾을라면 양팔을 뜩뜩긋고 미나리 방죽을 더듬아
껑자껑자 고사리 대사리 껑자 유자꽁꽁 재미나넘자 아장장장 벌이여
껑자껑자 고사리 대사리 껑자 고사리 껑어 바구니 담고 아산이나 넘자
껑자껑자 고사리 대사리 껑자 송쿠껑어 웃짐얹고 대산이나 넘자
껑자껑자 고사리 대사리 껑자 이산저산 고사리 껑어 선영분배를 허여보세
강강술래 강강술래",남생아 놀아라 촐래촐래가 잘논다 어화색이 저색이 고구 남생 놀아라 / 익사 적사 소사리가 내려온다 / 청주뜨자 아랑주 뜨자 철나무 초야 내 젖가락 나무 접시 구갱캥 / 개고리 개골청 방죽아래가 왕개골 / 왕개골을 찾을라면 양팔을 뜩뜩긋고 미나리 방죽을 더듬아 / 껑자껑자 고사리 대사리 껑자 유자꽁꽁 재미나넘자 아장장장 벌이여 / 껑자껑자 고사리 대사리 껑자 고사리 껑어 바구니 담고 아산이나 넘자 / 껑자껑자 고사리 대사리 껑자 송쿠껑어 웃짐얹고 대산이나 넘자 / 껑자껑자 고사리 대사리 껑자 이산저산 고사리 껑어 선영분배를 허여보세 / 강강술래 강강술래 / 남생아 놀아라 촐래촐래가 잘논다 어화색이 저색이 고구 남생 놀아라 / 익사 적사 소사리가 내려온다 / 청주뜨자 아랑주 뜨자 철나무 초야 내 젖가락 나무 접시 구갱캥 / 개고리 개골청 방죽아래가 왕개골 / 왕개골을 찾을라면 양팔을 뜩뜩긋고 미나리 방죽을 더듬아 / 껑자껑자 고사리 대사리 껑자 유자꽁꽁 재미나넘자 아장장장 벌이여 / 껑자껑자 고사리 대사리 껑자 고사리 껑어 바구니 담고 아산이나 넘자 / 껑자껑자 고사리 대사리 껑자 송쿠껑어 웃짐얹고 대산이나 넘자 / 껑자껑자 고사리 대사리 껑자 이산저산 고사리 껑어 선영분배를 허여보세 / 강강술래 강강술래 / 남생아 놀아라 촐래촐래가 잘논다 어화색이 저색이 고구 남생 놀아라 / 익사 적사 소사리가 내려온다 / 청주뜨자 아랑주 뜨자 철나무 초야 내 젖가락 나무 접시 구갱캥 / 개고리 개골청 방죽아래가 왕개골 / 왕개골을 찾을라면 양팔을 뜩뜩긋고 미나리 방죽을 더듬아 / 껑자껑자 고사리 대사리 껑자 유자꽁꽁 재미나넘자 아장장장 벌이여 / 껑자껑자 고사리 대사리 껑자 고사리 껑어 바구니 담고 아산이나 넘자 / 껑자껑자 고사리 대사리 껑자 송쿠껑어 웃짐얹고 대산이나 넘자 / 껑자껑자 고사리 대사리 껑자 이산저산 고사리 껑어 선영분배를 허여보세 / 강강술래 강강술래,30.0,247.54
KC_TM_MF_MY_S000231,병창,민속악,민요,전래민요,덕석몰자,염경애,여창,Db / Bbm,자진모리,12/8,300.0,"신나는(4), 에너지 넘치는(3), 경쾌한(2), 신명난(2), 향토적인(2), 도취된(1), 마음을 울리는(1), 명랑한(1), 생기 있는(1), 신비로운(1), 여유로운(1), 웅대한(1), 유쾌한(1), 즐거운(1), 축제적인(1), 활기찬(1)","단단한(3), 묵직한(2), 힘 있는(2), 담백한(1), 매끄러운(1), 뻗어 나가는(1), 쇳소리 나는(1), 역동적인(1), 진한(1)","덕석몰자는 전래민요의 일종으로, 민속악 > 민요 장르에 속하는 곡이다. 이 곡은 덕석을 말았다가 풀었다는 동작을 형상화한 집단 놀이로, 협동심과 흥겨움을 강조하며 나선형으로 감기고 풀리는 역동적인 움직임이 특징이다. 여창 가창자 염경애의 목소리는 이 곡의 흥겨운 분위기를 이끌어가는 중요한 요소로 작용한다. 그녀의 발성은 힘차고 경쾌하며, 시김새를 통해 전통적인 민요의 매력을 잘 살린다. 염경애는 곡의 흐름에 맞춰 성량을 조절하며, 각 구절의 멜로디를 생동감 있게 표현한다. 그녀의 호흡은 곡 전반에 걸쳐 안정적이며, 리듬에 맞춰 자연스럽게 이어진다. 자진모리의 경쾌한 리듬 위에서 가창자는 마치 놀이의 즐거움을 전하는 듯한 흐름을 타며, 곡의 마무리 또한 그녀의 호흡이 곡의 완성도를 높이는 데 기여한다. 염경애의 목소리는 덕석몰자의 전통적인 매력을 더욱 부각시키며, 청중에게 신나는 감정을 전달한다.","Deokseokmolja is a type of traditional folk song that belongs to the genre of folk music within the realm of Korean traditional music (Gugak). This piece embodies a collective play that mimics the actions of winding and unwinding a deokseok, emphasizing cooperation and joy, characterized by dynamic movements that spiral and unravel. The voice of the female vocalist, Yeom Gyeong-ae, serves as a crucial element in driving the lively atmosphere of the piece. Her vocalization is powerful and brisk, effectively capturing the charm of traditional folk songs through her use of ornamentation. Yeom Gyeong-ae adjusts her vocal volume in accordance with the flow of the song, expressing each phrase's melody with vividness. Her breath control remains stable throughout the piece, seamlessly aligning with the rhythm. Over the lively rhythm of the jazinmori, the vocalist rides the flow as if conveying the joy of play, and her breath also contributes to the overall completeness of the piece's conclusion. Yeom Gyeong-ae's voice further accentuates the traditional allure of Deokseokmolja, delivering an exhilarating emotion to the audience.","강강술래 강강술래 뛰어보세 뛰어나 보세 강강술래
높은 마당 짚나 지고 강강술래 짚은 마당 높아나 지게 강강술래
욱신욱신 뛰어나 보세 강강술래
날이 좋다고 날맞이 놀면 강강술래 달이 좋다고 달맞이 놀까 강강술래
몰자 몰자 덕석몰자 비온다 덕석 몰자 몰자 몰자 덕석몰자 비온다 덕석 몰자
몰자 몰자 덕석몰자 비온다 덕석 몰자
풀자 풀자 덕석풀자 볕난다 덕석 풀자 풀자 풀자 덕석풀자 볕난다 덕석 풀자
풀자 풀자 덕석풀자 볕난다 덕석 풀자
청청 청어엮자 위도군사 청어엮자 청청 청어엮자 위도군사 청어엮자
청청 청어엮자 위도군사 청어엮자
문지기 문지기 문열어 주소 열쇠 없어 못열겄네
문지기 문지기 문열어 주소 열쇠 없어 못열겄네
문지기 문지기 문열어 주소 열쇠 없어 못열겄네
문지새끼 찔룩짤록 가사리 벗이여 문지새끼 찔룩짤록 가사리 벗이여
문지새끼 찔룩짤록 가사리 벗이여 꼬리따세 우
강강술래 강강술래 뛰어보세 뛰어나 보세 강강술래
높은 마당 짚나 지고 강강술래 짚은 마당 높아나 지게 강강술래
욱신욱신 뛰어나 보세 강강술래
날이 좋다고 날맞이 놀면 강강술래 달이 좋다고 달맞이 놀까 강강술래
몰자 몰자 덕석몰자 비온다 덕석 몰자 몰자 몰자 덕석몰자 비온다 덕석 몰자
몰자 몰자 덕석몰자 비온다 덕석 몰자
풀자 풀자 덕석풀자 볕난다 덕석 풀자 풀자 풀자 덕석풀자 볕난다 덕석 풀자
풀자 풀자 덕석풀자 볕난다 덕석 풀자
청청 청어엮자 위도군사 청어엮자 청청 청어엮자 위도군사 청어엮자
청청 청어엮자 위도군사 청어엮자
문지기 문지기 문열어 주소 열쇠없어 못열겄네
문지기 문지기 문열어 주소 열쇠없어 못열겄네
문지기 문지기 문열어 주소 열쇠없어 못열겄네
문지새끼 찔룩짤록 가사리 벗이여 문지새끼 찔룩짤록 가사리 벗이여
문지새끼 찔룩짤록 가사리 벗이여 꼬리따세 우",강강술래 강강술래 뛰어보세 뛰어나 보세 강강술래 / 높은 마당 짚어나 지고 강강술래 짚은 마당 높아나 지게 강강술래 / 욱신욱신 뛰어나 보세 강강술래 날이 좋다고 날맞이 놀면 강강술래 / 달이 좋다고 달맞이 놀까 강강술래 몰자 몰자 덕석몰자 비온다 덕석 몰자 / 몰자 몰자 덕석몰자 비온다 덕석 몰자 몰자 몰자 덕석몰자 비온다 덕석 몰자 / 풀자 풀자 덕석풀자 볕난다 덕석 풀자 풀자 풀자 덕석풀자 볕난다 덕석 풀자 / 풀자 풀자 덕석풀자 볕난다 덕석 풀자 청청 청어엮자 위도군사 청어엮자 / 청청 청어엮자 위도군사 청어엮자 청청 청어엮자 위도군사 청어엮자 / 문지기 문지기 문열어 주소 열쇠 없어 못열겄네 문지기 문지기 문열어 주소 열쇠 없어 못열겄네 / 문지기 문지기 문열어 주소 열쇠 없어 못열겄네 문지새끼 찔룩짤록 가사리 벗이여 / 문지새끼 찔룩짤록 가사리 벗이여 문지새끼 찔룩짤록 가사리 벗이여 꼬리따세 우 / 강강술래 강강술래 뛰어보세 뛰어나 보세 강강술래 높은 마당 짚어나 지고 강강술래 / 짚은 마당 높아나 지게 강강술래 욱신욱신 뛰어나 보세 강강술래 / 날이 좋다고 날맞이 놀면 강강술래 달이 좋다고 달맞이 놀까 강강술래 / 몰자 몰자 덕석몰자 비온다 덕석 몰자 몰자 몰자 덕석몰자 비온다 덕석 몰자 / 몰자 몰자 덕석몰자 비온다 덕석 몰자 풀자 풀자 덕석풀자 볕난다 덕석 풀자 / 풀자 풀자 덕석풀자 볕난다 덕석 풀자 풀자 풀자 덕석풀자 볕난다 덕석 풀자 / 청청 청어엮자 위도군사 청어엮자 청청 청어엮자 위도군사 청어엮자 / 청청 청어엮자 위도군사 청어엮자 문지기 문지기 문열어 주소 열쇠없어 못열겄네 / 문지기 문지기 문열어 주소 열쇠없어 못열겄네 문지기 문지기 문열어 주소 열쇠없어 못열겄네 / 문지새끼 찔룩짤록 가사리 벗이여 문지새끼 찔룩짤록 가사리 벗이여 / 문지새끼 찔룩짤록 가사리 벗이여 꼬리따세 우,22.0,221.42
KC_TM_MF_MY_S000232,병창,민속악,민요,전래민요,문지기,염경애,여창,Db / Bbm,굿거리,12/8,140.0,"애절한(2), 에너지 넘치는(2), 진지한(2), 경쾌한(1), 그루브감 있는(1), 그리운(1), 기품 있는(1), 몽환적인(1), 장엄한(1), 침울한(1), 편안한(1), 평화로운(1), 표현적인(1), 해학적인(1), 향수 어린(1), 향토적인(1)","묵직한(3), 담백한(2), 머금은 듯한(2), 거친(1), 걸쭉한(1), 공명감 있는(1), 밀도 있는(1), 울리는(1), 진한(1)","문지기는 전래민요의 특징을 잘 드러내는 민속악 장르의 곡으로, 문지기놀이와 관련된 놀이의 재미를 담고 있다. 이 곡은 두 사람이 문을 만들고 다른 사람들이 그 사이를 통과하는 놀이의 상황을 반영하며, '문지기 문지기 문 열어라'라는 문답식 노래가 흥미를 더한다. 여창 가창자 염경애는 이 곡에서 목소리로 강한 존재감을 발휘하며, 전통적인 창법을 통해 곡의 이야기를 생동감 있게 전달한다. 그녀의 발성은 안정적이며, 시김새를 적절히 사용하여 민요의 전통적인 요소를 잘 살린다. 염경애는 멜로디를 표현할 때, 각 음을 뚜렷하게 구분하면서도 자연스럽게 연결하는 방식으로 청중의 귀를 사로잡는다. 그녀의 성량은 곡의 흐름에 따라 유연하게 변화하며, 호흡 조절이 뛰어나 긴 구절에서도 안정적으로 음을 유지하는 모습을 보여준다. 굿거리의 리듬 위에서 염경애는 경쾌한 리듬감을 느끼게 하며, 곡의 진행에 맞춰 유기적으로 흐름을 타는 모습을 보인다. 그녀의 호흡은 곡의 마무리를 장식하며, 전통 민요의 완성도를 높이는 요소로 작용한다.","Munji-gi is a folk music genre that vividly showcases the characteristics of traditional folk songs, encapsulating the playful essence of the Munji-gi game. This piece reflects the playful scenario in which two individuals create a door while others pass through it, enhanced by the call-and-response song 'Munji-gi, Munji-gi, open the door,' which adds to the intrigue. The female vocalist Yeom Gyeong-ae exudes a strong presence with her voice in this piece, conveying the story vibrantly through traditional singing techniques. Her vocalization is stable, and she effectively employs vocal embellishments to highlight the traditional elements of the folk song. When expressing the melody, Yeom Gyeong-ae captures the audience's attention by distinctly separating each note while seamlessly connecting them. Her vocal range flexibly adapts to the flow of the piece, demonstrating excellent breath control that allows her to maintain stability even in long phrases. Over the rhythm of the gutgeori, Yeom Gyeong-ae evokes a lively sense of rhythm, flowing organically with the progression of the piece. Her breath serves to embellish the conclusion of the song, acting as a key element that enhances the completeness of the traditional folk song.","잡었네 잡었네 문지새끼를 잡었네
콩 한나 퐅 한나 땡겼더니 오곡백곡이 절시구 콩콩 전라도 문지새끼를 잡었네
콩 한나 폴 한나 땡겼더니 오곡백곡이 절시구 강강술래
잡었네 잡었네 문지새끼를 잡었네
콩 한나 퐅 한나 땡겼더니 오곡백곡이 절시구 콩콩 전라도 문지새끼를 잡었네
콩 한나 폴 한나 땡겼더니 오곡백곡이 절시구 강강술래 강강술래
잡었네 잡었네 문지새끼를 잡었네
콩 한나 퐅 한나 땡겼더니 오곡백곡이 절시구 콩콩 전라도 문지새끼를 잡었네
콩 한나 폴 한나 땡겼더니 오곡백곡이 절시구 강강술래 강강술래
잡었네 잡었네 문지새끼를 잡었네
콩 한나 퐅 한나 땡겼더니 오곡백곡이 절시구 콩콩 전라도 문지새끼를 잡었네
콩 한나 폴 한나 땡겼더니 오곡백곡이 절시구 강강술래 강강술래",잡었네 잡었네 문지새끼를 잡었네 / 콩 한나 퐅 한나 땡겼더니 오곡백곡이 절시구 / 콩콩 전라도 문지새끼를 잡었네 / 콩 한나 폴 한나 땡겼더니 오곡백곡이 절시구 / 강강술래 강강술래 / 잡었네 잡었네 문지새끼를 잡었네 / 콩 한나 퐅 한나 땡겼더니 오곡백곡이 절시구 / 콩콩 전라도 문지새끼를 잡었네 / 콩 한나 폴 한나 땡겼더니 오곡백곡이 절시구 / 강강술래 강강술래 / 잡었네 잡었네 문지새끼를 잡었네 / 콩 한나 퐅 한나 땡겼더니 오곡백곡이 절시구 / 콩콩 전라도 문지새끼를 잡었네 / 콩 한나 폴 한나 땡겼더니 오곡백곡이 절시구 / 강강술래 강강술래 / 잡었네 잡었네 문지새끼를 잡었네 / 콩 한나 퐅 한나 땡겼더니 오곡백곡이 절시구 / 콩콩 전라도 문지새끼를 잡었네 / 콩 한나 폴 한나 땡겼더니 오곡백곡이 절시구 / 강강술래 강강술래,20.0,207.02
KC_TM_MF_MY_S000233,병창,민속악,민요,전래민요,손치기발치기,염경애,여창,Db / Bbm,휘모리,4/4,260.0,"신나는(5), 그루브감 있는(3), 활기찬(3), 경쾌한(2), 유쾌한(2), 귀여운(1), 명랑한(1), 신명난(1), 표현적인(1), 해학적인(1), 향토적인(1)","진한(2), 걸쭉한(1), 단단한(1), 담백한(1), 두터운(1), 머금은 듯한(1), 밝은(1), 역동적인(1), 울리는(1), 직진의(1), 힘 있는(1)","손치기발치기는 강강술래의 여흥 놀이로, 마주 보고 손뼉을 치거나 발을 차는 동작을 반복하며 즐기는 유희이다. 이 곡은 전래민요의 특징이 잘 드러나는 민속악 > 민요 장르에 속하며, 전통적인 문화유산으로서의 가치를 지닌다. 여창 가창자 염경애의 목소리는 이 곡의 리듬과 분위기를 이끌어가는 중요한 요소이다. 그녀의 가창은 신나는 분위기를 자아내며, 발성과 시김새를 통해 곡의 경쾌한 흐름을 잘 살린다. 염경애는 멜로디를 표현하는 방식에서 자신만의 독특한 스타일을 보여주며, 성량을 적절히 조절하여 곡의 다양한 구간에서 에너지를 유지한다. 호흡 또한 곡의 리듬에 맞춰 자연스럽게 이어져, 청중이 함께 즐길 수 있는 분위기를 조성한다. 휘모리의 리듬 위에서 그녀는 곡의 흐름을 타며, 경쾌한 리듬감과 함께 호흡의 조절로 곡의 마무리를 장식하고, 장르적 완성도를 높인다. 이러한 요소들이 모여 손치기발치기는 단순한 민속악의 범주를 넘어, 사람들을 하나로 묶는 즐거운 여흥의 장을 만들어낸다.","Sonchigibalchigi is a playful activity associated with the traditional Korean group dance, Ganggangsullae, where participants face each other and engage in rhythmic clapping or kicking motions, creating an enjoyable pastime. This piece belongs to the folk music genre, characterized by the traits of traditional folk songs, and holds significant value as a cultural heritage. The voice of the female vocalist, Yeom Gyeong-ae, is a crucial element that drives the rhythm and atmosphere of the piece. Her singing evokes a lively ambiance, skillfully enhancing the song's brisk flow through her vocalization and ornamentation. Yeom Gyeong-ae demonstrates her unique style in the way she expresses the melody, adjusting her vocal volume appropriately to maintain energy across various sections of the piece. Her breath control seamlessly aligns with the rhythm, fostering an atmosphere that allows the audience to partake in the enjoyment. Riding the rhythm of Hwimori, she navigates the flow of the piece, concluding it with a blend of lively rhythm and breath control, thereby elevating the genre's overall completeness. These elements collectively transform Sonchigibalchigi into a delightful celebration that transcends the simple category of folk music, uniting people in joyous revelry.","어디 만큼 간가 당당 멀었네 어디 만큼 간가 당당 멀었네
손치기 손치기 손으로 친다고 손치기
발치기 발치기 발로 친다고 발치기
함박쪽박 시집가 종가래기 나도가
어린것이 어찌가 옹글동글 잘도가
손치기 손치기 손으로 친다고 손치기
발치기 발치기 발로 친다고 발치기
앞산에 북산에 백여시 소금장시 연엽이
연애비 공알 꼭따먹고 연엽이 한테로 장개가
손치기 손치기 손으로 친다고 손치기
발치기 발치기 발로 친다고 발치기
함박쪽박 시집가 종가래기 나도가
어린것이 어찌가 옹글동글 잘도가
손치기 손치기 손으로 친다고 손치기
발치기 발치기 발로 친다고 발치기
앞산에 북산에 백여시 소금장시 연엽이
연애비 공알 꼭따먹고 연엽이 한테로 장개가
손치기 손치기 손으로 친다고 손치기
발치기 발치기 발로 친다고 발치기
함박쪽박 시집가 종가래기 나도가
어린것이 어찌가 옹글동글 잘도가
손치기 손치기 손으로 친다고 손치기
발치기 발치기 발로 친다고 발치기
앞산에 북산에 백여시 소금장시 연엽이
연애비 공알 꼭따먹고 연엽이 한테로 장개가
손치기 손치기 손으로 친다고 손치기
발치기 발치기 발로 친다고 발치기
함박쪽박 시집가 종가래기 나도가
어린것이 어찌가 옹글동글 잘도가
손치기 손치기 손으로 친다고 손치기
발치기 발치기 발로 친다고 발치기
앞산에 북산에 백여시 소금장시 연엽이
연애비 공알 꼭따먹고 연엽이 한테로 장개가
손치기 손치기 손으로 친다고 손치기
발치기 발치기 발로 친다고 발치기
함박쪽박 시집가 종가래기 나도가
어린것이 어찌가 옹글동글 잘도가
손치기 손치기 손으로 친다고 손치기
발치기 발치기 발로 친다고 발치기
앞산에 북산에 백여시 소금장시 연엽이
연애비 공알 꼭따먹고 연엽이 한테로 장개가
손치기 손치기 손으로 친다고 손치기
발치기 발치기 발로 친다고 발치기
함박쪽박 시집가 종가래기 나도가
어린것이 어찌가 옹글동글 잘도가
손치기 손치기 손으로 친다고 손치기
발치기 발치기 발로 친다고 발치기
앞산에 북산에 백여시 소금장시 연엽이
연애비 공알 꼭따먹고 연엽이 한테로 장개가
손치기 손치기 손으로 친다고 손치기
발치기 발치기 발로 친다고 발치기
함박쪽박 시집가 종가래기 나도가
어린것이 어찌가 옹글동글 잘도가
손치기 손치기 손으로 친다고 손치기
발치기 발치기 발로 친다고 발치기
앞산에 북산에 백여시 소금장시 연엽이
연애비 공알 꼭따먹고 연엽이 한테로 장개가",어디 만큼 간가 당당 멀었네 어디 만큼 간가 당당 멀었네 / 손치기 손치기 손으로 친다고 손치기 발치기 발치기 발로 친다고 발치기 / 함박쪽박 시집가 종가래기 나도가 어린것이 어찌가 옹글동글 잘도가 / 손치기 손치기 손으로 친다고 손치기 발치기 발치기 발로 친다고 발치기 / 앞산에 북산에 백여시 소금장시 연엽이 연애비 공알 꼭따먹고 연엽이 한테로 장개가 / 손치기 손치기 손으로 친다고 손치기 발치기 발치기 발로 친다고 발치기 / 함박쪽박 시집가 종가래기 나도가 어린것이 어찌가 옹글동글 잘도가 / 손치기 손치기 손으로 친다고 손치기 발치기 발치기 발로 친다고 발치기 / 앞산에 북산에 백여시 소금장시 연엽이 연애비 공알 꼭따먹고 연엽이 한테로 장개가 / 손치기 손치기 손으로 친다고 손치기 발치기 발치기 발로 친다고 발치기 / 함박쪽박 시집가 종가래기 나도가 어린것이 어찌가 옹글동글 잘도가 / 손치기 손치기 손으로 친다고 손치기 발치기 발치기 발로 친다고 발치기 / 앞산에 북산에 백여시 소금장시 연엽이 연애비 공알 꼭따먹고 연엽이 한테로 장개가 / 손치기 손치기 손으로 친다고 손치기 발치기 발치기 발로 친다고 발치기 / 함박쪽박 시집가 종가래기 나도가 어린것이 어찌가 옹글동글 잘도가 / 손치기 손치기 손으로 친다고 손치기 발치기 발치기 발로 친다고 발치기 / 앞산에 북산에 백여시 소금장시 연엽이 연애비 공알 꼭따먹고 연엽이 한테로 장개가 / 손치기 손치기 손으로 친다고 손치기 발치기 발치기 발로 친다고 발치기 / 함박쪽박 시집가 종가래기 나도가 어린것이 어찌가 옹글동글 잘도가 / 손치기 손치기 손으로 친다고 손치기 발치기 발치기 발로 친다고 발치기 / 앞산에 북산에 백여시 소금장시 연엽이 연애비 공알 꼭따먹고 연엽이 한테로 장개가 / 손치기 손치기 손으로 친다고 손치기 발치기 발치기 발로 친다고 발치기 / 함박쪽박 시집가 종가래기 나도가 어린것이 어찌가 옹글동글 잘도가 / 손치기 손치기 손으로 친다고 손치기 발치기 발치기 발로 친다고 발치기 / 앞산에 북산에 백여시 소금장시 연엽이 연애비 공알 꼭따먹고 연엽이 한테로 장개가 / 손치기 손치기 손으로 친다고 손치기 발치기 발치기 발로 친다고 발치기 / 함박쪽박 시집가 종가래기 나도가 어린것이 어찌가 옹글동글 잘도가 / 손치기 손치기 손으로 친다고 손치기 발치기 발치기 발로 친다고 발치기 / 앞산에 북산에 백여시 소금장시 연엽이 연애비 공알 꼭따먹고 연엽이 한테로 장개가,29.0,216.02
KC_TM_MF_MY_S000234,병창,민속악,민요,경상도향토민요,칭칭이 소리,김민지,여창,Ab / Fm,중중모리,12/8,180.0,"신나는(4), 경쾌한(2), 그루브감 있는(1), 단아한(1), 부드러운(1), 신명난(1), 에너지 넘치는(1), 우아한(1), 유쾌한(1), 즐거운(1), 축제적인(1), 편안한(1), 해학적인(1), 향토적인(1), 활기찬(1), 희망적인(1)","가는(2), 고운(2), 시원한(2), 공명감 있는(1), 깨끗한(1), 매끄러운(1), 밝은(1), 비강 울림이 있는(1), 청아한(1), 투명한(1)","칭칭이 소리는 영남 지방을 중심으로 동부 지역에서 널리 불리는 민요로, '쾌지나 칭칭나네'라는 후렴구에서 명칭이 유래된 경상도향토민요로, 민속악의 특징이 잘 드러나는 곡이다. 이 곡은 중중모리장단으로 시작하여 점차 빨라지는 형식을 취하며, 선후창 구조로 즉흥적인 창작이 가능해 공동체의 신명을 돋우는 유희적 성격이 강하다. 여창 가창자 김민지는 이 곡에서 독특한 창법으로 곡의 흐름을 이끌어간다. 그녀의 목소리는 곡의 경쾌한 분위기를 잘 전달하며, 멜로디를 표현하는 방식에서 시김새를 자유롭게 구사하여 민속적인 정서를 더욱 강조한다. 성량이 풍부하여 중중모리의 리듬을 타고 유연하게 변화를 주며, 호흡 조절을 통해 곡의 긴장감과 재미를 더한다. 특히, 그녀의 호흡은 곡의 마무리를 장식하며, 리듬에 맞춰 자연스럽게 이어지는 흐름을 만들어내어 장르적 완성도를 높인다. 이러한 요소들이 결합되어 칭칭이 소리는 신나는 분위기로 청중을 매료시키는 매력을 지닌다.","Chingching-i sori is a folk song widely sung in the eastern regions of Korea, particularly centered around the Yeongnam area, and derives its name from the refrain ""kwaejina chingchingnane,"" representing a Gyeongsangdo local folk song that distinctly showcases the characteristics of traditional music. This piece begins with a Jungjungmori jangdan and gradually adopts a faster tempo, allowing for an improvisational structure that enhances its playful nature, invigorating the community's spirit. The female vocalist Kim Min-ji leads the flow of the piece with her unique singing style. Her voice effectively conveys the lively atmosphere of the song, and her expressive use of melismatic ornamentation emphasizes the folk sentiment. With a rich vocal timbre, she navigates the rhythm of Jungjungmori flexibly, adding variations and enhancing the tension and enjoyment of the piece through breath control. Notably, her breathwork embellishes the conclusion of the song, creating a seamless flow that aligns with the rhythm, thereby elevating the genre's overall completeness. These elements combine to give Chingching-i sori a captivating charm that enthralls the audience with its exhilarating ambiance.","칭이나 칭칭나네 칭이나 칭칭나네
얼씨구나 좋을씨고 칭이나 칭칭나네
지화자자 좋을씨고 칭이나 칭칭나네
동해 동천 뜨는 해가 칭이나 칭칭나네
서해 서산을 넘어가고 칭이나 칭칭나네
월출동령에 달떠온다 칭이나 칭칭나네
칭이나 칭칭나네 칭이나 칭칭나네
얼씨구나 좋을씨고 칭이나 칭칭나네
지화자자 좋을씨고 칭이나 칭칭나네
동해 동천 뜨는 해가 칭이나 칭칭나네
서해 서산을 넘어가고 칭이나 칭칭나네
월출동령에 달떠온다 칭이나 칭칭나네
칭이나 칭칭나네 칭이나 칭칭나네
얼씨구나 좋을씨고 칭이나 칭칭나네
지화자자 좋을씨고 칭이나 칭칭나네
동해 동천 뜨는 해가 칭이나 칭칭나네
서해 서산을 넘어가고 칭이나 칭칭나네
월출동령에 달떠온다 칭이나 칭칭나네
칭이나 칭칭나네 칭이나 칭칭나네
얼씨구나 좋을씨고 칭이나 칭칭나네
지화자자 좋을씨고 칭이나 칭칭나네
동해 동천 뜨는 해가 칭이나 칭칭나네
서해 서산을 넘어가고 칭이나 칭칭나네
월출동령에 달떠온다 칭이나 칭칭나네
칭이나 칭칭나네 칭이나 칭칭나네
얼씨구나 좋을씨고 칭이나 칭칭나네
지화자자 좋을씨고 칭이나 칭칭나네
동해 동천 뜨는 해가 칭이나 칭칭나네
서해 서산을 넘어가고 칭이나 칭칭나네
월출동령에 달떠온다 칭이나 칭칭나네",칭이나 칭칭나네 칭이나 칭칭나네 얼씨구나 좋을씨고 칭이나 칭칭나네 / 지화자자 좋을씨고 칭이나 칭칭나네 동해 동천 뜨는 해가 칭이나 칭칭나네 / 서해 서산을 넘어가고 칭이나 칭칭나네 월출동령에 달떠온다 칭이나 칭칭나네 / 칭이나 칭칭나네 칭이나 칭칭나네 얼씨구나 좋을씨고 칭이나 칭칭나네 / 지화자자 좋을씨고 칭이나 칭칭나네 동해 동천 뜨는 해가 칭이나 칭칭나네 / 서해 서산을 넘어가고 칭이나 칭칭나네 월출동령에 달떠온다 칭이나 칭칭나네 / 칭이나 칭칭나네 칭이나 칭칭나네 얼씨구나 좋을씨고 칭이나 칭칭나네 / 지화자자 좋을씨고 칭이나 칭칭나네 동해 동천 뜨는 해가 칭이나 칭칭나네 / 서해 서산을 넘어가고 칭이나 칭칭나네 월출동령에 달떠온다 칭이나 칭칭나네 / 칭이나 칭칭나네 칭이나 칭칭나네 얼씨구나 좋을씨고 칭이나 칭칭나네 / 지화자자 좋을씨고 칭이나 칭칭나네 동해 동천 뜨는 해가 칭이나 칭칭나네 / 서해 서산을 넘어가고 칭이나 칭칭나네 월출동령에 달떠온다 칭이나 칭칭나네 / 칭이나 칭칭나네 칭이나 칭칭나네 얼씨구나 좋을씨고 칭이나 칭칭나네 / 지화자자 좋을씨고 칭이나 칭칭나네 동해 동천 뜨는 해가 칭이나 칭칭나네 / 서해 서산을 넘어가고 칭이나 칭칭나네 월출동령에 달떠온다 칭이나 칭칭나네,15.0,241.03
KC_TM_MF_MY_S000235,병창,민속악,민요,경상도향토민요,자진칭칭이소리,김민지,여창,Ab / Fm,자진모리,12/8,260.0,"경쾌한(3), 신나는(3), 신명난(2), 귀여운(1), 그루브감 있는(1), 생기 있는(1), 여유로운(1), 유려한(1), 유쾌한(1), 잔잔한(1), 즐거운(1), 편안한(1), 평온한(1), 표현적인(1), 행복한(1), 향토적인(1)","깨끗한(4), 맑은(3), 유연한(3), 가는(2)","자진칭칭이소리는 경상도향토민요의 전통을 잘 반영한 민속악의 일종으로, 사람들이 모여 즐거운 시간을 보내며 메기고 받는 형식으로 불려진다. 이 곡은 느린 템포에서 시작하여 점차 흥이 고조되며 빠른 장단으로 이어지는 구조를 가지고 있으며, 이러한 특징은 경상도 민속의 생동감을 잘 전달한다. 여창 가창자 김민지는 이 곡에서 깨끗한 음색으로 곡의 흐름을 이끌어간다. 그녀의 목소리는 맑고 투명하며, 발성은 안정적이고 선명하다. 김민지는 시김새를 적절히 사용하여 전통적인 민요의 표현력을 살리며, 곡의 감정을 효과적으로 전달한다. 성량은 적절하게 조절되어 곡의 각 구절에 맞게 변화하며, 호흡은 자연스럽고 유연하게 이어진다. 자진모리 장단의 리듬 위에서 김민지는 빠른 템포에서도 안정적인 흐름을 유지하며, 곡의 전체적인 리듬감을 강조한다. 그녀의 호흡은 곡의 마무리 부분에서 특히 중요한 역할을 하며, 청중에게 여운을 남기고 곡의 완성도를 높이는 데 기여한다.","The ""Jajin Chingching-i"" sound is a type of folk music that well reflects the traditions of Gyeongsangdo's local songs, performed in a call-and-response format as people gather to enjoy a lively time together. This piece begins with a slow tempo and gradually builds in excitement, transitioning into a faster Jangdan structure, effectively conveying the vibrancy of Gyeongsangdo's folk culture. The female vocalist Kim Min-ji leads the flow of the piece with her clear timbre. Her voice is bright and transparent, with stable and distinct vocalization. Kim Min-ji appropriately employs vocal embellishments to enhance the expressiveness of traditional folk songs, effectively conveying the emotions of the piece. Her vocal volume is adjusted suitably to vary with each phrase, and her breath control is natural and fluid. Over the rhythm of the Jajinmori Jangdan, Kim Min-ji maintains a stable flow even at a fast tempo, emphasizing the overall rhythmic quality of the piece. Her breath plays a particularly crucial role in the concluding section, leaving a lingering impression on the audience and contributing to the piece's overall completeness.","칭이나 칭칭나네 칭이나 칭칭나네
우리모두 잘도노네 칭이나 칭칭나네
곁에 사람은 보기나 좋게 칭이나 칭칭나네
먼데 사람은 듣기 좋게 칭이나 칭칭나네
껑충껑충도 잘도뛴다 칭이나 칭칭나네
칭이나 칭칭나네 칭이나 칭칭나네
우리모두 잘도노네 칭이나 칭칭나네
곁에 사람은 보기나 좋게 칭이나 칭칭나네
먼데 사람은 듣기 좋게 칭이나 칭칭나네
껑충껑충도 잘도뛴다 칭이나 칭칭나네칭이나 칭칭나네 칭이나 칭칭나네
우리모두 잘도노네 칭이나 칭칭나네
곁에 사람은 보기나 좋게 칭이나 칭칭나네
먼데 사람은 듣기 좋게 칭이나 칭칭나네
껑충껑충도 잘도뛴다 칭이나 칭칭나네칭이나 칭칭나네 칭이나 칭칭나네
우리모두 잘도노네 칭이나 칭칭나네
곁에 사람은 보기나 좋게 칭이나 칭칭나네
먼데 사람은 듣기 좋게 칭이나 칭칭나네
껑충껑충도 잘도뛴다 칭이나 칭칭나네칭이나 칭칭나네 칭이나 칭칭나네
우리모두 잘도노네 칭이나 칭칭나네
곁에 사람은 보기나 좋게 칭이나 칭칭나네
먼데 사람은 듣기 좋게 칭이나 칭칭나네
껑충껑충도 잘도뛴다 칭이나 칭칭나네칭이나 칭칭나네 칭이나 칭칭나네
우리모두 잘도노네 칭이나 칭칭나네
곁에 사람은 보기나 좋게 칭이나 칭칭나네
먼데 사람은 듣기 좋게 칭이나 칭칭나네
껑충껑충도 잘도뛴다 칭이나 칭칭나네칭이나 칭칭나네 칭이나 칭칭나네
우리모두 잘도노네 칭이나 칭칭나네
곁에 사람은 보기나 좋게 칭이나 칭칭나네
먼데 사람은 듣기 좋게 칭이나 칭칭나네
껑충껑충도 잘도뛴다 칭이나 칭칭나네칭이나 칭칭나네 칭이나 칭칭나네
우리모두 잘도노네 칭이나 칭칭나네
곁에 사람은 보기나 좋게 칭이나 칭칭나네
먼데 사람은 듣기 좋게 칭이나 칭칭나네
껑충껑충도 잘도뛴다 칭이나 칭칭나네칭이나 칭칭나네 칭이나 칭칭나네
우리모두 잘도노네 칭이나 칭칭나네
곁에 사람은 보기나 좋게 칭이나 칭칭나네
먼데 사람은 듣기 좋게 칭이나 칭칭나네
껑충껑충도 잘도뛴다 칭이나 칭칭나네",칭이나 칭칭나네 칭이나 칭칭나네 / 우리모두 잘도노네 칭이나 칭칭나네 / 곁에 사람은 보기나 좋게 칭이나 칭칭나네 / 먼데 사람은 듣기 좋게 칭이나 칭칭나네 / 껑충껑충도 잘도뛴다 칭이나 칭칭나네 / 칭이나 칭칭나네 칭이나 칭칭나네 / 우리모두 잘도노네 칭이나 칭칭나네 / 곁에 사람은 보기나 좋게 칭이나 칭칭나네 / 먼데 사람은 듣기 좋게 칭이나 칭칭나네 / 껑충껑충도 잘도뛴다 칭이나 칭칭나네 / 칭이나 칭칭나네 칭이나 칭칭나네 / 우리모두 잘도노네 칭이나 칭칭나네 / 곁에 사람은 보기나 좋게 칭이나 칭칭나네 / 먼데 사람은 듣기 좋게 칭이나 칭칭나네 / 껑충껑충도 잘도뛴다 칭이나 칭칭나네 / 칭이나 칭칭나네 칭이나 칭칭나네 / 우리모두 잘도노네 칭이나 칭칭나네 / 곁에 사람은 보기나 좋게 칭이나 칭칭나네 / 먼데 사람은 듣기 좋게 칭이나 칭칭나네 / 껑충껑충도 잘도뛴다 칭이나 칭칭나네 / 칭이나 칭칭나네 칭이나 칭칭나네 / 우리모두 잘도노네 칭이나 칭칭나네 / 곁에 사람은 보기나 좋게 칭이나 칭칭나네 / 먼데 사람은 듣기 좋게 칭이나 칭칭나네 / 껑충껑충도 잘도뛴다 칭이나 칭칭나네 / 칭이나 칭칭나네 칭이나 칭칭나네 / 우리모두 잘도노네 칭이나 칭칭나네 / 곁에 사람은 보기나 좋게 칭이나 칭칭나네 / 먼데 사람은 듣기 좋게 칭이나 칭칭나네 / 껑충껑충도 잘도뛴다 칭이나 칭칭나네 / 칭이나 칭칭나네 칭이나 칭칭나네 / 우리모두 잘도노네 칭이나 칭칭나네 / 곁에 사람은 보기나 좋게 칭이나 칭칭나네 / 먼데 사람은 듣기 좋게 칭이나 칭칭나네 / 껑충껑충도 잘도뛴다 칭이나 칭칭나네 / 칭이나 칭칭나네 칭이나 칭칭나네 / 우리모두 잘도노네 칭이나 칭칭나네 / 곁에 사람은 보기나 좋게 칭이나 칭칭나네 / 먼데 사람은 듣기 좋게 칭이나 칭칭나네 / 껑충껑충도 잘도뛴다 칭이나 칭칭나네 / 칭이나 칭칭나네 칭이나 칭칭나네 / 우리모두 잘도노네 칭이나 칭칭나네 / 곁에 사람은 보기나 좋게 칭이나 칭칭나네 / 먼데 사람은 듣기 좋게 칭이나 칭칭나네 / 껑충껑충도 잘도뛴다 칭이나 칭칭나네,45.0,249.84
KC_TM_MF_MY_S000236,남도,민속악,민요,전라도 향토민요,거문도 뱃노래,조정희,여창,E / Dbm,굿거리,12/8,140.0,"향토적인(4), 진지한(3), 그리운(2), 공포스러운(1), 기품 있는(1), 비통한(1), 슬픈(1), 쓸쓸한(1), 애절한(1), 어두운(1), 엄숙한(1), 우울감 있는(1), 우울한(1), 절제된(1), 즐거운(1), 침울한(1), 향수 어린(1)","걸쭉한(2), 묵직한(2), 밀도 있는(2), 울리는(2), 진한(2), 힘 있는(2), 거친(1), 고운(1), 공명감 있는(1), 긁히는(1), 단단한(1), 두터운(1), 머금은 듯한(1), 비강 울림이 있는(1), 뻗어 나가는(1), 쇳소리 나는(1), 역동적인(1), 유연한(1)","거문도 뱃노래는 전남 거문도 어민들이 고기를 잡으며 부르는 노동요로, 400년 이상의 역사를 지닌 전라도 향토민요의 대표적인 예이다. 이 곡은 어민들의 삶과 애환을 생생하게 담아내어, 그들의 일상적인 뱃일 과정을 잘 표현하고 있다. 여창 가창자 조정희의 목소리는 이 곡의 정수를 이끌어내며, 전통적인 창법으로 곡의 매력을 극대화한다. 그녀의 발성은 명확하고 힘이 있으며, 전통적인 시김새를 통해 곡의 감정을 더욱 풍부하게 전달한다. 조정희는 호흡을 잘 조절하며 멜로디의 흐름을 자연스럽게 이어가고, 굿거리 장단에 맞춰 리드미컬하게 흐름을 타는 모습이 인상적이다. 그녀의 목소리는 곡의 리듬에 잘 어우러져, 듣는 이로 하여금 향토적인 분위기를 느끼게 한다. 또한, 조정희의 호흡은 곡의 마무리를 부드럽게 장식하며, 전통 민요의 완성도를 높이는 데 기여한다. 이러한 요소들이 결합되어, 거문도 뱃노래는 단순한 노동요를 넘어 지역의 역사와 문화를 전하는 소중한 유산으로 자리매김한다.","The Geomundo Boat Song is a labor song sung by fishermen from Geomundo, Jeollanam-do, while they catch fish, representing a prime example of Jeolla-do's local folk songs with a history spanning over 400 years. This piece vividly captures the joys and sorrows of the fishermen's lives, effectively expressing their daily routines at sea. The voice of the female vocalist Jo Jeong-hee brings out the essence of the song, maximizing its appeal through traditional singing techniques. Her vocalization is clear and powerful, and through traditional embellishments, she conveys the emotions of the piece more richly. Jo Jeong-hee skillfully manages her breath, seamlessly connecting the flow of the melody, and her rhythmic delivery in accordance with the Gutgeori Jangdan is particularly impressive. Her voice harmonizes well with the song's rhythm, allowing listeners to feel the local atmosphere. Additionally, Jo Jeong-hee's breath gently adorns the conclusion of the piece, contributing to the overall quality of the traditional folk song. These elements combine to establish the Geomundo Boat Song as a valuable heritage that transcends a mere labor song, conveying the region's history and culture.","어야 뒤야 어야 뒤야
어기여차 어서가자 어야 뒤야 가자가자 어서가자 어야 뒤야
어장터로 어서가세 어야 뒤야 어기여차 뒤여라 어야 뒤여라
어야 뒤야 어야 뒤야
앞산은 점점 가까워지고 어야 뒤야 뒷산은 점점 멀어만기네 어야 뒤야
여보소 노를 힘차게 젓소 어야 뒤야 오늘을 대릿물이 너무나 많으네 어야 뒤야
어기여라 뒤여라 어야 뒤여라 어야 뒤야 어야 뒤야
배추밭 끝에가 물이 실건데 어야 뒤야 무징게 끝을 언제나 갈꺼나 어야 뒤야
우리 노꾼들 힘차게 젓소 어야 뒤야 썰물때도 다되어 가네 어야 뒤야
어서 한바지 떠 보세 어야 뒤야 어기여차차 지화자 좋네 어야 뒤야
어야뒤야 어야 뒤야 어야 뒤야 어야 뒤야
어야 뒤야 어야 뒤야
어기여차 어서가세 어야 뒤야 가자가자 어서가자 어야 뒤야
어장터로 어서가세 어야 뒤야 어기여차차 지화자 좋네 어야 뒤야
어기여차 뒤여라 어야 뒤여라
어야 뒤야 어야 뒤야",어야 뒤야 어야 뒤야 / 어기여차 어서가자 어야 뒤야 / 가자가자 어서가자 어야 뒤야 / 어장터로 어서가세 어야 뒤야 / 어기여차 뒤여라 어야 뒤여라 / 어야 뒤야 어야 뒤야 / 앞산은 점점 가까워지고 어야 뒤야 / 뒷산은 점점 멀어만기네 어야 뒤야 / 여보소 노를 힘차게 젓소 어야 뒤야 / 오늘을 대릿물이 너무나 많으네 어야 뒤야 / 어기여라 뒤여라 어야 뒤여라 / 어야 뒤야 어야 뒤야 / 배추밭 끝에가 물이 실건데 어야 뒤야 / 무징게 끝을 언제나 갈꺼나 어야 뒤야 / 우리 노꾼들 힘차게 젓소 어야 뒤야 / 썰물때도 다되어 가네 어야 뒤야 / 어서 한바지 떠 보세 어야 뒤야 / 어기여차차 지화자 좋네 어야 뒤야 / 어야 뒤야 어야 뒤야 / 어기여차 어서가세 어야 뒤야 / 가자가자 어서가자 어야 뒤야 / 어장터로 어서가세 어야 뒤야 / 어기여차차 지화자 좋네 어야 뒤야 / 어기여차 뒤여라 어야 뒤여라 / 어야 뒤야 어야 뒤야,25.0,259.97
KC_TM_MF_MY_S000237,병창,민속악,민요,제주도 향토민요,서우젯소리,채수현,여창,Db / Bbm,굿거리,12/8,130.0,"그루브감 있는(3), 신나는(3), 즐거운(3), 유쾌한(2), 가볍고 신비로운(1), 다이내믹한(1), 명랑한(1), 부드러운(1), 애절한(1), 우아한(1), 잔잔한(1), 표현적인(1), 희망찬(1)","밝은(2), 시원한(2), 청아한(2), 맑은(1), 매끄러운(1), 밀도 있는(1), 비강 울림이 있는(1), 울리는(1), 유연한(1), 투명한(1)","서우젯소리는 제주도 무가에서 유래하여 노동요나 유희요로 널리 불리는 민요로, 제주도 향토민요의 특징을 잘 드러내는 곡이다. 이 곡은 '서우제'라는 후렴구가 두드러지며, 제주 사람들의 신앙과 생활 속에 깊이 뿌리박혀 전승되어온 민속악이다. 여창 가창자 채수현의 목소리는 이 곡을 이끌어가는 중요한 요소로, 그녀의 발성은 전통적인 창법을 기반으로 하여 자연스럽고 유려하게 멜로디를 표현한다. 채수현은 시김새를 적절히 사용하여 곡의 감정을 전달하며, 각 음절의 발음을 명확히 하여 청중이 쉽게 따라 부를 수 있도록 돕는다. 그녀의 성량은 곡의 흐름에 맞춰 조절되며, 강약이 뚜렷하게 나타나 청중의 귀를 사로잡는다. 호흡 또한 곡의 구조에 맞춰 안정적으로 유지되며, 필요한 부분에서는 짧은 호흡으로 긴장감을 주고, 여유 있는 호흡으로 부드러운 흐름을 만들어낸다. 굿거리의 리듬 위에서 채수현은 곡의 리듬을 타며 자연스럽게 음악의 흐름을 이어가고, 그녀의 호흡은 곡의 마무리를 장식하며 장르적 완성도를 높인다. 전체적으로 채수현의 가창은 서우젯소리의 전통적 요소를 잘 살리면서도 현대적인 감각을 더해주는 역할을 한다.","Seoujesori is a folk song that originated from the shamanistic music of Jeju Island, widely sung as a labor song or for entertainment, and it distinctly showcases the characteristics of Jeju's local folk music. This piece prominently features the refrain ""Seouje,"" deeply rooted in the faith and daily life of the people of Jeju, having been passed down through generations. The voice of the female vocalist Chae Su-hyun serves as a crucial element in guiding this piece, as her vocalization is based on traditional singing techniques, expressing the melody in a natural and fluid manner. Chae Su-hyun effectively employs various vocal embellishments to convey the emotions of the song, ensuring that the pronunciation of each syllable is clear, thus aiding the audience in easily joining in. Her vocal strength is adjusted in accordance with the flow of the piece, with distinct contrasts in dynamics that capture the audience's attention. Additionally, her breath control is maintained steadily in line with the structure of the song, providing tension with short breaths when necessary and creating a smooth flow with more relaxed breathing. Riding on the rhythm of the gutgeori, Chae Su-hyun seamlessly continues the musical flow, and her breathing beautifully concludes the piece, enhancing its genre-specific completeness. Overall, Chae Su-hyun's singing not only preserves the traditional elements of Seoujesori but also adds a modern sensibility.","아 아양 어허어양 어허요
어여차 디여차 서우제 소리로 넘어간다
아 아양 어허어양 어허요
들물 나면 서이와당 썰물나면 동이와당
아 아양 어허어양 어허요
칠성판을 등에 지고 혼백상을 머리에 잉어
아 아양 어허어양 어허요
두렁박을 가슴에 안고 시퍼렁한 저바다로
아 아양 어허어양 어허요
치를 잡아 가실적에 서낭일월이 앞을삼앙
아하 아양 어허양 어허요
아 아양 어허어양 어허요
어여차 디여차 서우제 소리로 넘어간다
아 아양 어허어양 어허요
들물 나면 서이와당 썰물나면 동이와당
아 아양 어허어양 어허요
칠성판을 등에 지고 혼백상을 머리에 잉어
아 아양 어허어양 어허요
두렁박을 가슴에 안고 시퍼렁한 저바다로
아 아양 어허어양 어허요
치를 잡아 가실적에 서낭일월이 앞을삼앙
아하 아양 어허양 어허요",아 아양 어허어양 어허요 / 어여차 디여차 서우제 소리로 넘어간다 / 아 아양 어허어양 어허요 / 들물 나면 서이와당 썰물나면 동이와당 / 아 아양 어허어양 어허요 / 칠성판을 등에 지고 혼백상을 머리에 잉어 / 아 아양 어허어양 어허요 / 두렁박을 가슴에 안고 시퍼렁한 저바다로 / 아 아양 어허어양 어허요 / 치를 잡아 가실적에 서낭일월이 앞을삼앙 / 아하 아양 어허양 어허요 / 아 아양 어허어양 어허요 / 어여차 디여차 서우제 소리로 넘어간다 / 아 아양 어허어양 어허요 / 들물 나면 서이와당 썰물나면 동이와당 / 아 아양 어허어양 어허요 / 칠성판을 등에 지고 혼백상을 머리에 잉어 / 아 아양 어허어양 어허요 / 두렁박을 가슴에 안고 시퍼렁한 저바다로 / 아 아양 어허어양 어허요 / 치를 잡아 가실적에 서낭일월이 앞을삼앙 / 아하 아양 어허양 어허요,22.0,245.11
KC_TM_MF_MY_S000238,경기,민속악,민요,경기잡가,장기타령,성슬기,여창,C / Am,자진타령,12/8,240.0,"귀여운(2), 명랑한(2), 해학적인(2), 경쾌한(1), 단아한(1), 따뜻한(1), 부드러운(1), 서사적인(1), 신나는(1), 아정한(1), 우아한(1), 우울감 있는(1), 절제된(1), 즐거운(1), 평온한(1), 평화로운(1), 표현적인(1), 향수 어린(1), 향토적인(1)","담백한(2), 매끄러운(2), 밝은(2), 섬세한(2), 유연한(2), 고운(1), 깨끗한(1), 맑은(1), 선명한(1), 울리는(1), 화사한(1)","장기타령은 경기잡가의 특징을 잘 드러내는 민속악의 민요로, 장기를 두는 모습과 중국 고사를 엮어 부르는 곡이다. 이 곡은 산타령의 영향을 받아 흥겹고 씩씩한 선율로 전개되며, 장기판의 승부를 인생사에 비유한 해학적인 가사가 인상적이다. 여창 가창자 성슬기는 이 곡의 흐름을 이끌어가는 데 있어 그 목소리의 발성과 시김새를 통해 독특한 매력을 발산한다. 그녀는 전통적인 창법을 바탕으로 안정적인 성량을 유지하며, 고음과 저음을 자유롭게 오가는 기교로 멜로디를 표현한다. 시김새를 적절히 활용하여 가사의 의미를 더욱 강조하며, 각 구절마다 호흡을 잘 조절하여 자연스러운 흐름을 만들어낸다. 자진타령의 빠른 리듬 위에서 성슬기의 목소리는 경쾌하게 움직이며, 리듬의 변화에 맞춰 유연하게 변주된다. 그녀의 호흡은 곡의 마무리에서 여운을 남기며, 전반적인 장르적 완성도를 높이는 데 기여한다.","Janggitaryeong is a folk song that vividly showcases the characteristics of Gyeonggi Jangga, intertwining the imagery of playing Janggi (Korean chess) with narratives from Chinese folklore. This piece unfolds with a lively and spirited melody influenced by Santaryeong, and its humorous lyrics, which liken the competition on the Janggi board to the vicissitudes of life, leave a lasting impression. The female vocalist Seong Seulgi uniquely captivates the audience through her vocalization and ornamentation, guiding the flow of the song. She maintains a stable vocal range based on traditional singing techniques, expressing the melody with agility as she effortlessly transitions between high and low notes. By skillfully employing ornamentation, she further emphasizes the meaning of the lyrics, managing her breath well to create a natural flow in each phrase. Over the brisk rhythm of Jajin Taryeong, Seong Seulgi's voice moves with buoyancy, flexibly varying in response to changes in rhythm. Her breath leaves a lingering resonance at the conclusion of the piece, contributing to the overall genre's completeness.","날아든다 떠든다 오호로 날아든다
범려는 간 곳 없고 백빈주 갈매기는 홍요안으로 날아 들고 한산사 찬 바람에 객선이 두둥둥 에화 날아 지화자 에
아아 에 에헤요 아하 어허야 얼싸함마 두둥둥 내사랑이로다 에
계명산 내린 줄기 학의 등에 터를 닦아 앞으로 열두 간 뒤로 열두 간 이십사간을 지어 놓고 이집 진 지 삼년 만에 고사 한번을 잘 지냈더니 아들을 낳면 효자 낳고 달을 낳면 효녀로다 며느리 얻으면 열녀 얻고 말을 놓면 용마 되고 소를 놓면 약대로다 닭을 놓면 봉이 되고 개를 놓면 청삽사리 네 눈백이 안마당에 곤드러졌다 낯선사람 오게 되면 커겅컹 짖는 소리 지전 깔죽이 물밀듯 하노라 에
니나나 에헤 에 에 니나나 니나나 니나나 나나나 널 너리고 나리소사 에
수로로도 천리로다 육로로도 천리로다 이천리 들어가서 양태 겯는 저 처자야 저 산 이름이 무엇이냐 나도 사주팔자 기박하여 양태 결어 한 달이면 육장 보아 부모봉양 하느라고 그 산 이름을 몰랐더니 옛 노인이 하시기를 제주 한라산이라고 합디다 에
지화자 에 에 지화자 지화자 지화자 지화자 널 너리고 나리소사 에
구경을 가자 구경을 가자 평양이 좋다니 구경을 가자
연광정 사처를 삼고 대동강 소주를 삼아 모란봉 곁들여 안주를 삼고 남북촌 한량이 다 모였구나 팔십명 기생이 나비춤 출 제 새 장구 복판만 콰광쾅 울려라 에
아하아 에 에헤에 에헤요 아하하 아하야 얼사함마 두 둥둥 내 사랑이로다 에
만첩청산 쑥 들어가서 호양목 한 가지 찍었구나 서른두 짝 장기 만들어 장기 한 판을 두어 보자 한수한자 유황숙이요 초나라 초자 조맹덕이라 이 차 저 차 관운장이요 이 포 저 포 여포로다 코끼리 상자 조자룡이요 말 마자 마초로다 양사로 모사를 삼고 오졸로 군졸을 삼아 양진이 상접하니 적벽대전이 예로구나 조조가 대패하여 화용도로 도망을 할 제 관운장의 후덕으로 조맹덕이 살아만 가노라 에
지화자 에 에 지화자 지화자 지화자 지화자 널 너리고 나리소사 에",날아든다 떠든다 오호로 날아든다 / 범려는 간 곳 없고 백빈주 갈매기는 홍요안으로 날아 들고 / 한산사 찬 바람에 객선이 두둥둥 에화 날아 지화자 에 / 아아 에 에헤요 / 아하 어허야 얼싸함마 두둥둥 내사랑이로다 에 / 계명산 내린 줄기 학의 등에 터를 닦아 / 앞으로 열두 간 뒤로 열두 간 이십사간을 지어 놓고 / 이집 진 지 삼년 만에 고사 한번을 잘 지냈더니 / 아들을 낳면 효자 낳고 달을 낳면 효녀로다 / 며느리 얻으면 열녀 얻고 말을 놓면 용마 되고 소를 놓면 약대로다 / 닭을 놓면 봉이 되고 개를 놓면 청삽사리 네 눈백이 안마당에 곤드러졌다 / 낯선사람 오게 되면 커겅컹 짖는 소리 지전 깔죽이 물밀듯 하노라 에 / 니나나 에헤 에 에 / 니나나 니나나 니나나 나나나 널 너리고 나리소사 에 / 수로로도 천리로다 육로로도 천리로다 / 이천리 들어가서 양태 겯는 저 처자야 저 산 이름이 무엇이냐 / 나도 사주팔자 기박하여 양태 결어 한 달이면 육장 보아 / 부모봉양 하느라고 그 산 이름을 몰랐더니 / 옛 노인이 하시기를 제주 한라산이라고 합디다 에 / 지화자 에 에 / 지화자 지화자 지화자 지화자 널 너리고 나리소사 에 / 구경을 가자 구경을 가자 평양이 좋다니 구경을 가자 / 연광정 사처를 삼고 대동강 소주를 삼아 / 모란봉 곁들여 안주를 삼고 남북촌 한량이 다 모였구나 / 팔십명 기생이 나비춤 출 제 새 장구 복판만 콰광쾅 울려라 에 / 아하아 에 에헤에 에헤요 / 아하하 아하야 얼사함마 두 둥둥 내 사랑이로다 에 / 만첩청산 쑥 들어가서 호양목 한 가지 찍었구나 / 서른두 짝 장기 만들어 장기 한 판을 두어 보자 / 한수한자 유황숙이요 초나라 초자 조맹덕이라 / 이 차 저 차 관운장이요 이 포 저 포 여포로다 / 코끼리 상자 조자룡이요 말 마자 마초로다 / 양사로 모사를 삼고 오졸로 군졸을 삼아 / 양진이 상접하니 적벽대전이 예로구나 / 조조가 대패하여 화용도로 도망을 할 제 / 관운장의 후덕으로 조맹덕이 살아만 가노라 에 / 지화자 에 에 / 지화자 지화자 지화자 지화자 널 너리고 나리소사 에,38.0,393.02
KC_TM_MF_MY_S000239,경기,민속악,민요,경기잡가,만학천봉,성슬기,여창,F / Dm,자진타령,12/8,300.0,"경쾌한(3), 유쾌한(3), 신나는(2), 절제된(2), 가볍고 신비로운(1), 그루브감 있는(1), 명랑한(1), 몽환적인(1), 생기 있는(1), 신명난(1), 신비로운(1), 애절한(1), 여유로운(1), 차분한(1), 해학적인(1), 향수 어린(1), 활달한(1)","밝은(2), 가는(1), 고운(1), 담백한(1), 매끄러운(1), 머금은 듯한(1), 쇳소리 나는(1), 울리는(1), 유연한(1), 정제된(1), 콧소리 나는(1)","만학천봉은 천상 선경의 모습을 그린 휘모리잡가로, 경기잡가의 특징이 잘 드러나는 민속악 > 민요 곡이다. 이 곡은 한문 사설이 많고, 빠른 장단에 맞춰 숨 가쁘게 엮어 부르는 것이 특징이며, 소리꾼의 뛰어난 발림과 호흡 조절이 요구된다. 여창 가창자 성슬기는 이 곡을 통해 강렬한 멜로디의 흐름을 이끌어가며, 정교한 발성을 통해 각 음절을 명확하게 전달한다. 그녀의 시김새는 곡의 리듬에 따라 변화무쌍하게 표현되며, 특히 빠른 장단 속에서도 안정적인 성량을 유지한다. 호흡 조절 또한 뛰어나, 급박한 리듬 속에서도 적절한 순간에 호흡을 보충하여 곡의 전개를 자연스럽게 이어간다. 자진타령의 리듬 위에서 성슬기는 경쾌한 흐름을 타며, 곡의 긴장감을 유지하는 동시에 청중을 몰입하게 만드는 힘이 있다. 곡의 마무리 부분에서는 그녀의 호흡이 섬세하게 장식되어, 전체적인 장르적 완성도를 더욱 높이는 역할을 한다.","Manhakcheonbong is a Hwimori Jangdan Jangga that depicts the appearance of a celestial paradise, showcasing the characteristics of Gyeonggi Jangga as a folk music piece. This song is characterized by its numerous Chinese lyrics and is sung in a breathless manner to match the fast tempo, requiring the singer to exhibit exceptional control over their movements and breath. The female vocalist, Seong Seulgi, leads the intense flow of the melody through her intricate vocalization, clearly articulating each syllable. Her embellishments are expressed in a dynamic manner according to the rhythm of the piece, maintaining a stable vocal quality even amidst the rapid tempo. Her breath control is also remarkable, as she supplements her breathing at appropriate moments within the urgent rhythm, allowing the progression of the song to flow naturally. Riding on the rhythm of the Jajin Taryeong, Seong Seulgi maintains a lively momentum while preserving the tension of the piece, captivating the audience. In the concluding section of the song, her breath is delicately ornamented, further enhancing the overall genre's completeness.","만학천봉 운심처에 석벽 굽은 길로 미록타고 호로병 차고 저 불고 불로초 메고 쌍상투 짜고 색등걸이 입고 가는 저 아희야 네 어디로 가자느냐
산 좋고 물 좋은데 앵무공작 비취봉황이 쌍쌍이 왕래하니 별유천지 비인간이라 절승경개를 다 버리고 네 어디로 가자느냐 게 좀 섯거라 말 물어보자
채약하는 아희가 사업을 다 떨치고 태공자 효측하여 점심 보습을 등에다 지고 세백사 가는 그물 삼절오죽에 벗을 삼아 구절죽 매뚝 깻묵 파리 밥풀 온갖 미끼를 갖추어차려 조그만 주머니 넣어 차고
앞내여울 오르는 고기  뒷내여울 내리는 고기 자나 굵으나 굵으나 자나 함부로 휘몰아 옭아 낚아 낚아 옭아 내어 다래끼에 넣고 종다리에 담아
시내 강변 능수버들 동으로 뻗은 움버들 가지 에화 지끈 우지끈 뚝딱 장단 맞춰 꺾어 내려 꺼꾸로 잡고 끝으로 서너잎 남겨 조로록 훑어 아가미를 남보기 좋게 느슬느슬 꿰여들고 가는길에
석양세우 녹수풍에 은광이 고루모여 은린옥척이 많이 노니 또 저고기를 잡으려면 우리 부모 호문 처자 끓이고 볶고 삶고 지져 때 먹기가 늦어가니
아나 애야 이 아희야 이 고기를 우선 먼저 너를 줄께 싫다 마다 차탈피탈 핑계 사양말고 지날 역로에 님의 집에 잠깐 들러 전하여주렴
그 아희놈 말 대답하는 말이 소동은 범간 아희가 아니오라 천상의 선동으로 약밭가옴 하옵다가 옥황상제 태상노군 원시천존 제대선관의 명을 받아 방장봉래영주 삼신산 불로초와 불사약 면약 단약선약이며 이화전 계초전을 다 두루 돌아 가옵다가 일세를 살펴보니 해는 거의 황혼이라 기운을 잠깐차려 보습쟁기를 고쳐지고 부소송악 쑥 들어가서 남원산전 마저갈고 갈 길이 장차 십만팔천리라고 전할지 말지
만학천봉 운심처에 석벽 굽은 길로 미록타고 호로병 차고 저 불고 불로초 메고 쌍상투 짜고 색등걸이 입고 가는 저 아희야 네 어디로 가자느냐
산 좋고 물 좋은데 앵무공작 비취봉황이 쌍쌍이 왕래하니 별유천지 비인간이라 절승경개를 다 버리고 네 어디로 가자느냐 게 좀 섯거라 말 물어보자
채약하는 아희가 사업을 다 떨치고 태공자 효측하여 점심 보습을 등에다 지고 세백사 가는 그물 삼절오죽에 벗을 삼아 구절죽 매뚝 깻묵 파리 밥풀 온갖 미끼를 갖추어차려 조그만 주머니 넣어 차고
앞내여울 오르는 고기  뒷내여울 내리는 고기 자나 굵으나 굵으나 자나 함부로 휘몰아 옭아 낚아 낚아 옭아 내어 다래끼에 넣고 종다리에 담아
시내 강변 능수버들 동으로 뻗은 움버들 가지 에화 지끈 우지끈 뚝딱 장단 맞춰 꺾어 내려 꺼꾸로 잡고 끝으로 서너잎 남겨 조로록 훑어 아가미를 남보기 좋게 느슬느슬 꿰여들고 가는길에
석양세우 녹수풍에 은광이 고루모여 은린옥척이 많이 노니 또 저고기를 잡으려면 우리 부모 호문 처자 끓이고 볶고 삶고 지져 때 먹기가 늦어가니
아나 애야 이 아희야 이 고기를 우선 먼저 너를 줄께 싫다 마다 차탈피탈 핑계 사양말고 지날 역로에 님의 집에 잠깐 들러 전하여주렴
그 아희놈 말 대답하는 말이 소동은 범간 아희가 아니오라 천상의 선동으로 약밭가옴 하옵다가 옥황상제 태상노군 원시천존 제대선관의 명을 받아 방장봉래영주 삼신산 불로초와 불사약 면약 단약선약이며 이화전 계초전을 다 두루 돌아 가옵다가 일세를 살펴보니 해는 거의 황혼이라 기운을 잠깐차려 보습쟁기를 고쳐지고 부소송악 쑥 들어가서 남원산전 마저갈고 갈 길이 장차 십만팔천리라고 전할지 말지",만학천봉 운심처에 / 석벽 굽은 길로 미록타고 호로병 차고 저 불고 불로초 메고 / 쌍상투 짜고 색등걸이 입고 가는 저 아희야 네 어디로 가자느냐 / 산 좋고 물 좋은데 앵무공작 비취봉황이 쌍쌍이 왕래하니 / 별유천지 비인간이라 절승경개를 다 버리고 네 어디로 가자느냐 / 게 좀 섯거라 말 물어보자 / 채약하는 아희가 사업을 다 떨치고 / 태공자 효측하여 점심 보습을 등에다 지고 / 세백사 가는 그물 삼절오죽에 벗을 삼아 구절죽 매뚝 깻묵 파리 밥풀 / 온갖 미끼를 갖추어차려 조그만 주머니 넣어 차고 / 앞내여울 오르는 고기 뒷내여울 내리는 고기 자나 굵으나 굵으나 자나 / 함부로 휘몰아 옭아 낚아 낚아 옭아 내어 다래끼에 넣고 종다리에 담아 / 시내 강변 능수버들 동으로 뻗은 움버들 가지 에화 지끈 우지끈 뚝딱 장단 맞춰 꺾어 내려 / 꺼꾸로 잡고 끝으로 서너잎 남겨 조로록 훑어 아가미를 남보기 좋게 느슬느슬 꿰여들고 가는길에 / 석양세우 녹수풍에 은광이 고루모여 은린옥척이 많이 노니 또 저고기를 잡으려면 / 우리 부모 호문 처자 끓이고 볶고 삶고 지져 때 먹기가 늦어가니 / 아나 애야 이 아희야 이 고기를 우선 먼저 너를 줄께 싫다 마다 차탈피탈 핑계 사양말고 / 지날 역로에 님의 집에 잠깐 들러 전하여주렴 / 그 아희놈 / 말 대답하는 말이 소동은 범간 아희가 아니오라 천상의 선동으로 약밭가옴 하옵다가 / 옥황상제 태상노군 원시천존 제대선관의 명을 받아 / 방장봉래영주 삼신산 불로초와 불사약 면약 단약선약이며 / 이화전 계초전을 다 두루 돌아 가옵다가 일세를 살펴보니 / 해는 거의 황혼이라 기운을 잠깐차려 보습쟁기를 고쳐지고 부소송악 쑥 들어가서 / 남원산전 마저갈고 갈 길이 장차 십만팔천리라고 전할지 말지 / 만학천봉 운심처에 / 석벽 굽은 길로 미록타고 호로병 차고 저 불고 불로초 메고 / 쌍상투 짜고 색등걸이 입고 가는 저 아희야 네 어디로 가자느냐 / 산 좋고 물 좋은데 앵무공작 비취봉황이 쌍쌍이 왕래하니 / 별유천지 비인간이라 절승경개를 다 버리고 네 어디로 가자느냐 / 게 좀 섯거라 말 물어보자 / 채약하는 아희가 사업을 다 떨치고 / 태공자 효측하여 점심 보습을 등에다 지고 / 세백사 가는 그물 삼절오죽에 벗을 삼아 구절죽 매뚝 깻묵 파리 밥풀 / 온갖 미끼를 갖추어차려 조그만 주머니 넣어 차고 / 앞내여울 오르는 고기 뒷내여울 내리는 고기 자나 굵으나 굵으나 자나 / 함부로 휘몰아 옭아 낚아 낚아 옭아 내어 다래끼에 넣고 종다리에 담아 / 시내 강변 능수버들 동으로 뻗은 움버들 가지 에화 지끈 우지끈 뚝딱 장단 맞춰 꺾어 내려 / 꺼꾸로 잡고 끝으로 서너잎 남겨 조로록 훑어 아가미를 남보기 좋게 느슬느슬 꿰여들고 가는길에 / 석양세우 녹수풍에 은광이 고루모여 은린옥척이 많이 노니 또 저고기를 잡으려면 / 우리 부모 호문 처자 끓이고 볶고 삶고 지져 때 먹기가 늦어가니 / 아나 애야 이 아희야 이 고기를 우선 먼저 너를 줄께 싫다 마다 차탈피탈 핑계 사양말고 / 지날 역로에 님의 집에 잠깐 들러 전하여주렴 / 그 아희놈 / 말 대답하는 말이 소동은 범간 아희가 아니오라 천상의 선동으로 약밭가옴 하옵다가 / 옥황상제 태상노군 원시천존 제대선관의 명을 받아 / 방장봉래영주 삼신산 불로초와 불사약 면약 단약선약이며 / 이화전 계초전을 다 두루 돌아 가옵다가 일세를 살펴보니 / 해는 거의 황혼이라 기운을 잠깐차려 보습쟁기를 고쳐지고 부소송악 쑥 들어가서 / 남원산전 마저갈고 갈 길이 장차 십만팔천리라고 전할지 말지,50.0,418.82
KC_TM_MF_MY_S000240,경기,민속악,민요,경기잡가,병정타령,성슬기,여창,F / Dm,자진타령,12/8,300.0,"가볍고 신비로운(1), 경쾌한(1), 기품 있는(1), 낭만적인(1), 단아한(1), 드라마틱한(1), 명랑한(1), 몽환적인(1), 비통한(1), 사색적인(1), 생기 있는(1), 신나는(1), 쓸쓸한(1), 어두운(1), 여유로운(1), 영웅적인(1), 유려한(1), 차분한(1), 품위 있는(1), 해학적인(1), 향수 어린(1), 향토적인(1), 활달한(1)","매끄러운(3), 선명한(2), 울리는(2), 고운(1), 담백한(1), 섬세한(1), 여린(1), 역동적인(1), 정제된(1), 직진의(1), 콧소리 나는(1)","병정타령은 병정들의 모습을 해학적으로 풍자한 휘모리잡가로, 경기잡가의 특징이 잘 드러나는 민속악 > 민요 곡이다. 이 곡은 빠른 볶는타령장단에 맞춰 익살스럽게 노래하며, 당시 사회상을 반영한 풍자와 웃음이 담겨 있다. 여창 가창자 성슬기의 목소리는 이 곡을 이끌어가는 데 중요한 역할을 한다. 그녀는 창법에서 발음의 명료함과 시김새의 활용을 통해 곡의 유머와 풍자를 효과적으로 전달한다. 성슬기는 고음역에서의 안정적인 발성과 함께 다양한 음의 변화로 멜로디를 표현하며, 각 구절마다 생동감을 더한다. 그녀의 성량은 곡의 리듬과 잘 어우러지며, 호흡 조절을 통해 긴 구절을 자연스럽게 이어가는 능력을 보여준다. 자진타령의 리듬 위에서 성슬기는 경쾌한 흐름을 타며, 각 음절에 맞춰 적절한 박자를 유지한다. 그녀의 호흡은 곡의 마무리를 장식하며, 전체적인 장르적 완성도를 높이는 데 기여한다.","Byeongjeongtaryeong is a humorous and satirical Hwimori Jangdan song that comically depicts the lives of soldiers, showcasing the characteristics of Gyeonggi Jangdan within the realm of folk music and minyo. This piece is performed in a lively and playful manner, set to the fast-paced Bokkneun Taryeong Jangdan, and it encapsulates satire and laughter that reflect the social conditions of the time. The voice of the female vocalist, Seong Seulgi, plays a crucial role in guiding the performance of this song. Through her clear pronunciation and the effective use of vocal embellishments, she conveys the humor and satire inherent in the piece. Seong Seulgi expresses the melody with a stable vocalization in the high range, incorporating various tonal changes that add vibrancy to each phrase. Her vocal strength harmonizes well with the rhythm of the song, demonstrating her ability to seamlessly connect longer phrases through breath control. Riding on the rhythm of the Jajin Taryeong, Seong Seulgi maintains an upbeat flow while keeping an appropriate tempo for each syllable. Her breath beautifully concludes the piece, contributing to the overall genre's sense of completeness.","남의 손 빌어 잘 짠 상투 영문에 들어 단발할 제
상투는 베어 협낭에 넣고 망건아 풍잠아 너 잘있거라 병정복장 차릴 적에 모자 쓰고 양혜신고 마구자 실갑 각반치고 혁대 군랑 창집 탄자 곁들여 차고 글화총 메고 구보로하여 가는 저 병정아 게 좀 섰거라 말 물어 보자
우리도 부모 은덕에 글자나 배웠더니 문필은 사마천 왕희지에 지나가고 외관양풍은 이태백과 두목지요 소진장이의 언변이라
만고재사 장자방과 제갈량의 지혜로다 항우역사 자룡용맹에 지나가고 대순 증자 효심이며 용방 비간 충심이라
언충신 행독경은 주색 잡기에 호승하고 보국강병 충심 가득하니 내 칠척오촌이 분명하다
각국총장 모신 곳에 얼른 냉큼 수이 빨리 찾아가서 이내몸이 상사불견 기지사경시각대변이라고 전하여 주렴
우리도 저 접대 갑오을미 동학란통에 이내 몸이 병정되어 나라에는 본이 되고 일가에는 남이 되고 일신이 수족되어 매일 사합이작 한 달이면 육원오각 일년이면 칠십팔원에 몸이 매여 장령이면 수화를 불피하고 사차불피로다
아침이면 체조하고 낮이면은 충의 두자 정심하고 저녁이면 군가하고 한달 육차 입직 들고 새새틈틈이 육군예식 내모사며 보병조전 국어 산술 나팔까지 졸업하는 몸뚱이라 전할지 말지
남의 손 빌어 잘 짠 상투 영문에 들어 단발할 제
상투는 베어 협낭에 넣고 망건아 풍잠아 너 잘있거라 병정복장 차릴 적에 모자 쓰고 양혜신고 마구자 실갑 각반치고 혁대 군랑 창집 탄자 곁들여 차고 글화총 메고 구보로하여 가는 저 병정아 게 좀 섰거라 말 물어 보자
우리도 부모 은덕에 글자나 배웠더니 문필은 사마천 왕희지에 지나가고 외관양풍은 이태백과 두목지요 소진장이의 언변이라
만고재사 장자방과 제갈량의 지혜로다 항우역사 자룡용맹에 지나가고 대순 증자 효심이며 용방 비간 충심이라
언충신 행독경은 주색 잡기에 호승하고 보국강병 충심 가득하니 내 칠척오촌이 분명하다
각국총장 모신 곳에 얼른 냉큼 수이 빨리 찾아가서 이내몸이 상사불견 기지사경시각대변이라고 전하여 주렴
우리도 저 접대 갑오을미 동학란통에 이내 몸이 병정되어 나라에는 본이 되고 일가에는 남이 되고 일신이 수족되어 매일 사합이작 한 달이면 육원오각 일년이면 칠십팔원에 몸이 매여 장령이면 수화를 불피하고 사차불피로다
아침이면 체조하고 낮이면은 충의 두자 정심하고 저녁이면 군가하고 한달 육차 입직 들고 새새틈틈이 육군예식 내모사며 보병조전 국어 산술 나팔까지 졸업하는 몸뚱이라 전할지 말지",남의 손 빌어 잘 짠 상투 영문에 들어 단발할 제 / 상투는 베어 협낭에 넣고 망건아 풍잠아 너 잘있거라 병정복장 차릴 적에 모자 쓰고 양혜신고 마구자 실갑 각반치고 / 혁대 군랑 창집 탄자 곁들여 차고 글화총 메고 구보로하여 가는 저 병정아 게 좀 섰거라 말 물어 보자 / 우리도 부모 은덕에 글자나 배웠더니 / 문필은 사마천 왕희지에 지나가고 외관양풍은 이태백과 두목지요 소진장이의 언변이라 / 만고재사 장자방과 제갈량의 지혜로다 항우역사 자룡용맹에 지나가고 대순 증자 효심이며 용방 비간 충심이라 / 언충신 행독경은 주색 잡기에 호승하고 보국강병 충심 가득하니 내 칠척오촌이 분명하다 / 각국총장 모신 곳에 얼른 냉큼 수이 빨리 찾아가서 이내몸이 상사불견 기지사경시각대변이라고 전하여 주렴 / 우리도 저 접대 갑오을미 동학란통에 이내 몸이 병정되어 나라에는 본이 되고 일가에는 남이 되고 / 일신이 수족되어 매일 사합이작 한 달이면 육원오각 일년이면 칠십팔원에 몸이 매여 장령이면 수화를 불피하고 사차불피로다 / 아침이면 체조하고 낮이면은 충의 두자 정심하고 저녁이면 군가하고 한달 육차 입직 들고 새새틈틈이 육군예식 내모사며 / 보병조전 국어 산술 나팔까지 졸업하는 몸뚱이라 전할지 말지 / 남의 손 빌어 잘 짠 상투 영문에 들어 단발할 제 / 상투는 베어 협낭에 넣고 망건아 풍잠아 너 잘있거라 병정복장 차릴 적에 모자 쓰고 양혜신고 마구자 실갑 각반치고 / 혁대 군랑 창집 탄자 곁들여 차고 글화총 메고 구보로하여 가는 저 병정아 게 좀 섰거라 말 물어 보자 / 우리도 부모 은덕에 글자나 배웠더니 / 문필은 사마천 왕희지에 지나가고 외관양풍은 이태백과 두목지요 소진장이의 언변이라 / 만고재사 장자방과 제갈량의 지혜로다 항우역사 자룡용맹에 지나가고 대순 증자 효심이며 용방 비간 충심이라 / 언충신 행독경은 주색 잡기에 호승하고 보국강병 충심 가득하니 내 칠척오촌이 분명하다 / 각국총장 모신 곳에 얼른 냉큼 수이 빨리 찾아가서 이내몸이 상사불견 기지사경시각대변이라고 전하여 주렴 / 우리도 저 접대 갑오을미 동학란통에 이내 몸이 병정되어 나라에는 본이 되고 일가에는 남이 되고 / 일신이 수족되어 매일 사합이작 한 달이면 육원오각 일년이면 칠십팔원에 몸이 매여 장령이면 수화를 불피하고 사차불피로다 / 아침이면 체조하고 낮이면은 충의 두자 정심하고 저녁이면 군가하고 한달 육차 입직 들고 새새틈틈이 육군예식 내모사며 / 보병조전 국어 산술 나팔까지 졸업하는 몸뚱이라 전할지 말지,24.0,339.02
KC_TM_MF_MY_S000241,경기,민속악,민요,경기잡가,맹꽁이 타령,성슬기,여창,F / Dm,자진타령,12/8,300.0,"경쾌한(3), 신나는(3), 귀여운(2), 그루브감 있는(1), 명랑한(1), 몽환적인(1), 생기 있는(1), 신명난(1), 신비로운(1), 애정 어린(1), 여유로운(1), 유쾌한(1), 절제된(1), 즐거운(1), 편안한(1), 평화로운(1), 표현적인(1), 해학적인(1), 행복한(1), 향토적인(1), 활기찬(1)","깨끗한(2), 비강 울림이 있는(2), 고운(1), 단단한(1), 담백한(1), 맑은(1), 머금은 듯한(1), 밝은(1), 섬세한(1), 시원한(1), 역동적인(1), 콧소리 나는(1), 투명한(1), 힘 있는(1)","맹꽁이타령은 맹꽁이의 울음소리를 빌려 세태를 풍자한 휘모리잡가로, 경기잡가의 특징이 잘 드러나는 민속악의 민요 장르에 속한다. 이 곡은 다양한 인물과 사건을 맹꽁이에 빗대어 비판하며, 해학적인 가사가 청중에게 통쾌함을 선사한다. 여창 가창자 성슬기의 목소리는 이 곡의 중심에서 중요한 역할을 한다. 성슬기는 발성에서 뚜렷한 음역대를 사용하며, 시김새를 적절히 활용하여 가사의 의미를 강조한다. 그녀의 성량은 곡의 전개에 따라 변화하며, 필요한 순간에 강한 발음을 통해 청중의 주의를 끌고, 부드러운 호흡으로 곡의 흐름을 자연스럽게 이어간다. 또한, 성슬기는 자진타령의 빠른 장단에 맞춰 유연하게 리듬을 타며, 각 구절의 끝에서 호흡을 조절하여 곡의 긴장감을 높인다. 그녀의 호흡은 곡의 마무리를 장식하는 데 중요한 역할을 하며, 전체적인 장르적 완성도를 높이는 데 기여한다. 이러한 창법과 구조적 특징이 어우러져 맹꽁이타령은 더욱 매력적으로 표현된다.","Maenggongi Taryeong is a Hwimori Jangga that satirizes contemporary society by borrowing the sound of the Maenggongi's cry, belonging to the folk music genre that distinctly showcases the characteristics of Gyeonggi Jangga. This piece critiques various characters and events by likening them to the Maenggongi, with humorous lyrics that provide a sense of satisfaction to the audience. The voice of the female vocalist, Seong Seulgi, plays a crucial role at the center of this piece. Seong Seulgi employs a clear vocal range in her singing and effectively utilizes vocal ornamentation to emphasize the meaning of the lyrics. Her vocal strength varies throughout the development of the piece, capturing the audience's attention with strong enunciation at pivotal moments and smoothly transitioning the flow of the piece with gentle breath control. Additionally, Seong Seulgi rhythmically adapts to the fast Jajin Taryeong beat, managing her breath at the end of each phrase to heighten the tension of the piece. Her breath plays an important role in embellishing the conclusion of the piece, contributing to the overall genre's completeness. The interplay of these vocal techniques and structural features enhances the expressiveness of Maenggongi Taryeong.","저 건너 신진사 집 시렁 위에 청동 청정미 청 차좁쌀이냐 씰어 까불어 톡 제친 청동 청정미 청차좁쌀이냐 아니 씰어 까불어 톡 제친 청동 청정미 청차좁쌀이냐
아래대 맹꽁이 다섯 우대 맹꽁이 다섯
동수구문 두 사이 오간수 다리 밑에 울고 놀던 맹꽁이가 오뉴월 장마에 떠 내려오는 헌나막 신짝을 선유배만 여겨 순풍에 돛을 달고 명기명창 가객이며 갖은 풍류 질탕하고 배반이 낭자하여 선유하는 맹꽁이 다섯
훈련원 놀던 맹꽁이가 첫 남편을 이별하고 둘째 남편을 얻었더니 손톱이 길어 포청에 가고 셋째 남편을 얻었더니 육칠월 장마통에 배추잎에 싸여 밟혀 죽었기로 백지 한 장 손에 들고 경무청으로 잿돈 타러 가는 맹꽁이 다섯
광천교 다리 밑에 울고 놀던 맹꽁이가 아침인지 점심인지 한술 밥을 얻어먹고 긴 대 장죽에 담배 한 대 피워 물고 서퇴를 할양으로 종로 한마루로 오락가락 거닐다가 행순하는 순라군에 들켰구나 포승으로 앞발을 매고 어서가자 재촉을 하니 아니 가겠다고 드러누워  앙탈하는 맹꽁이 다섯
삼청동 막바지 장원서 다리 밑에 울고 놀던 맹꽁이가 마전군의 점심 몰래 훔쳐 먹다 빨래 방치로 얻어맞고 해산 선머리를 질끈 동이고 가차운 병원으로 입원하러 가는 맹꽁이 다섯
경모궁 안 연못안에 울고 놀던 맹꽁이를 강감찰이 함을 물려 벙어리되여 울지 못하고 연잎 뚝 따 물 담아 가지고 대굴대굴 굴려가며 수은 장사하는 맹꽁이 다섯
시집간지 이태만에 씨앗을 보고 큰 에미 첩년이 쌈질을 하다 원당자한테 꽁대를 맞고 한숨지며 하는 말이 예라 시집살이는 판 틀렸구나 치마끈을 졸라매고 반지 고리를 뒤짊어지고 실 한 파람 꽁무니에 차고 고추나무에 목매러 가며 통곡하는 맹꽁이 다섯
그 중에 익살스럽고 넌출지고 언변 좋고 신수좋은 맹꽁이가 썩 나서며 하는 말이 예라 아서라 목매지 마라 네가 당년 이팔청춘이요 내가 방정 홀애비니 같이 살자고 손 목을 잡아당겨 능청스럽게도 사정하는 맹꽁이 다섯
오팔 사십 마흔 맹꽁이가 칠월이라 백중날 공회를 한다 하고 모화관 반송 승버들가지 밑에 수득이 모여 울음 내리할 제 밑에 맹꽁이 웃 맹꽁이를 쳐다보며 엣다 이놈 염치없이 너무 누르지 마라 무거우라고 맹꽁
위에 맹꽁이 아래 맹꽁이를 내려다보며 엣다 요놈 자갑스럽게 군말된다 참을성도 깜찍이도 없다 잠깐만 참으라고 맹꽁
그리고 숭례문 밖 썩 내달아 칠패팔패 이문동 도적골 네거리 쪽다리 배다리 돌모루 끝을 썩 나서서
첫 둘 셋 넷 다섯 여섯 일곱 여덟 아홉 열째 미나리논에 머리 풀어 산발하고 눈물 콧물 꼬조조 흘리고 방구 뽕 뀌고 오줌 짤끔 싸고 두 다리를 퍼더 버리고 우는 맹꽁이 중에 어느 맹꽁이 수 맹꽁인가
그 중에 녹수청산 깊은 골에 백수풍신 흩날인 점잖은 맹꽁이가 손자 맹꽁이를 무릎에 앉히고 저리 가거라 뒷태를 보자 이리 오너라 앞태를 보자 아장아장 거니노라 빵끗 웃어라 잇속을 보자 백만교태를 다 부려라
도리도리 짝짜궁 곤지곤지 쥐암쥐암 길라나비 훨훨 재롱 보는 맹꽁이가 수맹꽁인가",저 건너 신진사 집 시렁 위에 / 청동 청정미 청 차좁쌀이냐 / 씰어 까불어 톡 제친 청동 청정미 청차좁쌀이냐 / 아니 씰어 까불어 톡 제친 청동 청정미 청차좁쌀이냐 / 아래대 맹꽁이 다섯 우대 맹꽁이 다섯 / 동수구문 두 사이 오간수 다리 밑에 울고 놀던 맹꽁이가 오뉴월 장마에 떠 내려오는 헌나막 신짝을 선유배만 여겨 / 순풍에 돛을 달고 명기명창 가객이며 갖은 풍류 질탕하고 배반이 낭자하여 선유하는 맹꽁이 다섯 / 훈련원 놀던 맹꽁이가 첫 남편을 이별하고 둘째 남편을 얻었더니 손톱이 길어 포청에 가고 셋째 남편을 얻었더니 / 육칠월 장마통에 배추잎에 싸여 밟혀 죽었기로 백지 한 장 손에 들고 경무청으로 잿돈 타러 가는 맹꽁이 다섯 / 광천교 다리 밑에 울고 놀던 맹꽁이가 아침인지 점심인지 한술 밥을 얻어먹고 긴 대 장죽에 담배 한 대 피워 물고 서퇴를 할양으로 / 종로 한마루로 오락가락 거닐다가 행순하는 순라군에 들켰구나 포승으로 앞발을 매고 어서가자 재촉을 하니 / 아니 가겠다고 드러누워 앙탈하는 맹꽁이 다섯 / 삼청동 막바지 장원서 다리 밑에 울고 놀던 맹꽁이가 마전군의 점심 몰래 훔쳐 먹다 빨래 방치로 얻어맞고 해산 선머리를 질끈 동이고 / 가차운 병원으로 입원하러 가는 맹꽁이 다섯 / 경모궁 안 연못안에 울고 놀던 맹꽁이를 강감찰이 함을 물려 벙어리되여 울지 못하고 연잎 뚝 따 물 담아 가지고 대굴대굴 굴려가며 수은 장사하는 맹꽁이 다섯 / 시집간지 이태만에 씨앗을 보고 큰 에미 첩년이 쌈질을 하다 원당자한테 꽁대를 맞고 한숨지며 하는 말이 예라 시집살이는 판 틀렸구나 / 치마끈을 졸라매고 반지 고리를 뒤짊어지고 실 한 파람 꽁무니에 차고 고추나무에 목매러 가며 통곡하는 맹꽁이 다섯 / 그 중에 익살스럽고 넌출지고 언변 좋고 신수좋은 맹꽁이가 썩 나서며 하는 말이 / 예라 아서라 목매지 마라 네가 당년 이팔청춘이요 내가 방정 홀애비니 같이 살자고 손 목을 잡아당겨 능청스럽게도 사정하는 맹꽁이 다섯 / 오팔 사십 마흔 맹꽁이가 칠월이라 백중날 공회를 한다 하고 모화관 반송 승버들가지 밑에 수득이 모여 울음 내리할 제 / 밑에 맹꽁이 웃 맹꽁이를 쳐다보며 엣다 이놈 염치없이 너무 누르지 마라 무거우라고 맹꽁 / 위에 맹꽁이 아래 맹꽁이를 내려다보며 엣다 요놈 자갑스럽게 군말된다 참을성도 깜찍이도 없다 잠깐만 참으라고 맹꽁 / 그리고 숭례문 밖 썩 내달아 칠패팔패 이문동 도적골 네거리 쪽다리 배다리 돌모루 끝을 썩 나서서 / 첫 둘 셋 넷 다섯 여섯 일곱 여덟 아홉 열째 미나리논에 머리 풀어 산발하고 눈물 콧물 꼬조조 흘리고 방구 뽕 뀌고 / 오줌 짤끔 싸고 두 다리를 퍼더 버리고 우는 맹꽁이 중에 어느 맹꽁이 수 맹꽁인가 / 그 중에 녹수청산 깊은 골에 백수풍신 흩날인 점잖은 맹꽁이가 손자 맹꽁이를 무릎에 앉히고 / 저리 가거라 뒷태를 보자 이리 오너라 앞태를 보자 아장아장 거니노라 빵끗 웃어라 잇속을 보자 백만교태를 다 부려라 / 도리도리 짝짜궁 곤지곤지 쥐암쥐암 길라나비 훨훨 재롱 보는 맹꽁이가 수맹꽁인가,28.0,378.62
KC_TM_MF_PS_S000242,남도,민속악,판소리,단가,강상풍월,조정희,여창,D / Bm,중모리,12/4,100.0,"우울감 있는(2), 진심 어린(2), 진지한(2), 강한(1), 기품 있는(1), 다이내믹한(1), 드라마틱한(1), 마음을 울리는(1), 명상적인(1), 부드러운(1), 비통한(1), 쓸쓸한(1), 애절한(1), 장엄한(1), 침울한(1), 표현적인(1), 향토적인(1)","쇳소리 나는(4), 묵직한(3), 비강 울림이 있는(2), 거친(1), 걸쭉한(1), 긁히는(1), 밀도 있는(1), 유연한(1), 진한(1)","강상풍월은 판소리 단가로, 강 위에서 배를 타고 풍월을 읊는 유유자적한 삶을 노래하는 민속악의 일환이다. 이 곡은 평조의 맑고 시원한 맛을 특징으로 하며, 세상의 근심을 잊고 자연과 하나 되는 경지를 표현한다. 여창 가창자 조정희의 목소리는 이 곡의 특성을 잘 드러내며, 쇳소리 나는 음색으로 강한 인상을 남긴다. 그녀의 발성은 명료하고 힘차며, 시김새를 통해 각 음을 섬세하게 표현한다. 조정희는 중모리 장단의 리듬에 맞춰 유연하게 흐름을 타며, 성량이 풍부하여 각 음절이 뚜렷하게 전달된다. 호흡은 곡의 긴장을 유지하며, 자연스러운 전환을 가능하게 하여 청중에게 깊은 몰입감을 제공한다. 중모리의 리듬적 특성을 잘 살려내며, 그녀의 호흡은 곡의 마무리를 부드럽게 장식하고, 전체적인 장르의 완성도를 높이는 데 기여한다.","Gang Sangpungwol is a pansori dan-ga, a form of folk music that sings of a leisurely life while rowing a boat on the river and reciting poetic verses. This piece is characterized by the clear and refreshing qualities of the pyeongjo mode, expressing a state of oneness with nature while forgetting the worries of the world. The voice of the female vocalist Jo Jeong-hee effectively showcases the characteristics of this piece, leaving a strong impression with its metallic timbre. Her vocalization is clear and powerful, delicately expressing each note through intricate embellishments. Jo Jeong-hee flows flexibly with the rhythm of the jungmori jangdan, her rich vocal volume ensuring that each syllable is distinctly conveyed. Her breath maintains the tension of the piece while allowing for natural transitions, providing the audience with a profound sense of immersion. By skillfully highlighting the rhythmic characteristics of jungmori, her breath elegantly adorns the conclusion of the piece, contributing to the overall completeness of the genre.","강상의 둥둥 떴난 배 풍월 실러 가는 밴지 십리장강 벽파상으 왕래허든
거릇 배 오호상 연월 속의 범상공 노던 밴지 이 배 저 배 다 버리고 한 송정 들어가 길고 긴 솔을 베어 조그만허게 배 무어 타고 술과 안주 많이 실어 술렁 배 띄워라
강릉 경포대로 구경 가세 대인난 대인난은 촉도지난이 대인난이요 출문망 출문망은
월사오동의 상상지라 자래 등에 저 달을 실어라 우리 고향을 어서 가세 저 달을 다 보내고 오월이라 단오 날에 천중지 가절이요 일지지 창외로다
창창헌 숲속에 백설이 자잤어라
때때마다 성현이요 산양자치 나는구나 광풍제월 너룬 천지 언비어약을 허는구나 백구야 나지마라 너 잡으러 내 안 간다 성상이 버렸으매 너 좇아 예 왔노라
강상의 터 닦어 구목위소 허여두고 나물 먹고 물 마시고 팔 베고 누웠으니 대장부 살림살이 요만허면 넉넉 헐거나 거드렁 거리고 놀아보세",강상의 둥둥 떴난 배 / 풍월 실러 가는 밴지 / 십리장강 벽파상으 / 왕래허든 거릇 배 / 오호상 연월 속의 범상공 노던 밴지 / 이 배 저 배 다 버리고 / 한 송정 들어가 길고 긴 솔을 베어 조그만허게 / 배 무어 타고 / 술과 안주 많이 실어 술렁 배 띄워라 / 강릉 경포대로 구경 가세 / 대인난 대인난은 / 촉도지난이 대인난이요 / 출문망 출문망은 월사오동의 상상지라 / 자래 등에 저 달을 실어라 우리 고향을 / 어서 가세 저 달을 다 보내고 / 오월이라 단오 날에 / 천중지 가절이요 일지지 창외로다 / 창창헌 숲속에 백설이 자잤어라 / 때때마다 성현이요 / 산양자치 나는구나 / 광풍제월 너룬 천지 언비어약을 허는구나 / 백구야 나지마라 / 너 잡으러 내 안 간다 / 성상이 버렸으매 너 좇아 예 왔노라 / 강상의 터 닦어 구목위소 허여두고 나물 먹고 / 물 마시고 팔 베고 누웠으니 / 대장부 살림살이 / 요만허면 넉넉 헐거나 거드렁 거리고 놀아보세,28.0,238.22
KC_TM_MF_PS_S000243,남도,민속악,판소리,단가,만고강산,조정희,여창,E / Dbm,중모리,12/4,100.0,"에너지 넘치는(2), 가볍고 신비로운(1), 기품 있는(1), 다이내믹한(1), 단아한(1), 도취된(1), 부드러운(1), 애절한(1), 엄숙한(1), 여유로운(1), 열정적인(1), 우울감 있는(1), 장엄한(1), 절제된(1), 평온한(1), 표현적인(1), 향토적인(1)","걸쭉한(2), 거친(1), 날 선(1), 단단한(1), 담백한(1), 묵직한(1), 뻗어 나가는(1), 쇳소리 나는(1), 유연한(1), 진한(1), 콧소리 나는(1), 힘 있는(1)","만고강산은 금강산 등 우리나라의 명승지를 유람하는 내용을 담은 판소리 단가로, 민속악의 중요한 장르 중 하나이다. 이 곡은 중모리장단에 우평조로 불려 장중하면서도 유려한 멋을 느낄 수 있게 한다. 여창 가창자 조정희는 이 곡에서 독특한 창법으로 곡을 이끌어간다. 그녀의 목소리는 강한 발성과 함께 시김새를 적절히 활용하여 곡의 흐름을 자연스럽게 이어간다. 조정희는 음의 고저를 자유롭게 조절하며 리듬을 타고 나아가며, 각 음절마다 정확한 발음을 유지하여 청중이 가사의 의미를 쉽게 이해할 수 있도록 한다. 그녀의 성량은 곡의 다양한 구간에서 유연하게 변화하며, 이를 통해 곡의 긴장감과 완급을 조절한다. 또한, 호흡의 조절이 뛰어나 곡의 전개에 따라 적절한 호흡을 통해 긴장감을 유지하고 곡의 클라이맥스를 효과적으로 표현한다. 중모리의 리듬 위에서 가창자는 곡의 흐름에 잘 녹아들어가며, 리듬에 맞춰 자연스럽게 호흡을 조절하고 마무리하는 방식으로 곡의 완성도를 높인다. 그녀의 호흡은 곡의 마지막 부분에서 여운을 남기며, 청중에게 깊은 인상을 남기는 데 기여한다.","Mangogangsaneun is a pansori piece that captures the essence of traveling through Korea's scenic spots, such as Geumgangsan, and is one of the significant genres of folk music. This piece is performed in Jungmori Jangdan and is sung in Upyeongjo, allowing listeners to experience a sense of grandeur and elegance. The female vocalist Jo Jeong-hee leads the piece with her distinctive singing technique. Her voice, characterized by strong projection, skillfully employs sigimsae to seamlessly connect the flow of the music. Jo Jeong-hee freely adjusts the pitch while riding the rhythm, maintaining precise pronunciation for each syllable, which helps the audience easily grasp the meaning of the lyrics. Her vocal range flexibly changes throughout the various sections of the piece, allowing her to regulate the tension and dynamics effectively. Additionally, her breath control is exceptional, enabling her to maintain tension and express the climax of the piece through appropriate breathing as the music unfolds. Over the rhythm of Jungmori, the vocalist integrates well into the flow of the piece, naturally adjusting her breath in accordance with the rhythm and enhancing the overall quality of the performance. Her breath leaves a lingering resonance in the final part of the piece, contributing to a profound impression on the audience.","만고강산 유람헐제 삼신산이 어디메뇨 일봉래 이방장과 삼영주이 아니냐
죽장짚고 풍월실어 봉래산을 구경갈제 경포동령호 명월을 구경허고
청간정 낙산사와 총석정을 구경허고 단발령을 얼른넘어 봉래산을 올라서니
천봉만학 부용들은 하늘같이 솟아있고 백절폭포 급한 물은 은하수를 기우린 듯
잠든 구름 깨우리고 맑은 안개 잠겼으니 선경일시가 분명쿠나이때 마참 모춘이라 붉은 꽃 푸른잎과 나는 나비 우난새는 춘광춘색을 자랑헌다
봉래산 좋은 경치 지척에 던져두고 못본지가 몇핼런고 다행히 오날날의 만고강산을 유람헐제 이곳을 당도허니 옛 일이 새로워라 어화세상 벗님네야
상전벽해를 웃들마소 엽진화락 뉘 없을까
서산의 지난 해는 양류사로 잡아매고 동녘의 걸린 달은 계수야 머물러라
한없이 놀고가자 어이 하면은 잘 놀손가 젊어 청춘에 일 많이 허고 늙어지면서 놀아 보세",만고강산 유람헐제 / 삼신산이 어디메뇨 / 일봉래 이방장과 삼영주이 아니냐 / 죽장짚고 풍월실어 / 봉래산을 구경갈제 / 경포동령호 명월을 구경허고 / 청간정 낙산사와 총석정을 구경허고 / 단발령을 얼른넘어 봉래산을 올라서니 / 천봉만학 부용들은 / 하늘같이 솟아있고 / 백절폭포 급한 물은 / 은하수를 기우린 듯 / 잠든 구름 깨우리고 / 맑은 안개 잠겼으니 / 선경일시가 분명쿠나 / 이때 마참 모춘이라 / 붉은 꽃 푸른잎과 / 나는 나비 우난새는 / 춘광춘색을 자랑헌다 / 봉래산 좋은 경치 지척에 던져두고 / 못본지가 몇핼런고 다행히 오날날의 / 만고강산을 유람헐제 / 이곳을 당도허니 옛 일이 새로워라 / 어화세상 벗님네야 / 상전벽해를 웃들마소 / 엽진화락 뉘 없을까 / 서산의 지난 해는 / 양류사로 잡아매고 / 동녘의 걸린 달은 계수야 머물러라 / 한없이 놀고가자 어이 하면은 잘 놀손가 / 젊어 청춘에 일 많이 허고 / 늙어지면서 놀아 보세,32.0,253.82
KC_TM_MF_PS_S000244,남도,민속악,판소리,단가,예의동방,염경애,여창,Db / Bbm,중모리,12/4,120.0,"다이내믹한(2), 열정적인(2), 유쾌한(2), 장엄한(2), 표현적인(2), 경쾌한(1), 기품 있는(1), 긴장된(1), 단아한(1), 신나는(1), 쓸쓸한(1), 애절한(1), 애정 어린(1), 에너지 넘치는(1), 영웅적인(1), 웅대한(1)","묵직한(3), 진한(2), 거친(1), 걸쭉한(1), 긁히는(1), 단단한(1), 담백한(1), 밀도 있는(1), 쇳소리 나는(1), 시원한(1), 안쪽에서 울리는(1), 울리는(1), 힘 있는(1)","철인가는 단군 이래 우리나라 역대 위인들의 업적을 기리는 판소리 단가로, 박헌봉이 지은 곡이다. 이 곡은 민족적 자부심을 고취하는 내용을 담고 있으며 역사적 인물들을 나열하고 그들의 공덕을 찬양하는 구조를 가지고 있다. 여창 가창자 염경애는 이 곡에서 자신의 목소리로 역사의 흐름을 생동감 있게 전달하며, 단가의 특징을 잘 살려낸다. 그녀의 발성은 명확하고 강렬하며, 시김새를 통해 곡의 감정을 풍부하게 표현한다. 염경애는 멜로디의 각 음을 섬세하게 다루며, 중모리의 리듬에 맞춰 자연스럽게 흐름을 타는 기법을 보여준다. 그녀의 성량은 곡의 전개에 따라 유연하게 변화하며, 호흡은 곡의 긴장감과 완급을 조절하는 데 중요한 역할을 한다. 중모리의 리듬 위에서 염경애는 안정적인 호흡을 통해 곡의 마무리를 장식하고, 이러한 기술적 요소들이 곡의 완성도를 높인다.","Cheorin-gana is a pansori song composed by Park Heon-bong that honors the achievements of historical figures in Korea since the time of Dangun. This piece encapsulates a sense of national pride, featuring a structure that lists historical personalities and praises their virtues. The female vocalist, Yeom Gyeong-ae, vividly conveys the flow of history through her voice, effectively embodying the characteristics of the song. Her vocalization is clear and powerful, and she richly expresses the emotions of the piece through her use of sigimsae (ornamentation). Yeom Gyeong-ae delicately handles each note of the melody, demonstrating a technique that allows her to flow naturally with the rhythm of jungmori (medium tempo). Her vocal range flexibly adapts to the progression of the song, while her breath control plays a crucial role in managing the tension and dynamics throughout the piece. Over the rhythm of jungmori, Yeom Gyeong-ae concludes the song with stable breath support, and these technical elements enhance the overall quality of the performance.","예의 동방 우리 역대 대성 철인 누구시며 무훈명장 몇분인가 단군기자 끼친 별도 반만년 유법이라
고구려의 을지문덕 무운이 탁탁하사 만고영장 일러있고
제일악성 완산악 육현금 타일성에 검은학이 춤을 추고
신라의 원효대사 불교에 대성이라 고해중생 보살피사 연화세계 인도허고
삼국통일 김유신 화량정신 떨쳤으며 구경구두 설총선생 교육계 선도이며
열두줄 가야금에 우륵악성 혼이 늘고 만년청청 푸른솔은 솔거화성 정신인 듯 천하문장 고운선생 인간영화 꿈밖이라
국학사 덕삼근은 우리 문화 보급시켜 계몽일본 허였으며
고려의 강감찬은 백발칠십 상원수로 금고 팔지 너울너울 개성가를 울려 있고 대의당당 포은선생 만고충신 떨쳤으며 이조라 세종대왕 훈민정음 지으시사 인물 절정 이루었으니 문화문명 창조주요 율곡선생 경제학설 세계선관 허였으며 전무후무 충무공은 거북선 창조하여 팔진법 빛난공적 만세에 혁혁하고 실학가 정다산은 오는 세계 예측허니 과학자의 참견이라
어화 우리 후인들아 전철의 장한 업적 계승허고 본을받아 일월같이 빛을내어 세계만방 알리고져",예의 동방 우리 역대 대성 철인 누구시며 / 무훈명장 몇분인가 단군기자 끼친 별도 / 반만년 유법이라 고구려의 을지문덕 / 무운이 탁탁하사 만고영장 일러있고 / 제일악성 완산악 육현금 타일성에 / 검은학이 춤을 추고 신라의 원효대사 / 불교에 대성이라 고해중생 보살피사 / 연화세계 인도허고 삼국통일 김유신 / 화량정신 떨쳤으며 구경구두 설총선생 교육계 선도이며 / 열두줄 가야금에 우륵악성 혼이 늘고 / 만년청청 푸른솔은 솔거화성 정신인 듯 / 천하문장 고운선생 인간영화 꿈밖이라 / 국학사 덕삼근은 우리 문화 보급시켜 계몽일본 허였으며 / 고려의 강감찬은 백발칠십 상원수로 / 금고 팔지 너울너울 개성가를 울려 있고 / 대의당당 포은선생 만고충신 떨쳤으며 / 이조라 세종대왕 훈민정음 지으시사 / 인물 절정 이루었으니 문화문명 창조주요 / 율곡선생 경제학설 세계선관 허였으며 / 전무후무 충무공은 거북선 창조하여 / 팔진법 빛난공적 만세에 혁혁하고 / 실학가 정다산은 오는 세계 예측허니 과학자의 참견이라 / 어화 우리 후인들아 전철의 장한 업적 계승허고 본을받아 / 일월같이 빛을내어 세계만방 알리고져,24.0,267.02
KC_TM_MF_PS_S000245,남도,민속악,판소리,단가,운담풍경,조정희,여창,D / Bm,중모리,12/4,110.0,"에너지 넘치는(2), 표현적인(2), 그리운(1), 긴장된(1), 다이내믹한(1), 명랑한(1), 몽환적인(1), 쓸쓸한(1), 애절한(1), 여유로운(1), 장엄한(1), 즐거운(1), 진지한(1), 편안한(1), 향토적인(1)","단단한(2), 쇳소리 나는(2), 긁히는(1), 매끄러운(1), 묵직한(1), 밀도 있는(1), 선명한(1), 울리는(1), 진한(1), 콧소리 나는(1), 힘 있는(1)","운담풍경은 자연 풍광을 즐기며 태평성대를 기원하는 판소리 단가로, 여러 시조와 단가의 구절을 차용하여 구성된 곡이다. 이 곡은 평화로운 시절의 아름다운 경치를 담담하게 노래하며, 민속악의 특징이 잘 드러나는 판소리 장르에 속한다. 여창 가창자 조정희의 목소리는 이 곡을 부드럽게 이끌어가며, 그녀의 발성은 명확하고 안정적이다. 조정희는 전통적인 창법을 활용하여 멜로디를 섬세하게 표현하며, 시김새를 적절히 구사하여 곡의 감정을 더욱 풍부하게 만든다. 그녀의 성량은 곡의 전체적인 흐름을 잘 유지하며, 호흡은 자연스럽고 여유롭게 이어져 곡의 전개에 안정감을 준다. 중모리의 리듬 위에서 조정희는 리드미컬하게 흐름을 타며, 각 구절의 마무리를 부드럽게 처리하여 청중에게 여운을 남긴다. 그녀의 호흡은 곡의 클라이맥스와 마무리를 장식하며, 전통 판소리의 완성도를 높이는 데 기여한다.","Undam Pungkyung is a pansori song that expresses the beauty of nature while wishing for a peaceful era, composed by borrowing various phrases from shijo and other songs. This piece serenely captures the beautiful scenery of tranquil times and belongs to the pansori genre, which prominently features characteristics of folk music. The voice of the female vocalist Jo Jeong-hee gently guides the song, with her vocalization being clear and stable. Jo Jeong-hee employs traditional singing techniques to delicately express the melody, skillfully utilizing ornamentation to enrich the emotional depth of the piece. Her vocal power maintains the overall flow of the song well, and her breathing is natural and relaxed, providing a sense of stability to the development of the music. Riding on the rhythm of Jungmori, Jo Jeong-hee flows rhythmically, smoothly concluding each phrase to leave an aftertaste for the audience. Her breathing adorns the climax and conclusion of the piece, contributing to the overall quality of traditional pansori.","운담풍경근오천 소거에 술을 싣고 방화수류과전천 십리사정 내려가니
넘노나니 황봉백접 쭈루루 풍덩 옥파창랑 떠오나니 도화로다
붉은 꽃 푸른 잎은 산양행수를 그림하고 나는 나비 우는 새는 춘광춘색을 자랑한다
어디로 가잤어라 한 곳을 점점 내려가니 언덕 위에 초동이요 석벽하에 어옹이라
새벽별 가을달빛 강심에 거꾸러져 수중산천이뤘난디
편편 나는 저 백구는 한가함을 자랑한다 은린옥척에 펄펄 뛰고 쌍쌍원앙이 높이 떠 청풍은 서래하고 수파는 불흥이라 종일위지소여하여 능만경지망연이라
달 같이 가는 배는 양진 포진 배회로다
남해팔경 소상동정 청풍적벽이 이 아니냐 풍월강산 구경하고 동해로 건너갈제
아동방 금수강산 동금강 서구월 남지리 북향산 가야산 속리산을 편답하고
삼각산을 올라가니 금부용 만장봉에 서색은 반공이라 남산송백 울울창창 한강유수는 호호양양 춘대일월 태평기색 만만세지 금탕이라
아니 놀고 무엇을 헐거나 헐 일을 허여가면서 놀아보세",운담풍경근오천 / 소거에 술을 싣고 / 방화수류과전천 십리사정 내려가니 / 넘노나니 황봉백접 쭈루루 풍덩 / 옥파창랑 떠오나니 도화로다 / 붉은 꽃 푸른 잎은 산양행수를 그림하고 / 나는 나비 우는 새는 춘광춘색을 자랑한다 / 어디로 가잤어라 / 한 곳을 점점 내려가니 / 언덕 위에 초동이요 석벽하에 어옹이라 새벽별 가을달빛 강심에 거꾸러져 / 수중산천이뤘난디 / 편편 나는 저 백구는 / 한가함을 자랑한다 / 은린옥척에 펄펄 뛰고 / 쌍쌍원앙이 높이 떠 청풍은 서래하고 / 수파는 불흥이라 / 종일위지소여하여 능만경지망연이라 / 달 같이 가는 배는 양진 포진 배회로다 / 남해팔경 소상동정 청풍적벽이 이 아니냐 / 풍월강산 구경하고 동해로 건너갈제 / 아동방 금수강산 동금강 서구월 남지리 북향산 / 가야산 속리산을 편답하고 / 삼각산을 올라가니 / 금부용 만장봉에 / 서색은 반공이라 / 남산송백 울울창창 / 한강유수는 호호양양 / 춘대일월 태평기색 만만세지 금탕이라 / 아니 놀고 무엇을 헐거나 / 헐 일을 허여가면서 놀아보세,30.0,263.5
KC_TM_MF_PS_S000246,남도,민속악,판소리,단가,이산저산,염경애,여창,Db / Bbm,중모리,12/4,110.0,"강렬한(2), 기품 있는(2), 다이내믹한(2), 쓸쓸한(2), 애절한(2), 우울감 있는(2), 강한(1), 그리운(1), 명랑한(1), 비통한(1), 생기 있는(1), 애정 어린(1), 에너지 넘치는(1), 웅대한(1), 차분한(1), 표현적인(1)","거친(2), 단단한(2), 묵직한(2), 쇳소리 나는(2), 시원한(2), 역동적인(2), 울리는(2), 걸쭉한(1), 담백한(1), 섬세한(1), 진한(1)","이산저산은 사계절의 변화와 인생의 덧없음을 노래한 판소리 단가로, 민속악의 한 장르에서 깊은 의미를 담고 있다. 이 곡은 김연수가 지은 것으로 알려져 있으며, 계절의 순환 속에 담긴 삶의 이치를 호소력 있게 전달한다. 여창 가창자 염경애는 이 곡을 통해 자신의 목소리로 이야기를 풀어내며, 그 창법은 전통 판소리의 기법을 잘 살리고 있다. 염경애의 발성은 안정적이며, 각 음절의 발음이 뚜렷하게 전달된다. 시김새를 적절히 사용하여 멜로디에 감정을 담아내며, 성량은 곡의 흐름에 따라 유연하게 변화한다. 그녀는 호흡을 잘 조절하여 긴 구절에서도 안정감을 유지하며, 리듬을 타는 능력이 뛰어나 중모리의 장단에 잘 맞춰 흐름을 이어간다. 이 곡의 중모리 리듬 위에서 염경애는 자연스럽게 음을 연결하며, 호흡을 적절히 활용하여 곡의 마무리를 장식한다. 이러한 요소들은 전통 판소리의 완성도를 높이며, 청중에게 깊은 여운을 남긴다.","Isan Jeosan is a pansori song that sings of the changes of the four seasons and the transience of life, encapsulating profound meaning within a genre of folk music. This piece is believed to have been composed by Kim Yeon-su, effectively conveying the wisdom of life embedded in the cyclical nature of the seasons. The female vocalist Yeom Gyeong-ae narrates the story through her voice, skillfully employing traditional pansori techniques. Yeom Gyeong-ae's vocalization is stable, with each syllable articulated clearly. She appropriately utilizes vibrato to infuse emotion into the melody, and her vocal range flexibly adapts to the flow of the piece. She manages her breath well, maintaining stability even in long phrases, and demonstrates exceptional rhythmic ability, seamlessly aligning with the jangdan of Jungmori. Over the Jungmori rhythm, Yeom Gyeong-ae connects the notes naturally and utilizes her breath effectively to embellish the conclusion of the piece. These elements enhance the completeness of traditional pansori, leaving a profound resonance with the audience.","이 산 저 산 꽃이 피니 분명코 봄이로구나 봄은 찾아 왔건만은 세상사 쓸쓸하더라
나도 어제 청춘일러니 오늘 백발 한심하구나 내 청춘도 날 버리고 속절없이 가버렸으니 왔다 갈 줄 아는 봄을 반겨한들 쓸데가 있더냐
봄아 왔다가 가려거든 가거라 네가 가도 여름이 되면 녹음방초승화시라
옛부터 일러 있고 여름이 가고 가을이 돌아오면 한로삭풍 요란해도
제 절개를 굽히지 않는 황국단풍도 어떠한고
가을이 가고 겨울이 돌아오면 낙목한천 찬 바람에
백설만 펄펄 휘날려 은세계가 되고 보면
월백설백천지백하니 모두가 백발의 벗이로구나
무정세월은 덧없이 흘러가고
이 내 청춘도 아차 한번 늙어지면 다시 청춘은 어려워라
어화 세상 벗님네들 이 내 한 말 들어보소
인생이 모두가 백년을 산다고 해도 병든 날과 잠든 날 걱정 근심 다 제하면
단 사십도 못 살 인생 아차 한 번 죽어지면 북망산천의 흙이로구나
사후에 만반진수는 불여생전 일배주만도 못하느니라
세월아 세월아 세월아 가지 말아라 아까운 청춘들이 다 늙는다
세월아 가지 마라 가는 세월 어쩔거나
늘어진 계수나무 끝끝터리에다 대랑 매달아 놓고
국곡투식 하는 놈과 부모불효 하는 놈과 형제화목 못 하는 놈
차례로 잡아다가 저 세상 먼저 보내 버리고 나머지 벗님네들 서로 모아 앉아서
한 잔 더 먹소 그만 먹게 하면서 거드렁 거리고 놀아보세",이 산 저 산 꽃이 피니 / 분명코 봄이로구나 / 봄은 찾아 왔건만은 / 세상사 쓸쓸하더라 나도 어제 / 청춘일러니 오늘 백발 한심하구나 / 내 청춘도 날 버리고 / 속절없이 가버렸으니 / 왔다 갈 줄 아는 봄을 반겨한들 쓸데가 있더냐 / 봄아 왔다가 / 가려거든 가거라 / 네가 가도 여름이 되면 녹음방초승화시라 / 옛부터 일러 있고 여름이 가고 / 가을이 돌아오면 한로삭풍 / 요란해도 제 절개를 / 굽히지 않는 황국단풍도 어떠한고 / 가을이 가고 겨울이 돌아오면 / 낙목한천 찬 바람에 / 백설만 펄펄 / 휘날려 은세계가 되고 보면 / 월백설백천지백하니 모두가 백발의 벗이로구나 / 무정세월은 덧없이 흘러가고 / 이 내 청춘도 아차 한번 늙어지면 / 다시 청춘은 어려워라 / 어화 세상 벗님네들 / 이 내 한 말 들어보소 / 인생이 모두가 백년을 산다고 해도 / 병든 날과 잠든 날 걱정 근심 다 제하면 단 사십도 못 살 인생 / 아차 한 번 죽어지면 북망산천의 흙이로구나 / 사후에 만반진수는 불여생전 일배주만도 못하느니라 / 세월아 세월아 세월아 가지 말아라 / 아까운 청춘들이 다 늙는다 / 세월아 가지 마라 가는 세월 어쩔거나 / 늘어진 계수나무 끝끝터리에다 대랑 매달아 놓고 / 국곡투식 하는 놈과 부모불효 하는 놈과 형제화목 못 하는 놈 / 차례로 잡아다가 저 세상 먼저 보내 버리고 / 나머지 벗님네들 서로 / 모아 앉아서 한 잔 더 먹소 / 그만 먹게 하면서 거드렁 거리고 놀아보세,38.0,284.76
KC_TM_MF_PS_S000247,남도,민속악,판소리,단가,장부가,이주은,여창,F / Dm,중모리,12/4,90.0,"진지한(3), 기품 있는(2), 에너지 넘치는(2), 웅대한(2), 긴장된(1), 다이내믹한(1), 드라마틱한(1), 생기 있는(1), 서사적인(1), 애정 어린(1), 장엄한(1), 절제된(1), 표현적인(1), 향수 어린(1)","단단한(3), 묵직한(3), 담백한(2), 긁히는(1), 밀도 있는(1), 시원한(1), 진한(1)","장부가는 청춘의 덧없음과 백발의 서러움을 노래한 판소리 단가로, 인생무상의 허무함을 주제로 삼고 있다. 이 곡은 중국의 영웅호걸들조차 세월을 피할 수 없음을 이야기하며, 우조의 씩씩한 성음으로 이 주제를 달래는 민속악의 일종이다. 여창 가창자 이주은은 이 곡을 통해 자신의 목소리로 깊은 감정을 전달하며, 판소리의 전통적인 창법을 잘 살리고 있다. 그녀의 목소리는 강한 발성과 함께 시김새를 적절히 활용하여 곡의 흐름을 이끌어간다. 이주은은 각 음절을 명확히 발음하며, 곡의 리듬에 맞춰 호흡을 조절하여 긴장감을 유지한다. 그녀는 중모리 장단의 리듬을 타며, 이 리듬에 맞춰 자연스럽게 멜로디를 표현하고, 강약 조절을 통해 곡의 전개를 효과적으로 이끈다. 이주은의 호흡은 곡의 마무리를 부드럽게 장식하며, 중모리의 리듬과 조화를 이루어 장르적 완성도를 높인다. 그녀의 가창은 판소리 단가의 특징을 잘 살리며, 곡의 깊이를 더하는 중요한 요소로 작용한다.","Jangbuga is a pansori dan-ga that sings of the transience of youth and the sorrow of gray hair, focusing on the theme of the futility of life. This piece narrates how even the heroes of China cannot escape the passage of time, and it is a type of folk music that soothes this theme with the vigorous tones of the ujo scale. The female vocalist Lee Joo-eun conveys deep emotions through her voice in this piece while effectively preserving the traditional singing style of pansori. Her voice, characterized by strong projection, skillfully utilizes vocal embellishments to guide the flow of the piece. Lee Joo-eun articulates each syllable clearly and adjusts her breathing to maintain tension in accordance with the rhythm of the song. She rides the rhythm of the jungmori jangdan, naturally expressing the melody in sync with this rhythm, and effectively leads the development of the piece through dynamic contrasts. Her breath gracefully adorns the conclusion of the song, harmonizing with the rhythm of the jungmori and enhancing the genre's overall completeness. Her singing captures the distinctive features of pansori dan-ga and serves as a crucial element that deepens the piece's emotional resonance.","어화청춘 소년님네 장부가를 들어보소 국내청년 모아다 교육계에 넣어두고 각종 학문 교수허여 인재양성 허는 것도 우리 장부 헐일이오
천리준총 바삐 몰아 칠적장검 손에 들고 백만대병 진퇴헐제 통일천하 허는 것도 장부의 사업이라
장부가로 노래허니 뜻이 있고 애가 타서 가슴이 답답 목마른다
뒷동산 지는 꽃은 명년 삼월 다시 피되 우리 인생 늙어지면 다시 젊기 어려워라
개벽 후의 나린 사적 역역히 들어보소
요순우탕 문무주공 공맹안즉 대성현의 도덕이 관천하사
만고성현의 이연만은 미미한 인생들은 그 어이 알어주리
강태공 황석공과 사마양저 손빈묵이 청필성 공필취난 만고명장 이연만은 한번 죽음 못 면허고
채미허든 백이숙제 수양산으가 아사허고 맹산군의 개명구폐 신릉군의 절목구조 만고호걸 이연만은 한산새우 비토중의 이일부터는 처량쿠나
그런 만고영웅이야 사적에나 있건마는 초로 같은 우리 인생 내 어찌 허송허리 흔들거리고 헐 일을 허여 가면서 놀아보세",어화청춘 소년님네 / 장부가를 들어보소 / 국내청년 모아다 교육계에 넣어두고 / 각종 학문 교수허여 / 인재양성 허는 것도 / 우리 장부 헐일이오 / 천리준총 바삐 몰아 / 칠적장검 손에 들고 / 백만대병 진퇴헐제 / 통일천하 허는 것도 장부의 사업이라 / 장부가로 노래허니 뜻이 있고 애가 타서 가슴이 답답 목마른다 / 뒷동산 지는 꽃은 명년 삼월 다시 피되 / 우리 인생 늙어지면 다시 젊기 어려워라 / 개벽 후의 나린 사적 / 역역히 들어보소 / 요순우탕 문무주공 공맹안즉 / 대성현의 도덕이 관천하사 / 만고성현의 이연만은 / 미미한 인생들은 그 어이 알어주리 / 강태공 황석공과 / 사마양저 손빈묵이 청필성 공필취난 / 만고명장 이연만은 / 한번 죽음 못 면허고 채미허든 / 백이숙제 수양산으가 아사허고 / 맹산군의 개명구폐 신릉군의 절목구조 / 만고호걸 이연만은 / 한산새우 비토중의 이일부터는 처량쿠나 / 그런 만고영웅이야 / 사적에나 있건마는 초로 같은 우리 인생 / 내 어찌 허송허리 흔들거리고 / 헐 일을 허여 가면서 놀아보세,31.0,248.71
KC_TM_MF_PS_S000248,남도,민속악,판소리,단가,적벽부,염경애,여창,Db / Bbm,중모리,12/4,110.0,"경쾌한(2), 애절한(2), 에너지 넘치는(2), 열정적인(2), 진지한(2), 향토적인(2), 강렬한(1), 강한(1), 기품 있는(1), 다이내믹한(1), 부드러운(1), 엄숙한(1), 영웅적인(1), 장엄한(1), 절제된(1), 표현적인(1)","묵직한(2), 쇳소리 나는(2), 진한(2), 걸쭉한(1), 날 선(1), 단단한(1), 밀도 있는(1), 비강 울림이 있는(1), 역동적인(1), 콧소리 나는(1), 힘 있는(1)","적벽부는 소식의 '전적벽부'를 바탕으로 정정렬 명창이 만든 판소리 단가로, 민속악의 한 갈래인 판소리에서 그 독특한 매력을 발산한다. 이 곡은 적벽강의 풍류와 우주의 무한함을 노래하며, 문학적 깊이와 음악적 멋이 조화를 이루는 명곡으로 자리 잡고 있다. 여창 가창자 염경애는 이 곡을 통해 고유의 창법으로 청중을 매료시킨다. 그녀의 목소리는 중모리 장단에 맞춰 유연하게 흐르며, 각 음절을 정교하게 표현한다. 시김새를 활용해 감정의 변화를 섬세하게 전달하고, 발성의 기술적 특징이 돋보인다. 염경애는 성량을 조절하며 곡의 흐름을 자연스럽게 이어가고, 호흡을 적절히 활용해 멜로디를 부드럽게 이어간다. 곡의 리듬인 중모리 위에서 그녀의 목소리는 안정적이면서도 역동적으로 움직이며, 호흡의 조절이 곡의 마무리를 장식하는 데 중요한 역할을 한다. 이러한 요소들이 결합되어 적벽부는 장르적 완성도를 높이며, 염경애의 가창력이 돋보이는 작품으로 완성된다.","Jeokbyeokbu is a pansori song created by the renowned singer Jeong Jeong-ryeol, based on the 'Jeon Jeokbyeokbu' of the historical narrative. This piece emanates its unique charm from the folk music genre of pansori. It sings of the beauty of the Jeokbyeok River and the infinity of the universe, establishing itself as a masterpiece that harmonizes literary depth with musical elegance. Female vocalist Yeom Gyeong-ae captivates the audience with her distinctive singing style through this piece. Her voice flows gracefully in accordance with the Jungmori jangdan, intricately expressing each syllable. Utilizing vocal ornamentation, she delicately conveys emotional shifts, showcasing her technical vocal characteristics. Yeom Gyeong-ae skillfully modulates her volume, seamlessly maintaining the flow of the piece, and appropriately employs breath control to ensure a smooth melody. On the rhythm of Jungmori, her voice moves dynamically yet steadily, with breath management playing a crucial role in embellishing the conclusion of the piece. These elements combine to elevate the genre's completeness, culminating in a work that highlights Yeom Gyeong-ae's vocal prowess.","임술지추 칠월 기망에 적벽강 배를 띄워 임기소지 노닐 적의 청풍은 서래허고 수파는 불흥이라 술을 들어 객을 주며 칭풍명월 읊조리고 요조지장 노래할 제 이윽고 동산에 달이 솟아 두우간을 배회허니 백로는 횡강허고 추강은 접천이라 가는 곳 배에 맽겨 만경창파 떠나가니 호호헌 빈 천지에 바람 만난 저 돛배는 끄칠 바를 몰라 있고 표표헌 이 내 몸은 우화등선 되었어라 취흥이 도도하야 뱃전 치며 노래헐 제 그 소래여 허였으되 계도혜난장으로 격공명혜소유광이로다 묘묘혜여회여 망미인혜 천일방이로다 퉁소로 화답헐 제 그 소래 오호하여 여원여모 여읍여소 여음이 요요하여 실같이 흘러나니 유하의 잠긴 어룡 흥에 겨워 춤을 추고 고주의 이부들은 망부한을 못 이겨라
추연히 일어 앉어 옛일을 생각허니 만사가 꿈이로구나 월명성희 오작이 남비하니 조맹덕의 지은 시요
서망하구 동망무창 산천이 상교하야 울울창창하였으니 맹덕의 패한 데로구나 거드렁거리고 놀아보세",임술지추 칠월 기망어 적벽강 배를 띄워 / 임기소지 노닐 적의 / 청풍은 서래허고 / 수파는 불흥이라 술을 들어 객을 주며 진국명월 읊조리고 요조지장 노래할 제 / 이윽고 동산에 달이 솟아 두우간을 배회허니 / 백로는 횡강허고 추강은 접천이라 가는 곳 배에 맽겨 만경창파 떠나갈제 / 호호헌 빈 천지에 / 바람 만난 저 돛배는 / 끄칠 바를 몰라 있고 표표헌 이 내 몸은 우화등선 되었어라 취흥이 도도하야 / 뱃전 치며 노래헐 제 그 소래으 허였으되 계도혜난장으로 / 격공명혜소유광이로다 묘묘혜여회여 망미인혜 천일방이로다 퉁소로 화답헐 제 / 그 소래 오호하여 여원여모 여읍여소 여음이 요요하여 실같이 흘러나니 / 유하의 잠긴 어룡 흥에 겨워 춤을 추고 고주의 이부들은 / 망부한을 못 이겨라 추연히 일어 앉어 옛일을 생각허니 / 만사가 꿈이로구나 월명성희 오작이 남비하니 / 조맹덕의 지은 시요 서망하구 동망무창 산천이 상교하야 / 울울창창하였으니 맹덕의 패한 데로구나 / 거드렁거리고 놀아보세,18.0,242.21
KC_TM_MF_PS_S000249,남도,민속악,판소리,단가,죽장망혜,염경애,여창,Db / Bbm,중모리,12/4,120.0,"슬픈(3), 긴장된(2), 엄숙한(2), 우울감 있는(2), 웅대한(2), 절제된(2), 진지한(2), 기품 있는(1), 도취된(1), 명상적인(1), 서사적인(1), 쓸쓸한(1), 영웅적인(1), 우울한(1), 잔잔한(1), 장엄한(1), 차분한(1), 편안한(1), 품위 있는(1)","걸쭉한(2), 단단한(2), 머금은 듯한(2), 묵직한(2), 유연한(2), 긁히는(1), 두터운(1), 밀도 있는(1), 쇳소리 나는(1), 시원한(1), 직진의(1)","죽장망혜는 간편한 차림으로 천리강산을 유람하는 내용을 담은 판소리 단가로, 민속악의 한 장르로서 전통적인 이야기와 자연의 아름다움을 평조 선율로 노래한다. 이 곡은 속세를 떠나 자연을 벗 삼는 선비의 풍류를 표현하며, 전통 판소리의 특성을 잘 드러낸다. 여창 가창자 염경애는 이 곡을 통해 자신의 목소리로 이야기를 풀어내며, 각 음절의 발음을 명확히 하여 청중이 곡의 내용을 쉽게 이해할 수 있도록 한다. 그녀의 창법은 시김새를 적절히 사용하여 감정의 변화를 섬세하게 표현하며, 성량을 조절하여 멜로디의 흐름을 자연스럽게 이끌어간다. 호흡은 곡의 전개에 따라 긴장감과 여유를 적절히 조화시켜, 리듬을 타며 곡의 구조적 완성도를 높인다. 중모리의 리듬 위에서 염경애는 곡의 흐름을 부드럽게 이어가며, 각 구절의 마무리를 호흡으로 장식하여 청중에게 여운을 남긴다. 이러한 요소들은 죽장망혜가 단순한 노래가 아닌, 자연과 인간의 관계를 깊이 있게 탐구하는 예술적 표현으로 자리매김하게 한다.","Jukjangmanghye is a pansori solo piece that encapsulates the experience of traveling through the beautiful landscapes of Korea in a simple attire, representing a genre of folk music that sings traditional stories and the beauty of nature with a plain melody. This piece expresses the refined spirit of a scholar who departs from the secular world to embrace nature, effectively showcasing the characteristics of traditional pansori. Female vocalist Yeom Gyeong-ae unfolds the narrative through her voice, ensuring that each syllable is pronounced clearly so that the audience can easily grasp the content of the piece. Her singing technique employs appropriate use of sigimsae to delicately convey emotional shifts, while she modulates her vocal strength to guide the flow of the melody naturally. The breath control harmonizes tension and relaxation according to the development of the piece, enhancing the structural completeness of the rhythm. Over the rhythm of jungmori, Yeom Gyeong-ae smoothly connects the flow of the piece, embellishing the endings of each phrase with breath to leave a lingering impression on the audience. These elements establish Jukjangmanghye not merely as a song, but as an artistic expression that deeply explores the relationship between nature and humanity.","죽장 짚고 만혜신어라 천리강산 들어가니 폭포도 장히 좋다마는 여산이 여기라
비류직하삼천척은 옛말로 들었더니 과연 허언이 아니로다
그 물에 유두허야 진검을 씻은 후 석경산 좁은 길로 인도 한 곳을 나려가니
저익은 이랴 밭을 갈고 사호노인  바돌을 둔다
기산을 넘고 넘어 영수로 나려가니
소부는 무삼 일로 팔 걷고 귀를 씻고 허유는 어이 허야 소 고삐를 거사렸누
창랑가 반기 듣고 소리 좇아서 나려가니
엄릉탄 여울물은 고기 낚는 어홍들은 양의 갖옷을 떨뜨리고 벗을 줄을 모르더라
오호라 세인기굴평 미재굴평 역기세라 황산곡 돌아드니 죽림칠현이 다모였네
영척 소를 타고 맹호연 나귀 타 두목지를 보이랴고 백락천변을 나려가니 장건의 승사로다 맹도야 너른 뜰은 와룡강을 나려가니
학창의 흑대 띠고 팔진도 축지법을 흉장만갑하고 초당의 앉아 조울며 대몽시를 읊네 그려",죽장 짚고 망혜신어라 천리강산 들어가니 / 폭포도 장히 좋다마는 여산이 여그라 / 비류직하삼천척은 옛말로 들었더니 과연 허언이 아니로다 / 그 물 유도 하야 진검을 씻친 후 석경산 좁은 길로 인도 / 한 곳을 나려가니 저익은 이랴 밭을 갈고 사호노인 바돌을 둔다 / 기산을 넘고 넘어 영수로 나려가니 / 소부는 무삼 일로 팔 걷고 귀를 씻고 허유는 어이 허야 소 고삐를 거사렸누 / 창랑가 반기 듣고 소리 좇아서 나려가니 엄릉탄 여울물은 / 고기 낚는 어홍들은 상류 갖옷을 떨뜨리고 벗을 줄을 모르더라 오호라 / 세인기굴평 미재굴평 역기세라 황산곡 돌아드니 / 죽림칠현이 다모였네 영척 소를 타고 맹호연 나귀 타 두목지 보이랴고 백락천변을 나려가니 / 장건의 승사로다 맹도야 너른 뜰은 와룡강을 나려가니 / 학창의 흑대 띠고 팔진도 축지법을 흉장만갑하고 / 초당의 앉아 조울며 대몽시를 읊네 그려,14.0,219.02
KC_TM_MF_PS_S000250,남도,민속악,판소리,단가,진국명산,염경애,여창,Db / Bbm,중모리,12/4,110.0,"표현적인(3), 감상적인(2), 에너지 넘치는(2), 장엄한(2), 활기찬(2), 강한(1), 기품 있는(1), 신비로운(1), 웅대한(1), 잔잔한(1), 절제된(1), 진지한(1), 향수 어린(1), 환상적인(1)","단단한(3), 걸쭉한(2), 진한(2), 긁히는(1), 두터운(1), 묵직한(1), 섬세한(1), 쇳소리 나는(1), 울리는(1)","진국명산은 한양의 지세를 찬양하고 나라의 태평성대를 기원하는 판소리 단가로, 우리나라를 배경으로 한 사설이 특징이다. 이 곡은 서울의 산세와 풍광을 웅장하게 묘사하여 나라 사랑하는 마음을 담고 있으며, 민속악의 한 장르인 판소리의 단가로서 그 특성을 잘 드러낸다. 여창 가창자 염경애의 목소리는 이 곡을 이끌어가는 중요한 요소로, 그녀는 발성을 통해 곡의 서사를 효과적으로 전달한다. 염경애는 시김새를 활용하여 감정을 표현하며, 그 변화는 곡의 흐름을 자연스럽게 이끌어간다. 그녀의 성량은 곡의 각 부분에서 적절하게 조절되며, 호흡의 조절 또한 곡의 긴장감과 여유를 함께 만들어낸다. 중모리의 리듬 위에서 가창자는 리드미컬하게 흐름을 타며, 각 구절의 마무리에서는 호흡을 통해 곡의 결을 더욱 강조한다. 이러한 호흡의 사용은 곡의 완성도를 높이는 데 기여하며, 청중에게 깊은 인상을 남긴다.","Jingukmyeongsan is a pansori solo piece that praises the geography of Hanyang and wishes for the nation's peace and prosperity, characterized by a narrative set against the backdrop of Korea. This composition grandly depicts the mountains and scenery of Seoul, embodying a deep love for the country, and effectively showcases the characteristics of pansori, a genre of folk music. The voice of the female vocalist, Yeom Gyeong-ae, is a crucial element that drives the piece, as she conveys the narrative effectively through her vocalization. Yeom Gyeong-ae expresses emotions by utilizing various vocal techniques, and these changes naturally guide the flow of the piece. Her vocal volume is appropriately adjusted throughout the different sections, and her control of breath creates both tension and ease within the music. Riding on the rhythm of Jungmori, the vocalist flows rhythmically, and at the end of each phrase, she emphasizes the texture of the piece through her breath. This use of breath contributes to the overall completeness of the composition, leaving a profound impression on the audience.","진국명산 만장봉이요 청천삭출금부용과 거벽은 흘립허여 북주로 삼각이요
기암은 두기 남안잠두로다 좌룡낙산 우호인왕 서색은 반공 응상궐이요
숙기 종영출인걸이라 미재라 동방 산하지고여 성대 태평 의관문물 만만세지 금탕이라
년풍코 국태민안허여 구추황국 단풍지절에 인유이 봉무허고 면악등림허여 취포반환하오며 감격군은 허오리다
남산 송백 울울창창 한강 유수난 호호양양 주상전하는 차산유수 같이 성수무강허사 산붕수갈토록 천천만만세를 태평으로만 누리소서
우리도 일민이 되어 강구연월의 격양가를 부르리라
부귀와 공명은 세상 사람들께 모두다 전하고 가다가 아무데나 기산대하처 명당을 가리고 오간팔작으로 황학루 만큼 집짓고 앞냇물이 지고 내나이 팔십이 넘거든 송비백운허여
옥경의 올라가 기방 두홍 다홍연을 나혼자 임자되어 늙을 놀이를 허리로 구나 거드렁 거리고 놀아보세",진국명산 만장봉이요 / 청천삭출금부용과 / 거벽은 흘립허여 / 북주로 삼각이요 / 기암은 두기 남안잠두로다 좌룡낙산 우호인왕 / 서색은 반공 응상궐이요 / 숙기 종영출인걸이라 / 미재라 동방 산하지고여 / 성대 태평 의관문물 / 만만세지 금탕이라 / 년풍코 국태민안허여 / 구추황국 단풍지절에 / 인유이 봉무허고 / 면악등림허여 취포반환하오며 / 감격군은 허오리다 / 남산 송백 울울창창 / 한강 유수난 호호양양 / 주상전하는 차산유수 같이 / 성수무강허사 산붕수갈토록 / 천천만만세를 / 태평으로만 누리소서 / 우리도 일민이 되어 / 강구연월의 격양가를 부르리라 / 부귀와 공명은 세상 사람들께 / 모두다 전하고 가다가 아무데나 / 기산대하처 명당을 가리고 / 오간팔작으로 황학루 만큼 집짓고 / 앞냇물이 지고 내나이 팔십이 / 넘거든 송비백운허여 / 옥경의 올라가 기방 두홍 다홍연을 / 나혼자 임자되어 늙을 놀이를 허리로 구나 / 거드렁 거리고 놀아보세,32.0,232.39
KC_TM_MF_PS_S000251,남도,민속악,판소리,단가,천하태평,조정희,여창,D / Bm,중모리,12/4,110.0,"장엄한(3), 절제된(3), 애절한(2), 열정적인(2), 차분한(2), 그리운(1), 긴장된(1), 시적인(1), 신비로운(1), 엄숙한(1), 에너지 넘치는(1), 여유로운(1), 영웅적인(1), 우아한(1), 웅대한(1), 진지한(1)","단단한(3), 거친(2), 묵직한(2), 뻗어 나가는(2), 진한(2), 걸쭉한(1), 긁히는(1), 맑은(1), 머금은 듯한(1), 밀도 있는(1), 비강 울림이 있는(1), 선명한(1), 섬세한(1), 시원한(1), 안쪽에서 울리는(1), 울리는(1), 직진의(1)","천하태평은 초한지의 홍문연 고사를 소재로 한 판소리 단가로, 영웅들의 기세와 호탕함을 웅장하게 표현하는 민속악 장르의 곡이다. 이 곡은 긴박한 상황 묘사와 인물들의 심리 묘사가 뛰어난 특징을 지니며, 단가의 특성상 간결하면서도 깊이 있는 서사를 전달하는 데 중점을 둔다. 여창 가창자 조정희의 목소리는 이 곡을 이끌어가는 중요한 요소로, 그녀는 발성을 통해 강렬한 감정을 전달하며, 시김새와 같은 전통적인 창법을 활용하여 곡의 긴장감을 고조시킨다. 조정희는 중모리 장단에 맞춰 안정적인 호흡을 유지하며, 각 음절을 명확하게 발음하면서도 유연하게 멜로디를 표현한다. 그녀의 성량은 적절히 조절되며, 긴장감 넘치는 구간에서는 더욱 힘 있게 발산되면서도 부드러운 부분에서는 섬세한 터치를 잃지 않는다. 곡의 흐름 속에서 조정희는 중모리의 리듬을 타고 자연스럽게 감정을 전개하며, 호흡의 조절로 곡의 마무리를 장식한다. 이러한 요소들은 곡의 장르적 완성도를 높이며, 청중에게 깊은 인상을 남기는 데 기여한다.","Cheonhataepyeong is a pansori song based on the historical tale of Hongmunyeon from the Chronicles of the Han Dynasty, representing the grandeur of heroes' vigor and boldness within the folk music genre. This piece is characterized by its exceptional depiction of urgent situations and the psychological portrayal of characters, emphasizing the delivery of a concise yet profound narrative, which is inherent to the nature of pansori. The voice of the female vocalist Jo Jeong-hee is a crucial element that guides this piece; she conveys intense emotions through her vocalization and enhances the tension of the song by employing traditional singing techniques such as sigimsae. Jo Jeong-hee maintains stable breath control in accordance with the jungmori jangdan, articulating each syllable clearly while flexibly expressing the melody. Her vocal power is appropriately modulated, projecting more forcefully during tense sections while retaining delicate touches in softer passages. Throughout the flow of the piece, Jo Jeong-hee naturally unfolds emotions in sync with the rhythm of jungmori, concluding the song with a well-regulated breath. These elements contribute to the genre's overall completeness and leave a lasting impression on the audience.","천하가 태평허면 언무수문허려니와 시절이 분요허면 포연탄우 만날 줄을 사람마다 아는 배라 진나라의 모진 정사 맹호 독사같이 심하더니 사심조차 잃단 말가 초야의 영웅들이 질족자 뜻을 두고 곳곳이 일어날 적 강동의 성낸 범과 패택으 잠긴 용이
각자 기병 힘을 모아 진나라를 멸할 적에 선입중관중자면 왕허리라 깊은 언약이 어젠 듯 오날인 듯 어이타 초패왕은 당시 세력 힘을 믿고 배은망덕 허단 말가 무죄한 패공이를 아무리 살해코저 홍문연우다 설연을 헌들 하느님이 내신 사람 천붕우출이라 벗어날 길이 없을소냐 유눙제강 옛 말씀을 일로 보아 알리로구나
위의를 살펴보니 백모 황월 장창 대검 청도 금고 대기치며 영기 방패 숙정패 주장 능장 사모창을 좌우로 늘어세우고 중군의 주자기를 반공중으다가 높이 추여 달고 좌상으가 앉은 영웅 일등명장들이 다 모였구나 녹포 홍대 호수염으 팔적 장검을
비꼈으니 역발산 기개세라 당시 호걸 초패왕은 제일 상좌로 앉으시고 그 남은 영웅들은 제 차례로 늘어 앉어 대사를 의논하는 광경이로구나 거드렁 거려가며 놀아보자",천하가 태평허면 언무수문허려니와 / 시절이 분요허면 포연탄우 만날 줄을 사람마다 아는 배라 / 진나라의 모진 정사 맹호 독사같이 심하더니 사심조차 잃단 말가 / 초매의 영웅들이 질족자 뜻을 두고 곳곳이 일어날 적 / 강동의 성낸 범과 패택으 잠긴 용이 각자 기병 힘을 모아 / 진나라를 멸할 적에 선입중관중자면 왕허리라 깊은 언약이 / 어젠 듯 오날인 듯 어이타 초패왕은 / 당시 세력 힘을 믿고 배은망덕 허단 말가 무죄한 패공이를 / 아무리 살해코저 홍문연우다 설연을 헌들 / 하느님이 내신 사람 천붕우출이라 벗어날 길이 없을소냐 / 유눙제강 옛 말씀을 일로 보아 알리로구나 위의를 살펴보니 / 백모 황월 장창 대검 청도 금고 / 대기치며 영기 방패 숙정패 주장 능장 사모창을 좌우로 늘어세우고 / 중군의 주자기를 반공중으다가 높이 추여 달고 / 좌상으가 앉은 영웅 일등명장들이 다 모였구나 / 녹포 홍대 호수염으 팔적 장검을 비꼈으니 역발산 기개세라 당시 호걸 초패왕은 제일 상좌로 앉으시고 / 그 남은 영웅들은 제 차례로 늘어 앉어 대사를 의논하는 광경이로구나 거드렁 거려가며 놀아보자,17.0,256.94
KC_TM_MF_PS_S000252,남도,민속악,판소리,단가,초한가,이주은,여창,F / Dm,중모리,12/4,110.0,"에너지 넘치는(3), 다이내믹한(2), 영웅적인(2), 장엄한(2), 강렬한(1), 강한(1), 기품 있는(1), 서사적인(1), 신나는(1), 엄숙한(1), 열정적인(1), 우울감 있는(1), 유쾌한(1), 절제된(1), 진지한(1), 해학적인(1), 향토적인(1), 활기찬(1)","뻗어 나가는(3), 단단한(2), 묵직한(2), 시원한(2), 머금은 듯한(1), 밀도 있는(1), 쇳소리 나는(1), 역동적인(1), 울리는(1), 진한(1)","초한가는 항우와 유방의 대결을 다룬 민속악의 판소리 곡으로, 단가 형태로 구성되어 있다. 이 곡은 서도잡가의 특징을 살려 영웅들의 흥망성쇠를 서도 특유의 창법으로 표현한다. 여창 가창자 이주은의 목소리는 이 곡의 서사를 깊이 있게 전달하며, 그녀의 발성은 중모리 장단에 맞춰 안정적인 흐름을 유지한다. 이주은은 고유의 시김새를 통해 감정과 이야기를 전달하며, 음의 높낮이를 조절하여 청중의 집중을 끌어낸다. 그녀의 성량은 적절하게 조절되어 곡의 긴장감과 해소를 효과적으로 표현하며, 호흡 또한 자연스럽게 이어져 곡의 전개에 기여한다. 중모리의 리듬 위에서 이주은은 곡의 흐름을 잘 타면서도 각 음절의 길이를 조절하여 리듬감을 살린다. 그녀의 호흡은 곡의 마무리를 부드럽게 장식하며, 전반적인 장르적 완성도를 높이는 데 중요한 역할을 한다.","Chohan-ga is a pansori piece that deals with the confrontation between Xiang Yu and Liu Bang, structured in the form of a danga. This piece embodies the characteristics of Seodo-japga, expressing the rise and fall of heroes through the unique vocal techniques of Seodo. The voice of female vocalist Lee Joo-eun conveys the narrative of this piece profoundly, and her vocalization maintains a stable flow in accordance with the Jungmori jangdan. Lee Joo-eun communicates emotions and stories through her distinctive sigimsae, adjusting the pitch to capture the audience's attention. Her vocal volume is appropriately modulated to effectively express the tension and resolution of the piece, while her breathing flows naturally, contributing to the development of the composition. Riding on the rhythm of Jungmori, Lee Joo-eun skillfully navigates the flow of the piece while adjusting the length of each syllable to enhance the sense of rhythm. Her breath gracefully adorns the conclusion of the piece, playing a crucial role in elevating the overall genre's completeness.","만고영웅 호걸들아 초한 승부 들어보소 철인지용 부질없고 순민심 으뜸이라
한패공 백만 대병 굴의산하 십사면의 대진을 둘러치고 초패왕을 잡으랄제
천하백마 도원수는 기식표묘 한신이라 대장단 높이 올라 천하좌우를 호령헐제
흠양성곡 험한길과 팽성도 오백리를 거리거리 복병이요 두루두루 매복이라 묘교많은 이좌거는 패왕을 유인헐제 산잘놓는 장자방과
계명산 추야원의 옥통수를 슬피불어 그 노래에 허였으되
구추구추 깊은 밤은 하날 높고 달이 밝다 울고 가는 저 기러기는 객의 수심을 도도 낸듯
변방만리 사지 중의 전지가는 저 군사야 너의 패왕
쇄군하여 전장의 죽을 패로구나 철갑을 고쳐입고 날랜 장검 빼어드니
천금같이 중한 몸이 전장 고혼이 되리로구나
호생호사 허는 마음 사람마다 있건마는 너희들은 어찌를 하여 죽기를 그리 즐기느냐
너의 당상 학발양친 어느 누구라 위로허며 암남산 좋은 밭을 어느 장부 갈아주며 태고적 빚은 술을 어느 장부가 맛을 볼그나
너희들도 어서 고향 수이 가서 부모님 보시고 처자들을 받들고 흔들 흐늘 거리고 헐일을 허여가면서 놀아 보세",만고영웅 호걸들아 / 초한 승부 들어보소 / 철인지용 부질없고 순민심 으뜸이라 / 한패공 백만 대병 굴의산하 / 십사면의 대진을 둘러치고 / 초패왕을 잡으랄제 천하백마 도원수는 / 기식표묘 한신이라 / 대장단 높이 올라 / 천하좌우를 호령헐제 / 흠양성곡 험한길과 팽성도 오백리를 / 거리거리 복병이요 두루두루 매복이라 / 묘교많은 이좌거는 패왕을 유인헐제 / 산잘놓는 장자방과 계명산 추야원의 / 옥통수를 슬피불어 그 노래에 허였으되 / 구추구추 깊은 밤은 하날 높고 달이 밝다 / 울고 가는 저 기러기는 객의 수심을 도도 낸듯 / 변방만리 사지 중의 전지가는 저 군사야 / 너의 패왕 쇄군하여 전장의 죽을 패로구나 / 철갑을 고쳐입고 / 날랜 장검 빼어드니 천금같이 / 중한 몸이 전장 고혼이 되리로구나 / 호생호사 허는 마음 사람마다 있건마는 / 너희들은 어찌를 하여 죽기를 그리 즐기느냐 / 너의 당상 학발양친 어느 누구라 위로허며 / 암남산 좋은 밭을 어느 장부 갈아주며 / 태고적 빚은 술을 / 어느 장부가 맛을 볼그나 / 너희들도 어서 고향 수이 가서 / 부모님 보시고 처자들을 받들고 / 흔들 흐늘 거리고 / 헐일을 허여가면서 놀아 보세,31.0,256.39
KC_TM_MF_PS_S000253,남도,민속악,판소리,단가,편시춘,조정희,여창,D / Bm,중모리,12/4,110.0,"기품 있는(2), 쓸쓸한(2), 표현적인(2), 다이내믹한(1), 불가사의한(1), 생기 있는(1), 애절한(1), 어두운(1), 에너지 넘치는(1), 웅대한(1), 장엄한(1), 즐거운(1), 진지한(1), 침울한(1)","쇳소리 나는(3), 걸쭉한(2), 시원한(2), 밀도 있는(1), 안쪽에서 울리는(1), 진한(1), 콧소리 나는(1)","편시춘은 1930년대에 유행한 단가로, 늙어가는 청춘과 세월의 무상함을 노래하는 민속악의 한 형태인 판소리 곡이다. 이 곡은 대중가요적인 성격을 띠며, 임방울 명창이 자주 불렀던 곡으로, 애절한 가사와 선율이 대중의 공감을 얻었다. 여창 가창자 조정희는 이 곡을 통해 곡의 감정을 깊이 있게 전달하며, 그녀의 목소리가 곡의 흐름을 이끌어간다. 조정희는 발성에서 안정감을 유지하며, 시김새를 적절히 활용해 멜로디를 표현한다. 그녀의 성량은 곡의 다양한 구간에서 유연하게 변하며, 중모리의 리듬에 맞춰 자연스럽게 흐름을 타고 있다. 호흡은 곡의 전개에 따라 적절히 조절되며, 각 구절의 마무리를 섬세하게 장식하고, 이는 곡의 완성도를 높이는 데 기여한다. 조정희의 창법은 단가의 특성을 잘 살리며, 중모리의 리듬 속에서 그녀의 목소리가 곡의 감정선을 더욱 풍부하게 만든다.","Pyeonsichun is a genre of Dan-ga that became popular in the 1930s, characterized as a form of folk music that sings about the aging youth and the transience of time, represented through the Pansori repertoire. This piece possesses a popular song-like quality and was frequently performed by the renowned singer Im Bang-ul, whose poignant lyrics and melodies resonated with the public. Female vocalist Jo Jeong-hee deeply conveys the emotions of the piece, with her voice guiding the flow of the music. Jo maintains a sense of stability in her vocalization and skillfully employs sigimsae to express the melody. Her vocal range flexibly adapts throughout the various sections of the piece, seamlessly flowing in accordance with the rhythm of Jungmori. Breathing is appropriately controlled according to the development of the song, delicately embellishing the endings of each phrase, which contributes to the overall completeness of the piece. Jo Jeong-hee's singing technique effectively captures the characteristics of Dan-ga, enriching the emotional line of the piece within the rhythm of Jungmori.","아서라 세상사 쓸곳 없다 군불견 동원도리 편시춘 창가 소부야 웃들 마소
대장부 평생 사업 거년 넘어가니 동류수 굽이 굽이 물결은 바삐 바삐 백천이
동동해 허니 하시 부서귀 여라 우산에 지는해난 제경공의 눈물이요
분수의 추풍곡은 한 무제의 설움이라 피죽죽 저 두견아 성성제혈을 한을 마소
기천년 미귀혼이 너도 또한 슬프련만 천고상심 우리 인생 봄 마다 수심이라 낙양성동 낙화수심 공자 왕손이 처량쿠나 청춘꿈을 놀래 깨니 백발 설움이 더욱 짙다 오릉금시 은안백마 당시행락이 나련마는 장안 청루 소년들아 너 흥을 자랑 마라
창강에 배를 띄워 풍월을 가득 싣고 범범중류 나려가니 백구비거비래뿐이로구나 어디서 비파곡종 인불견 수봉청은 소상고적이 방불허고 음풍이 노호헌디
탁랑이 배공이라 저 건너 성난 유수 절강일시가 분명쿠나
희미헌 옛 사당에 상산사 흔적이요 일호주 다 진토록 만고사 암암허다
유령이 기주헌들 분상토에 술이 올거나 살아 생전에 많이 먹고 놀고 헐일을 허면서 지내 보세",아서라 세상사 쓸곳 없다 / 군불견 동원도리 편시춘 창가 소부야 웃들 마소 / 대장부 평생 사업 거년 넘어가니 / 동류수 굽이 굽이 물결은 바삐 바삐 / 백천이 동동해 허니 하시 부서귀 여라 / 우산에 지는해난 제경공의 눈물이요 / 분수의 추풍곡은 한 무제의 설움이라 / 피죽죽 저 두견아 성성제혈을 한을 마소 / 기천년 미귀혼이 너도 또한 슬프련만 / 천고상심 우리 인생 봄 마다 / 수심이라 낙양성동 낙화수심 / 공자 왕손이 처량쿠나 / 청춘꿈을 놀래 깨니 백발 설움이 더욱 짙다 / 오릉금시 은안백마 당시행락이 나련마는 / 장안 청루 소년들아 / 너 흥을 자랑 마라 / 창강에 배를 띄워 / 풍월을 가득 싣고 범범중류 나려가니 / 백구비거비래뿐이로구나 어디서 비파곡종 / 인불견 수봉청은 소상고적이 방불허고 / 음풍이 노호헌디 탁랑이 배공이라 / 저 건너 성난 유수 / 절강일시가 분명쿠나 / 희미헌 옛 사당에 상산사 흔적이요 / 일호주 다 진토록 만고사 암암허다 / 유령이 기주헌들 분상토에 술이 올거나 / 살아 생전에 많이 먹고 놀고 / 헐일을 허면서 지내 보세,28.0,245.5
KC_TM_MF_MY_S000254,서도,민속악,민요,서도 잡가,영변가,유지숙,여창,D / Bm,세마치,9/8,240.0,"애절한(4), 향토적인(3), 엄숙한(2), 가볍고 신비로운(1), 감상적인(1), 관능적인(1), 기품 있는(1), 마음을 울리는(1), 불안한(1), 슬픈(1), 시적인(1), 쓸쓸한(1), 아정한(1), 어두운(1), 우울감 있는(1), 유려한(1), 잔잔한(1), 표현적인(1), 향수 어린(1)","콧소리 나는(3), 걸쭉한(2), 머금은 듯한(2), 비강 울림이 있는(2), 울리는(2), 긁히는(1), 날 선(1), 밀도 있는(1), 밝은(1), 선명한(1), 쇳소리 나는(1), 시원한(1), 유연한(1), 정제된(1), 진한(1)","영변가는 평안도 영변 약산동대의 진달래꽃과 경치를 노래한 서도잡가로, 유절 형식으로 구성된 민속악의 한 장르인 민요에 속한다. 이 곡은 서도 특유의 애수 띤 맛이 잘 드러나며, 아름다운 풍광 속에 서린 쓸쓸함을 표현하는 데에 중점을 두고 있다. 여창 가창자 유지숙의 목소리는 이 곡의 감정을 깊이 있게 전달하며, 애절한 분위기를 만들어낸다. 그녀의 창법은 섬세한 발성과 시김새를 통해 곡의 감정을 더욱 부각시키며, 각 음을 정교하게 표현하여 청중이 곡의 서사를 느낄 수 있도록 이끈다. 특히, 유지숙의 성량은 곡의 흐름에 맞춰 조절되며, 호흡은 자연스럽고 안정적이다. 이러한 요소들은 그녀가 멜로디를 표현하는 방식에 큰 영향을 미치며, 곡의 애절한 감정을 잘 살려낸다. 세마치의 리듬 위에서 그녀의 목소리는 곡의 흐름을 타며 유연하게 이어지며, 호흡의 조절은 곡의 마무리를 장식하는 데 중요한 역할을 한다. 이러한 요소들이 결합되어 영변가는 서도잡가로서의 완성도를 높인다.","Yeongbyeongga is a genre of folk music belonging to the seodo japga, which sings of the azaleas and scenery of Yaksan-dong in Yeongbyeong, Pyeongan-do. This piece distinctly showcases the poignant essence characteristic of seodo, focusing on expressing the solitude intertwined with beautiful landscapes. The voice of the female vocalist Yoo Ji-sook deeply conveys the emotions of the piece, creating a heart-wrenching atmosphere. Her singing technique accentuates the emotions of the song through delicate vocalization and nuanced ornamentation, allowing each note to be articulated with precision, guiding the audience to feel the narrative of the piece. Notably, Yoo Ji-sook's vocal range is adjusted in accordance with the flow of the music, and her breath control is both natural and stable. These elements significantly influence her interpretation of the melody, effectively capturing the poignant emotions of the piece. Riding on the rhythm of semachi, her voice flows flexibly with the music, and the control of her breath plays a crucial role in embellishing the conclusion of the piece. The combination of these factors enhances the overall completeness of Yeongbyeongga as a seodo japga.","노자 에 노자 노자 젊어서 노잔다 나이 많아 병이나 들면은 못 노리로다
영변에 약산에 동대로다 부디 평안히 너 잘있거라
나도 명년 양춘은 가절이로다 또 다시 보자
오동에 복판이로다 거문고로구나 둥당실 설기둥 소리가 저절로 난다
달아 에 달아 달아 허공 중천에 둥당실 걸리신 달아
님에 나 창전이로구나 비치신 달아
아서라 말려무나 네 그리 말려무나 사람의 인정의 괄세를 네 그리 마라
남산을 바라다 보니 진달화초는 다 만발 하였는데
웃동 짧고 아래 아랫동 팡파짐 한 아이들아 날 살려주렴",노자 에 / 노자 노자 / 젊어서 노잔다 / 나이 많아 병이나 들면은 / 못 노리로다 / 영변에 약산에 / 동대로다 / 부디 평안히 너 잘있거라 / 나도 명년 / 양춘은 가절이로다 / 또 다시 보자 / 오동에 / 복판이로다 / 거문고로구나 / 둥당실 설기둥 소리가 / 저절로 난다 / 달아 에 / 달아 달아 / 허공 중천에 둥당실 걸리신 달아 / 님에 나 / 창전이로구나 / 비치신 달아 / 아서라 / 말려무나 / 네 그리 말려무나 / 사람의 인정의 괄세를 / 네 그리 마라 / 남산을 / 바라다 보니 / 진달화초는 다 만발 하였는데 / 웃동 짧고 / 아래 아랫동 팡파짐 한 아이들아 / 날 살려주렴,33.0,355.54
KC_TM_MF_MY_S000255,서도,민속악,민요,서도민요,안주애원성,유지숙,여창,F / Dm,굿거리,12/8,130.0,"경쾌한(4), 감상적인(1), 다이내믹한(1), 따뜻한(1), 부드러운(1), 슬픈(1), 신나는(1), 쓸쓸한(1), 에너지 넘치는(1), 유쾌한(1), 잔잔한(1), 축제적인(1), 편안한(1), 평온한(1), 평화로운(1), 행복한(1), 향토적인(1)","비강 울림이 있는(3), 담백한(2), 울리는(2), 가는(1), 고운(1), 날 선(1), 단단한(1), 매끄러운(1), 쇳소리 나는(1), 진한(1), 콧소리 나는(1)","안주애원성은 평안도 안주 지방의 여성 민요로, 베를 짜며 부르는 노래이기에 '물레타령'이라고도 알려져 있다. 이 곡은 삶의 애환을 담고 있으며, 서도 여인들의 고달픈 삶과 한을 구성진 가락으로 풀어내는 서도민요의 특징이 잘 드러나는 민속악이다. 여창 가창자 유지숙의 목소리는 이 곡을 경쾌한 분위기로 이끌어가며, 그녀의 발성은 명확하고 힘차게 멜로디를 표현한다. 유지숙은 시김새를 적절히 사용하여 곡의 감정을 더욱 강조하며, 성량은 곡 전반에 걸쳐 안정적이고 유연하게 흐른다. 호흡 또한 곡의 흐름에 맞춰 자연스럽게 이어지며, 굿거리의 리듬 위에서 그녀의 목소리는 경쾌하게 춤을 추듯이 움직인다. 이러한 호흡의 조절은 곡의 마무리에서 깊은 여운을 남기며 장르적 완성도를 높이는 데 기여한다.","Anju Aewonseong is a women's folk song from the Anju region of Pyeongan-do, also known as 'Mulle Taryeong' due to its association with weaving. This piece encapsulates the joys and sorrows of life, showcasing the characteristics of Seodo minyo, which express the hardships and deep emotions of women in the western provinces through poignant melodies. The voice of the female vocalist Yoo Ji-sook leads the song with a lively atmosphere, and her vocalization clearly and powerfully conveys the melody. Yoo Ji-sook effectively employs vocal embellishments to further emphasize the song's emotions, while her vocal range flows steadily and flexibly throughout the piece. Her breath control aligns naturally with the flow of the song, and over the rhythm of the gutgeori, her voice moves as if dancing with a lively spirit. This control of breath leaves a profound resonance at the conclusion of the piece, contributing to the overall artistic completeness of the genre.","물래야 돌아라 가락아 돌아라 시오마니 오면은 매 맞갔구나
아이고 아이고 생성화 났쉐다
물래 가락은 살살 돌아도 기지개만 팔팔 나누나
아이고 아이고 생성화 났쉐다
뒷문 밖에야 시라리 타레야 바람만 불어도 날 속이누나
아이고 아이고 생성화 났쉐다
뒷문 밖에야 집짓고 살아도 그리워 살기는 매 일반 이로다
아이고 아이고 생성화 났쉐다
먹을 것 없어서 성화를 먹구요 쓸것이 없어서 속쓰고 삽네다
아이고 아이고 생성화 났쉐다
다려가소래 날다려 가소레 한양에 낭군아 날 다려 가소레
아이고 아이고 생성화 났쉐다
물래야 돌아라 가락아 돌아라 시오마니 오면은 매 맞갔구나
아이고 아이고 생성화 났쉐다",물래야 돌아라 가락아 돌아라 / 시오마니 오면은 매 맞갔구나 / 아이고 아이고 생성화 났쉐다 / 물래 가락은 살살 돌아도 / 기지개만 팔팔 나누나 / 아이고 아이고 생성화 났쉐다 / 뒷문 밖에야 시라리 타레야 / 바람만 불어도 날 속이누나 / 아이고 아이고 생성화 났쉐다 / 뒷문 밖에야 집짓고 살아도 / 그리워 살기는 매 일반 이로다 / 아이고 아이고 생성화 났쉐다 / 먹을 것 없어서 성화를 먹구요 / 쓸것이 없어서 속쓰고 삽네다 / 아이고 아이고 생성화 났쉐다 / 다려가소래 날다려 가소레 / 한양에 낭군아 날 다려 가소레 / 아이고 아이고 생성화 났쉐다 / 물래야 돌아라 가락아 돌아라 / 시오마니 오면은 매 맞갔구나 / 아이고 아이고 생성화 났쉐다,21.0,232.66
KC_TM_MF_MY_S000256,서도,민속악,민요,서도민요,술비타령,유지숙,여창,F / Dm,굿거리,12/8,130.0,"경쾌한(3), 그루브감 있는(2), 기품 있는(1), 생기 있는(1), 애절한(1), 여유로운(1), 열정적인(1), 우울감 있는(1), 잔잔한(1), 조화로운(1), 진지한(1), 편안한(1), 표현적인(1), 해학적인(1), 향수 어린(1), 희망적인(1)","매끄러운(2), 걸쭉한(1), 긁히는(1), 단단한(1), 맑은(1), 묵직한(1), 밀도 있는(1), 비강 울림이 있는(1), 뻗어 나가는(1), 쇳소리 나는(1), 역동적인(1), 울리는(1), 콧소리 나는(1)","술비타령은 서도 지방의 어업 노동요로, 닻줄을 꼬면서 부르는 민속악 중에서도 서도민요의 특징이 잘 드러나는 곡이다. 이 곡은 풍어를 기원하며 힘차게 부르는 내용으로, 뱃사람들의 강인한 생명력과 바다를 향한 염원이 담겨 있다. 여창 가창자 유지숙의 목소리는 이 곡의 주된 힘을 발휘하며, 그녀는 전통적인 창법을 통해 곡의 감정을 생생하게 전달한다. 유지숙은 발성을 통해 명확한 음을 내며, 시김새를 적절히 사용하여 곡의 리듬과 멜로디를 강조한다. 그녀의 성량은 곡의 힘찬 분위기를 잘 표현하며, 호흡은 자연스럽게 이어져 곡의 흐름을 안정적으로 이끈다. 굿거리 장단의 리듬 위에서 가창자는 유연하게 흐름을 타며, 각 구절마다 적절한 호흡을 통해 긴장을 조절하고, 곡의 마무리를 장식한다. 이러한 호흡의 조절은 장르적 완성도를 높이며, 청중에게 깊은 인상을 남기는 요소로 작용한다.","Sulbitaryeong is a fishing labor song from the Seodo region, and it is a piece that distinctly showcases the characteristics of Seodo folk songs among the traditional music of Korea. This song expresses a fervent wish for a bountiful catch, encapsulating the resilient vitality of fishermen and their aspirations towards the sea. The voice of the female vocalist Yoo Ji-sook serves as the primary force of this piece, as she vividly conveys the emotions through traditional singing techniques. Yoo Ji-sook produces clear tones through her vocalization and appropriately employs vocal embellishments to emphasize the rhythm and melody of the song. Her vocal power effectively reflects the vigorous atmosphere of the piece, while her breathing flows naturally, providing a stable progression throughout the performance. Riding the rhythm of the Gukgeori Jangdan, the vocalist flexibly navigates the flow, adjusting tension with suitable breaths at each phrase and embellishing the conclusion of the song. This control of breath enhances the genre's overall completeness and serves as an element that leaves a profound impression on the audience.","어영차 술비로다 어영차 술비로다
이 술비가 네 술비냐 어영차 술비로다
지상 중에두 술비로다 어영차 술비로다
연평바다에 만선이 되어 어영차 술비로다
오색깃발을 휘날리면서 어영차 술비로다
선창 머리에 닿는구나 어영차 술비로다
닻을 감고 돛 달아라 어영차 술비로다
칠산바다로 나가자구나 어영차 술비로다
노도풍랑을 헤치면서 어영차 술비로다
갈매기떼 춤을 추니 어영차 술비로다
만선깃발을 휘날리면서 어영차 술비로다
풍악 소리가 요란하구나 어영차 술비로다
오동추야 달 밝은 밤에 어영차 술비로다
님 생각이 저절로 난다 어영차 술비로다
뱃주인집 아주마니 돈받으소 어영차 술비로다
철렁철렁 돈 들어 갑네다 어영차 술비로다
우리 배 사공은 힘도 좋아 어영차 술비로다
오만 칠천냥 벌었다누나 어영차 술비로다
닻을 들고 돛을 달고 어영차 술비로다
노 저어라 노 저어라 어영차 술비로다
칠산바다로 돈 벌러 가세 어영차 술비로다
오늘은 연평도라  어영차 술비로다
내일은 황해도라 어영차 술비로다",어영차 술비로다 어영차 술비로다 / 이 술비가 네 술비냐 어영차 술비로다 / 지상 중에두 술비로다 어영차 술비로다 / 연평바다에 만선이 되어 어영차 술비로다 / 오색깃발을 휘날리면서 어영차 술비로다 / 선창 머리에 닿는구나 어영차 술비로다 / 닻을 감고 돛 달아라 어영차 술비로다 / 칠산바다로 나가자구나 어영차 술비로다 / 노도풍랑을 헤치면서 어영차 술비로다 / 갈매기떼 춤을 추니 어영차 술비로다 / 만선깃발을 휘날리면서 어영차 술비로다 / 풍악 소리가 요란하구나 어영차 술비로다 / 오동추야 달 밝은 밤에 어영차 술비로다 / 님 생각이 저절로 난다 어영차 술비로다 / 뱃주인집 아주마니 돈받으소 어영차 술비로다 / 철렁철렁 돈 들어 갑네다 어영차 술비로다 / 우리 배 사공은 힘도 좋아 어영차 술비로다 / 오만 칠천냥 벌었다누나 어영차 술비로다 / 닻을 들고 돛을 달고 어영차 술비로다 / 노 저어라 노 저어라 어영차 술비로다 / 칠산바다로 돈 벌러 가세 어영차 술비로다 / 오늘은 연평도라 어영차 술비로다 / 내일은 황해도라 어영차 술비로다,23.0,257.57
KC_TM_MF_MY_S000257,병창,민속악,민요,가야금병창곡,봄 노래,박현숙,여창,A / Gbm,자진모리,12/8,300.0,"경쾌한(4), 생기 있는(3), 신나는(3), 유쾌한(3), 신명난(2), 에너지 넘치는(2), 귀여운(1), 그루브감 있는(1), 명랑한(1), 즐거운(1), 표현적인(1), 해학적인(1), 행복한(1), 향토적인(1), 희망적인(1)","담백한(2), 쇳소리 나는(2), 시원한(2), 걸쭉한(1), 긁히는(1), 단단한(1), 매끄러운(1), 밝은(1), 울리는(1)","봄노래는 박귀희 작곡의 가야금병창 신민요로, 민속악의 범주 안에서 봄의 화사함과 생동감을 경쾌한 가락으로 표현한 곡이다. 이 곡은 가야금병창의 전통적인 요소를 잘 드러내며, 여창 가창자 박현숙의 목소리가 곡의 정서를 이끌어간다. 박현숙은 경쾌한 분위기를 유지하면서도, 멜로디를 섬세하게 표현하는 창법으로 특징지어진다. 그녀는 발성을 통해 곡의 흐름을 자연스럽게 이어가며, 시김새를 적절히 활용하여 감정의 변화를 전달한다. 성량이 안정적이고 호흡 조절이 뛰어나, 곡의 각 구절을 명확하게 구분하면서도 유기적인 연결감을 유지한다. 자진모리의 리듬 위에서 그녀의 목소리는 경쾌한 리듬을 타며, 곡의 전체적인 흐름을 이끌어간다. 특히, 박현숙의 호흡은 곡의 마무리를 장식하며, 청중에게 여운을 남기는 동시에 전통적인 가야금병창의 완성도를 높인다.","Spring Song is a Gaya-geum Byeong-chang folk song composed by Park Gwi-hee, which expresses the brightness and vitality of spring through a lively melody within the realm of folk music. This piece effectively showcases the traditional elements of Gaya-geum Byeong-chang, with the emotional essence of the song being led by the voice of female vocalist Park Hyun-sook. Park Hyun-sook is characterized by her ability to maintain a cheerful atmosphere while delicately expressing the melody through her singing technique. She seamlessly connects the flow of the piece through her vocalization, skillfully employing embellishments to convey emotional shifts. With a stable vocal volume and excellent breath control, she clearly delineates each phrase of the song while maintaining an organic sense of continuity. Riding on the rhythm of Jajinmori, her voice dances with the lively tempo, guiding the overall flow of the piece. Notably, Park Hyun-sook's breath adorns the conclusion of the song, leaving a lingering impression on the audience while enhancing the completeness of traditional Gaya-geum Byeong-chang.","앞산뒷산 진달래 울긋불긋 피고요 우물가에 개나리 향기조차 짙었어라
소를 모는 농부는 이랴낄낄 일가고 하늘높이 종달새는 지지베베 지저귀며 새봄을 노래하네
금수강산 삼천리에 꽃피고 새 우는 봄이 와 호랑나비 흰나비 꽃을 찾아 날아드는 봄이 와요 두둥실 춤을 추자
살랑대는 바람에 파릇파릇 싹돋고 앵화도화 가득히 수줍어서 망울졌네
산과들에 처녀들 꽃나물을 캐고요 목동들의 피리소리 띠리리 띠리리 흥겨워서 어깨춤 절로나네
금수강산 삼천리에 꽃피고 새 우는 봄이 와 호랑나비 흰나비 꽃을 찾아 날아드는 봄이 와요 니나노 노래하자
불어주는 봄바람 장다리꽃 피고요 손에 손을 맞잡고 선남선녀 하느작작 산과들에 봄노래 희희낙낙 거려요 아지랑이 개인 언덕 띠리리 띠리리 피리소리 새봄을 노래하네
금수강산 삼천리에 꽃피고 새 우는 봄이 와 호랑나비 흰나비 꽃을 찾아 날아드는 봄이 와요 두둥실 춤을추자
살랑대는 바람에 파릇파릇 싹돋고 앵화도화 가득히 수줍어서 망울졌네
산과들에 처녀들 꽃나물을 캐고요 목동들의 피리소리 띠리리 띠리리 흥겨워서 어깨춤 절로나네
금수강산 삼천리에 꽃피고 새 우는 봄이 와 호랑나비 흰나비 꽃을 찾아 날아드는 봄이 와요 니나노 노래하자
앞산뒷산 진달래 울긋불긋 피고요 우물가에 개나리 향기조차 짙었어라
소를 모는 농부는 이랴낄낄 일가고 하늘높이 종달새는 지지베베 지저귀며 새봄을 노래하네
금수강산 삼천리에 꽃피고 새 우는 봄이 와 호랑나비 흰나비 꽃을 찾아 날아드는 봄이 와요 두둥실 춤을추자
불어주는 봄바람 장다리꽃 피고요 손에 손을 맞잡고 선남선녀 하느작작 산과들에 봄노래 희희낙낙 거려요 아지랑이 개인 언덕 띠리리 띠리리 피리소리 새봄을 노래하네
금수강산 삼천리에 꽃피고 새 우는 봄이 와 호랑나비 흰나비 꽃을 찾아 날아드는 봄이 와요 두둥실 춤을추자",앞산뒷산 진달래 울긋불긋 피고요 우물가에 개나리 향기조차 짙었어라 / 소를 모는 농부는 이랴낄낄 일가고 하늘높이 종달새는 지지베베 지저귀며 / 새봄을 노래하네 / 금수강산 삼천리에 꽃피고 새 우는 봄이 와 호랑나비 흰나비 꽃을 찾아 날아드는 / 봄이 와요 두둥실 춤을 추자 / 살랑대는 바람에 파릇파릇 싹돋고 앵화도화 가득히 수줍어서 망울졌네 / 산과들에 처녀들 꽃나물을 캐고요 목동들의 피리소리 띠리리 띠리리 흥겨워서 / 어깨춤 절로나네 / 금수강산 삼천리에 꽃피고 새 우는 봄이 와 호랑나비 흰나비 꽃을 찾아 날아드는 / 봄이 와요 니나노 노래하자 / 불어주는 봄바람 장다리꽃 피고요 손에 손을 맞잡고 선남선녀 하느작작 / 산과들에 봄노래 희희낙낙 거려요 아지랑이 개인 언덕 띠리리 띠리리 피리소리 / 새봄을 노래하네 / 금수강산 삼천리에 꽃피고 새 우는 봄이 와 호랑나비 흰나비 꽃을 찾아 날아드는 / 봄이 와요 두둥실 춤을추자 / 살랑대는 바람에 파릇파릇 싹돋고 앵화도화 가득히 수줍어서 망울졌네 / 산과들에 처녀들 꽃나물을 캐고요 목동들의 피리소리 띠리리 띠리리 흥겨워서 / 어깨춤 절로나네 / 금수강산 삼천리에 꽃피고 새 우는 봄이 와 호랑나비 흰나비 꽃을 찾아 날아드는 / 봄이 와요 니나노 노래하자 / 앞산뒷산 진달래 울긋불긋 피고요 우물가에 개나리 향기조차 짙었어라 / 소를 모는 농부는 이랴낄낄 일가고 하늘높이 종달새는 지지베베 지저귀며 / 새봄을 노래하네 / 금수강산 삼천리에 꽃피고 새 우는 봄이 와 호랑나비 흰나비 꽃을 찾아 날아드는 / 봄이 와요 두둥실 춤을추자 / 불어주는 봄바람 장다리꽃 피고요 손에 손을 맞잡고 선남선녀 하느작작 / 산과들에 봄노래 희희낙낙 거려요 아지랑이 개인 언덕 띠리리 띠리리 피리소리 / 새봄을 노래하네 / 금수강산 삼천리에 꽃피고 새 우는 봄이 와 호랑나비 흰나비 꽃을 찾아 날아드는 / 봄이 와요 두둥실 춤을추자,30.0,235.22
KC_TM_MF_MY_S000258,병창,민속악,민요,가야금병창곡,내 고향의 봄,박현숙,여창,A / Gbm,굿거리,12/8,120.0,"명랑한(3), 생기 있는(2), 향수 어린(2), 강력한(1), 경쾌한(1), 낭만적인(1), 다이내믹한(1), 드라마틱한(1), 마음을 울리는(1), 부드러운(1), 애정 어린(1), 에너지 넘치는(1), 장엄한(1), 표현적인(1), 해학적인(1), 행복한(1), 향토적인(1), 희망찬(1)","걸쭉한(2), 단단한(2), 묵직한(2), 밀도 있는(2), 쇳소리 나는(2), 긁히는(1), 담백한(1), 머금은 듯한(1), 비강 울림이 있는(1), 울리는(1), 콧소리 나는(1), 탁 트인(1)","내 고향의 봄은 임일남이 작사하고 박귀희가 작곡한 가야금병창 신민요로, 고향의 풍경과 그리움을 서정적으로 표현하는 민속악의 일종이다. 이 곡은 가야금병창의 특성을 잘 드러내며, 고향에 대한 따뜻하고 정겨운 이미지를 떠올리게 한다. 여창 가창자 박현숙의 목소리는 이 곡의 주된 요소로, 그녀는 가사에 담긴 감정을 섬세하게 풀어내며 멜로디를 이끌어간다. 박현숙은 발성에서 안정감을 유지하며, 시김새를 적절하게 사용하여 전통적인 민요의 맛을 살린다. 그녀의 성량은 곡의 흐름을 자연스럽게 이어가고, 호흡은 긴 구절을 이어주는 역할을 하여 리듬감 있는 창법을 만들어낸다. 이 곡의 장단인 굿거리 위에서 박현숙은 리듬을 타며 유연하게 멜로디를 표현하고, 호흡을 통해 곡의 마무리를 장식하며 곡의 완성도를 높인다. 이러한 방식으로 그녀는 전통 민속악의 매력을 잘 전달하며, 청중에게 깊은 여운을 남기는 창법을 구사한다.","The spring of my hometown is a Gaya-geum Byeongchang folk song, with lyrics by Im Il-nam and music composed by Park Gwi-hee, which lyrically expresses the scenery and longing for one's hometown. This piece effectively showcases the characteristics of Gaya-geum Byeongchang and evokes warm and affectionate images of home. The voice of the female vocalist Park Hyun-sook is a central element of this piece, as she delicately conveys the emotions embedded in the lyrics while guiding the melody. Park Hyun-sook maintains stability in her vocalization and appropriately employs embellishments to preserve the essence of traditional folk songs. Her vocal range seamlessly flows with the progression of the piece, and her breath control plays a crucial role in linking longer phrases, creating a rhythmic singing style. Over the Jangdan of Gutgeori, Park Hyun-sook flexibly expresses the melody while riding the rhythm, and her breath embellishes the conclusion of the piece, enhancing its overall quality. In this manner, she effectively communicates the charm of traditional folk music, leaving a profound resonance with the audience through her singing technique.","뒷동산 살구나 꽃은 가지가지가 봄빛이요 꽃피고 뻐국새 우는 보리밭 머리에 풍년일세
얼럴럴 럴럴럴 상사듸요 얼럴럴 럴럴 상사듸요 오 음 얼널널 널널 상사듸요
앞냇가 능수나 버들 꾀꼬리 앉아서 울음울고 저가지 휘여나 꺾어 우리님 울밑에 꽃아보세
얼럴럴 럴럴럴 상사듸요 얼럴럴 럴럴 상사듸요 오 음 얼널널 널널 상사듸요
연분홍 갑사나 댕기 실바람 불어서 한들한들 옥가락지 고름에 차고 잘도나 어울려 멋이로세
얼럴럴 럴럴럴 상사듸요 얼럴럴 럴럴 상사듸요 오 음 얼널널 널널 상사듸요
앞산의 진달래꽃은 울긋불긋 피어나네 꼴을 배던 저 총각들도 닐리리 닐리리 피리분다
얼럴럴 럴럴럴 상사듸요 얼럴럴 럴럴 상사듸요 오 음 얼널널 널널 상사듸요
연분홍 갑사나 댕기 실바람 불어서 한들한들 옥가락지 고름에 차고 잘도나 어울려 멋이로세
얼럴럴 럴럴럴 상사듸요 얼럴럴 럴럴 상사듸요 오 음 얼널널 널널 상사듸요",뒷동산 살구나 꽃은 가지가지가 봄빛이요 / 꽃피고 뻐국새 우는 보리밭 머리에 풍년일세 / 얼럴럴 럴럴럴 상사듸요 얼럴럴 럴럴 상사듸요 / 오 음 얼널널 널널 상사듸요 / 앞냇가 능수나 버들 꾀꼬리 앉아서 울음울고 / 저가지 휘여나 꺾어 우리님 울밑에 꽃아보세 / 얼럴럴 럴럴럴 상사듸요 얼럴럴 럴럴 상사듸요 / 오 음 얼널널 널널 상사듸요 / 연분홍 갑사나 댕기 실바람 불어서 한들한들 / 옥가락지 고름에 차고 잘도나 어울려 멋이로세 / 얼럴럴 럴럴럴 상사듸요 얼럴럴 럴럴 상사듸요 / 오 음 얼널널 널널 상사듸요 / 앞산의 진달래꽃은 울긋불긋 피어나네 / 꼴을 배던 저 총각들도 닐리리 닐리리 피리분다 / 얼럴럴 럴럴럴 상사듸요 얼럴럴 럴럴 상사듸요 / 오 음 얼널널 널널 상사듸요 / 연분홍 갑사나 댕기 실바람 불어서 한들한들 / 옥가락지 고름에 차고 잘도나 어울려 멋이로세 / 얼럴럴 럴럴럴 상사듸요 얼럴럴 럴럴 상사듸요 / 오 음 얼널널 널널 상사듸요,20.0,243.02
KC_TM_MF_MY_S000259,병창,민속악,민요,가야금병창곡,청산별곡,박현숙,여창,C / Am,굿거리,12/8,150.0,"명랑한(3), 경쾌한(2), 신명난(2), 에너지 넘치는(2), 귀여운(1), 그루브감 있는(1), 생기 있는(1), 신나는(1), 여유로운(1), 유쾌한(1), 즐거운(1), 편안한(1), 평화로운(1), 표현적인(1), 향수 어린(1), 활기찬(1), 활달한(1)","밝은(2), 쇳소리 나는(2), 진한(2), 거친(1), 걸쭉한(1), 단단한(1), 두터운(1), 시원한(1), 울리는(1), 화사한(1)","청산별곡은 고려가요 청산별곡에 박귀희 명창이 곡을 붙인 가야금병창 곡으로, 고전 문학의 정취를 음악으로 되살린 민속악의 대표적인 민요이다. 이 곡은 삶의 비애와 자연 귀의의 소망을 현대적인 감각으로 재해석하여, 전통적인 요소와 현대적인 감성을 조화롭게 담아내고 있다. 여창 가창자 박현숙의 목소리는 이 곡의 핵심적인 요소로, 그녀는 곡의 멜로디를 섬세하게 표현하며 청중의 귀를 사로잡는다. 그녀의 발성은 명확하고 안정적이며, 각 음절을 정교하게 전달하는 데 중점을 둔다. 시김새는 전통적인 가야금병창의 기법을 충실히 따르면서도, 곡의 흐름에 따라 자연스럽게 변화하며 감정의 깊이를 더한다. 성량은 곡의 전개에 따라 유연하게 조절되며, 박현숙은 호흡을 적절히 활용하여 긴 구절을 부드럽게 이어간다. 굿거리의 리듬 위에서 그녀는 곡의 흐름을 타고, 리듬감과 함께 가창의 역동성을 부여한다. 가창자의 호흡은 곡의 마무리를 장식하며, 전통적인 민속악의 완성도를 높이는 데 기여한다. 이러한 요소들이 결합되어 청산별곡은 단순한 가야금병창 곡 이상의 의미를 지니게 된다.","Cheongsanbyeolgok is a Gaya-geum byeongchang piece composed by renowned singer Park Gwi-hee, based on the Goryeo-era song Cheongsanbyeolgok, and it stands as a representative folk song that revives the essence of classical literature through music. This piece reinterprets the sorrows of life and the longing for nature with a modern sensibility, harmoniously incorporating traditional elements with contemporary emotions. The voice of female vocalist Park Hyun-sook is a crucial element of this piece, as she delicately expresses the melody, captivating the audience's ears. Her vocalization is clear and stable, focusing on the intricate delivery of each syllable. The ornamentation adheres faithfully to the traditional techniques of Gaya-geum byeongchang while naturally evolving with the flow of the piece, adding depth to the emotions conveyed. The volume is flexibly adjusted according to the progression of the piece, and Park Hyun-sook effectively utilizes her breath to smoothly connect long phrases. Riding on the rhythm of the gutgeori, she enhances the dynamism of the performance with a sense of rhythm. The singer's breath adorns the conclusion of the piece, contributing to the overall completeness of traditional folk music. These elements combine to elevate Cheongsanbyeolgok beyond a mere Gaya-geum byeongchang piece, imbuing it with greater significance.","살어리랏다 살어리랏다 청산에 살어리랏다 머루랑 다래랑 먹고먹자 청산에 살어리랐다네   얄리얄리얄리 얄라성 얄라리얄리 얄라성 얄리얄리얄리 얄라성 얄라리 얄리 얄라성
울어라 새여 울어라 새여 자고서 울어라 새여 늘나와 시름한 나도너도 자고서 우노라 운다네
얄리얄리얄리 얄라성 얄라리얄리 얄라성 얄리얄리얄리 얄라성 얄라리 얄리 얄라성
가든새본다 가든새본다 물아래 가든새 본다 잉무든 장글랑 가지고 가고 물 아래 가든새 본다
얄리얄리얄리 얄라성 얄라리얄리 얄라성 얄리얄리얄리 얄라성 얄라리 얄리 얄라성
이리 공하야 저리 공하야 낯즈란 디내와 손저 오리도 가리도 없고 없는 밤으란 또 어찌 하리라
얄리얄리얄리 얄라성 얄라리얄리 얄라성 얄리얄리얄리 얄라성 얄라리 얄리 얄라성
울어라 새여 울어라 새여 자고서 울어라 새여 늘나와 시름한 나도너도 자고서 우노라 운다네
얄리얄리얄리 얄라성 얄라리얄리 얄라성 얄리얄리얄리 얄라성 얄라리 얄리 얄라성
이리 공하야 저리 공하야 낯즈란 디내와 손저 오리도 가리도 없고 없는 밤으란 또 어찌 하리라
얄리얄리얄리 얄라성 얄라리얄리 얄라성 얄리얄리얄리 얄라성 얄라리 얄리 얄라성",살어리랏다 살어리랏다 청산에 살어리랏다 / 머루랑 다래랑 먹고먹자 청산에 살어리랐다네 / 얄리얄리얄리 얄라성 얄라리얄리 얄라성 / 얄리얄리얄리 얄라성 얄라리 얄리 얄라성 / 울어라 새여 울어라 새여 자고서 울어라 새여 / 늘나와 시름한 너도나도 자고서 우노라 운다네 / 얄리얄리얄리 얄라성 얄라리얄리 얄라성 / 얄리얄리얄리 얄라성 얄라리 얄리 얄라성 / 가든새본다 가든새본다 물아래 가든새 본다 / 잉무든 장글랑 가지고 가고 물 아래 가든새 본다네 / 얄리얄리얄리 얄라성 얄라리얄리 얄라성 / 얄리얄리얄리 얄라성 얄라리 얄리 얄라성 / 이리 공하야 저리 공하야 낯즈란 디내와 손저 / 오리도 가리도 없고 없는 밤으란 또 어찌 하리라 / 얄리얄리얄리 얄라성 얄라리얄리 얄라성 / 얄리얄리얄리 얄라성 얄라리 얄리 얄라성 / 울어라 새여 울어라 새여 자고서 울어라 새여 / 늘나와 시름한 너도나도 자고서 우노라 운다네 / 얄리얄리얄리 얄라성 얄라리얄리 얄라성 / 얄리얄리얄리 얄라성 얄라리 얄리 얄라성 / 이리 공하야 저리 공하야 낯즈란 디내와 손저 / 오리도 가리도 없고 없는 밤으란 또 어찌 하리라 / 얄리얄리얄리 얄라성 얄라리얄리 얄라성 / 얄리얄리얄리 얄라성 얄라리 얄리 얄라성,24.0,235.22
KC_TM_MF_MY_S000260,병창,민속악,민요,가야금병창곡,박 꽃핀 내 고향,천주미,여창,Eb / Cm,굿거리,12/8,120.0,"그루브감 있는(2), 표현적인(2), 가볍고 신비로운(1), 경쾌한(1), 다이내믹한(1), 부드러운(1), 신나는(1), 신명난(1), 신비로운(1), 애정 어린(1), 유려한(1), 유쾌한(1), 절제된(1), 조화로운(1), 진지한(1), 축제적인(1), 활달한(1)","맑은(2), 뻗어 나가는(2), 담백한(1), 매끄러운(1), 밀도 있는(1), 선명한(1), 섬세한(1), 쇳소리 나는(1), 울리는(1), 진한(1), 콧소리 나는(1)","박꽃 핀 내 고향은 임일남 작사, 박귀희 작곡의 가야금병창 신민요로, 고향의 정겨운 풍경을 아름답게 묘사하는 민속악의 일환으로, 소박하면서도 서정적인 멜로디가 향수를 자극하는 곡이다. 이 곡은 가야금병창의 특징을 잘 드러내며, 여창 가창자 천주미의 목소리가 곡의 흐름을 이끌어간다. 천주미는 곡의 멜로디를 부드럽게 표현하며, 각 음을 정교하게 다루는 시김새를 통해 전통적인 창법의 매력을 발산한다. 그녀의 발성은 안정적이며, 성량이 고르게 유지되어 곡의 각 구절을 명확하게 전달한다. 또한, 천주미는 호흡을 적절히 조절하여 긴 구절에서도 안정적으로 멜로디를 이어가며, 굿거리 장단의 리듬에 맞춰 자연스럽게 흐름을 타는 모습을 보인다. 곡의 마무리 부분에서는 호흡을 이용해 여운을 남기며, 전체적인 장르의 완성도를 높이는 역할을 한다. 이러한 요소들이 어우러져 박꽃 핀 내 고향은 전통 민속악의 진수를 보여준다.","Park Flower Blooming in My Hometown is a Gaya-geum Byeongchang folk song with lyrics by Im Il-nam and music composed by Park Gwi-hee, beautifully depicting the charming landscapes of one's hometown as part of the folk music tradition. This piece features a simple yet lyrical melody that evokes nostalgia. It effectively showcases the characteristics of Gaya-geum Byeongchang, with the female vocalist Cheon Ju-mi leading the flow of the song. Cheon Ju-mi expresses the melody smoothly and demonstrates the allure of traditional singing techniques through her intricate handling of each note. Her vocal delivery is stable, maintaining an even volume that clearly conveys each phrase of the piece. Additionally, Cheon Ju-mi skillfully regulates her breath, allowing her to sustain the melody even through long phrases while naturally flowing with the rhythm of the Gutgeori Jangdan. In the concluding section of the piece, she uses her breath to leave a lingering resonance, enhancing the overall completeness of the genre. These elements come together to showcase the essence of traditional folk music in Park Flower Blooming in My Hometown.","박꽃 핀 울타리에 아침이슬 젖었난데 우리님 소를 몰고 진틀밭 풀베러간다  에야디야디야 어여루 디야 얼씨구나 아 디야 디여루 디야  박꽃 핀 울타리에 점심닭이 짖어운다 우리님 시장도 하실라 베틀 바디 돌려놓아라  에야디야디야 어여루 디야 얼씨구나 아 디야 디여루 디야  박꽃 핀 내고향에 오손도손 모여앉어 콩잎 된장 끓여놓고 서로 앉어 먹어보리라  에야디야디야 어여루 디야 얼씨구나 아 디야 디여루 디야  박꽃 핀 울타리에 저녁해가 넘어간다 우리님 좋아하시는 막걸리 걸러 놓아라  에야디야디야 어여루 디야 얼씨구나 아 디야 디여루 디야 박꽃 핀 울타리에 아침이슬 젖었난데 우리님 소를 몰고 진틀밭 풀베러간다
에야디야디야 어여루 디야 얼씨구나 아 디야 디여루 디야
박꽃 핀 울타리에 점심닭이 짖어운다 우리님 시장도 하실라 베틀 바디 돌려놓아라
에야디야디야 어여루 디야 얼씨구나 아 디야 디여루 디야",박꽃 핀 울타리에 아침이슬 젖었난데 / 우리님 소를 몰고 진틀밭 풀베러간다 / 에야디야디야 어여루 디야 얼씨구나 아 디야 디여루 디야 / 박꽃 핀 울타리에 점심닭이 짖어운다 / 우리님 시장도 하실라 베틀 바디 돌려놓아라 / 에야디야디야 어여루 디야 얼씨구나 아 디야 디여루 디야 / 박꽃 핀 내고향에 오손도손 모여앉어 / 콩잎 된장 끓여놓고 서로 앉어 먹어보리라 / 에야디야디야 어여루 디야 얼씨구나 아 디야 디여루 디야 / 박꽃 핀 울타리에 저녁해가 넘어간다 / 우리님 좋아하시는 막걸리 걸러 놓아라 / 에야디야디야 어여루 디야 얼씨구나 아 디야 디여루 디야 / 박꽃 핀 울타리에 아침이슬 젖었난데 / 우리님 소를 몰고 진틀밭 풀베러간다 / 에야디야디야 어여루 디야 얼씨구나 아 디야 디여루 디야 / 박꽃 핀 울타리에 점심닭이 짖어운다 / 우리님 시장도 하실라 베틀 바디 돌려놓아라 / 에야디야디야 어여루 디야 얼씨구나 아 디야 디여루 디야,18.0,217.54
KC_TM_MF_MY_S000261,병창,민속악,민요,가야금병창곡,님 그린 회포,천주미,여창,Eb / Cm,굿거리,12/8,200.0,"표현적인(3), 그루브감 있는(2), 신나는(2), 평온한(2), 가볍고 신비로운(1), 귀여운(1), 생기 있는(1), 신비로운(1), 애정 어린(1), 엄숙한(1), 에너지 넘치는(1), 여유로운(1), 우아한(1), 유쾌한(1), 즐거운(1), 평화로운(1), 행복한(1), 활달한(1)","단단한(2), 쇳소리 나는(2), 역동적인(2), 담백한(1), 매끄러운(1), 머금은 듯한(1), 시원한(1), 화사한(1)","'님 그린 회포'는 박귀희의 작사·작곡으로 이루어진 가야금병창 신민요로, 민속악의 한 장르인 민요에 속한다. 이 곡은 임을 그리워하는 애절한 마음을 담고 있으며, 가야금병창의 특성을 잘 드러내는 곡이다. 여창 가창자 천주미의 목소리는 이 곡의 감정을 깊이 있게 전달하며, 그녀의 창법은 가야금 선율과 조화를 이루어 곡의 주제를 효과적으로 표현한다. 천주미는 발성에서 안정적인 음역대를 유지하며, 시김새를 적절히 사용하여 멜로디에 생동감을 부여한다. 그녀의 성량은 곡의 흐름에 따라 유연하게 변화하며, 호흡 조절이 뛰어나서 긴 음을 부를 때도 안정감을 잃지 않는다. 또한, 그녀는 굿거리 장단의 리듬을 잘 타면서도 각 구절의 끝을 부드럽게 마무리하여 곡의 흐름을 자연스럽게 이어간다. 호흡의 마무리는 곡의 전체적인 완성도를 높이며, 청중에게 깊은 여운을 남긴다.","‘Nim Geurin Hoepo’ is a Gaya-geum Byeongchang folk song composed by Park Gwi-hee, belonging to the genre of minyo, which is a form of traditional Korean music. This piece encapsulates a deep yearning for a beloved, effectively showcasing the characteristics of Gaya-geum Byeongchang. The voice of the female vocalist, Cheon Ju-mi, profoundly conveys the emotions of the song, and her singing style harmonizes with the Gaya-geum melodies, effectively expressing the theme. Cheon Ju-mi maintains a stable vocal range while skillfully employing ornamentation to infuse vitality into the melody. Her vocal volume adapts flexibly to the flow of the piece, and her excellent breath control ensures stability even during prolonged notes. Additionally, she adeptly navigates the rhythm of the Gutgeori Jangdan while softly concluding each phrase, allowing for a seamless progression throughout the piece. The conclusion of her breath enhances the overall completeness of the song, leaving a lasting impression on the audience.","만경창파상에 떠오는 배야 돛달고 노저어라 경포대로 가자  어랑어랑 어허야 음음 어허야 얼싸함마 둥개디여라 니가내 사랑아  경포대 간다고서 님만날 소냐 회포에 못이기여 달마중을 가자  어랑어랑 어허야 음음 어허야 얼싸함마 둥개디여라 니가내 사랑아  동풍이 솔솔불어 궂은비 오니 님그려 타는 가슴 알아줄이 없네  어랑어랑 어허야 음음 어허야 얼싸함마 둥개디여라 니가내 사랑아  순풍에 돛달어라 갈길이 바빠 옛일을 그려보며 나는 돌아간다  어랑어랑 어허야 음음 어허야 얼싸함마 둥개디여라 니가내 사랑아
만경창파상에 떠오는 배야 돛달고 노저어라 경포대로 가자
어랑어랑 어허야 음음 어허야 얼싸함마 둥개디여라 니가내 사랑아
경포대 간다고서 님만날 소냐 회포에 못이기여 달마중을 가자
어랑어랑 어허야 음음 어허야 얼싸함마 둥개디여라 니가내 사랑아
동풍이 솔솔불어 궂은비 오니 님그려 타는 가슴 알아줄이 없네
어랑어랑 어허야 음음 어허야 얼싸함마 둥개디여라 니가내 사랑아
순풍에 돛달어라 갈길이 바빠 옛일을 그려보며 나는 돌아간다
어랑어랑 어허야 음음 어허야 얼싸함마 둥개디여라 니가내 사랑아",만경창파상에 떠오는 배야 돛달고 노저어라 경포대로 가자 / 어랑어랑 어허야 음음 어허야 얼싸함마 둥개디여라 니가내 사랑아 / 경포대 간다고서 님만날 소냐 회포에 못이기여 달마중을 가자 / 어랑어랑 어허야 음음 어허야 얼싸함마 둥개디여라 니가내 사랑아 / 동풍이 솔솔불어 궂은비 오니 님그려 타는 가슴 알아줄이 없네 / 어랑어랑 어허야 음음 어허야 얼싸함마 둥개디여라 니가내 사랑아 / 순풍에 돛달어라 갈길이 바빠 옛일을 그려보며 나는 돌아간다 / 어랑어랑 어허야 음음 어허야 얼싸함마 둥개디여라 니가내 사랑아 / 만경창파상에 떠오는 배야 돛달고 노저어라 경포대로 가자 / 어랑어랑 어허야 음음 어허야 얼싸함마 둥개디여라 니가내 사랑아 / 경포대 간다고서 님만날 소냐 회포에 못이기여 달마중을 가자 / 어랑어랑 어허야 음음 어허야 얼싸함마 둥개디여라 니가내 사랑아 / 동풍이 솔솔불어 궂은비 오니 님그려 타는 가슴 알아줄이 없네 / 어랑어랑 어허야 음음 어허야 얼싸함마 둥개디여라 니가내 사랑아 / 순풍에 돛달어라 갈길이 바빠 옛일을 그려보며 나는 돌아간다 / 어랑어랑 어허야 음음 어허야 얼싸함마 둥개디여라 니가내 사랑아,16.0,261.02
KC_TM_MF_MY_S000262,병창,민속악,민요,가야금병창곡,임 그리워,천주미,여창,Bb / Gm,굿거리,12/8,200.0,"생기 있는(2), 신나는(2), 여유로운(2), 유쾌한(2), 활기찬(2), 가볍고 신비로운(1), 경쾌한(1), 귀여운(1), 그루브감 있는(1), 낭만적인(1), 다이내믹한(1), 도취된(1), 따뜻한(1), 신명난(1), 애정 어린(1), 즐거운(1), 진지한(1), 축제적인(1), 평온한(1), 행복한(1), 향토적인(1), 환상적인(1), 활달한(1), 희망찬(1)","담백한(3), 고운(2), 맑은(2), 쇳소리 나는(2), 시원한(2), 깨끗한(1), 단단한(1), 머금은 듯한(1), 밀도 있는(1), 섬세한(1), 여린(1), 정제된(1)","임 그리워는 박귀희 작사·작곡의 가야금병창 신민요로, 떠나간 임을 잊지 못하는 그리움을 노래하는 곡이다. 이 곡은 가야금병창의 특징이 잘 드러나는 민속악 > 민요 장르에 속하며, 절제된 감정 표현이 돋보이는 구조를 지닌다. 여창 가창자 천주미의 목소리는 이 곡을 이끌어가는 중심적인 요소로, 그녀는 멜로디를 섬세하게 표현하며 발성에서 안정감을 보인다. 천주미는 전통적인 창법을 유지하면서도 시김새를 적절히 활용하여 곡의 흐름을 자연스럽게 이어간다. 성량은 곡의 전개에 따라 다소 변화하며, 그녀의 호흡은 긴 구간에서 여유롭게 이어지면서도 때로는 긴장감을 주어 청중의 귀를 사로잡는다. 굿거리의 리듬 위에서 그녀는 각 음절을 정확하게 발음하며 리듬을 타고, 호흡의 조절로 곡의 마무리를 우아하게 장식한다. 이러한 요소들은 곡의 완성도를 높이며, 전통적인 민속악의 매력을 잘 전달한다.","Im Geuriwo is a Gaya-geum byeongchang (Gaya harp vocal performance) piece composed and written by Park Gwi-hee, which expresses the longing for a departed beloved. This song belongs to the folk music genre, showcasing the characteristics of Gaya-geum byeongchang, and features a structure that highlights restrained emotional expression. The voice of the female vocalist, Cheon Ju-mi, serves as a central element driving the piece, as she delicately articulates the melody while demonstrating vocal stability. Cheon Ju-mi maintains traditional singing techniques while appropriately employing embellishments to create a natural flow throughout the piece. Her vocal volume varies according to the progression of the song, and her breath control allows for a relaxed continuation during long passages, occasionally introducing tension that captivates the audience. Over the rhythm of the gutgeori, she pronounces each syllable accurately, riding the rhythm, and her breath control elegantly adorns the conclusion of the piece. These elements enhance the overall quality of the song and effectively convey the charm of traditional folk music.","님아 님아 달과 같은 님아 구름을 걷고서 놀아나 보자  좋다 마다 한강수 쪽배에 두둥실 저어서 놀아나 보자  님아 님아 별과 같은 님아 백설을 걷고서 놀아나 보자  좋다 마다 한강수 쪽배에 두둥실 저어서 놀아나 보자  님아 님아 꽃과 같은 님아 바람을 걷고서 놀아나 보자  좋다 마다 한강수 쪽배에 두둥실 저어서 놀아나 보자  님아 님아 해와 같은 님아 비를 걷고서 놀아나 보자  좋다 마다 한강수 쪽배에 두둥실 저어서 놀아나 보자
님아 님아 달과 같은 님아 구름을 걷고서 놀아나 보자  좋다 마다 한강수 쪽배에 두둥실 저어서 놀아나 보자
님아 님아 별과 같은 님아 백설을 걷고서 놀아나 보자  좋다 마다 한강수 쪽배에 두둥실 저어서 놀아나 보자
님아 님아 꽃과 같은 님아 바람을 걷고서 놀아나 보자  좋다 마다 한강수 쪽배에 두둥실 저어서 놀아나 보자
님아 님아 해와 같은 님아 비를 걷고서 놀아나 보자  좋다 마다 한강수 쪽배에 두둥실 저어서 놀아나 보자",님아 님아 달과 같은 님아 구름을 걷고서 놀아나 보자 / 좋다 마다 한강수 쪽배에 두둥실 저어서 놀아나 보자 / 님아 님아 별과 같은 님아 백설을 걷고서 놀아나 보자 / 좋다 마다 한강수 쪽배에 두둥실 저어서 놀아나 보자 / 님아 님아 꽃과 같은 님아 바람을 걷고서 놀아나 보자 / 좋다 마다 한강수 쪽배에 두둥실 저어서 놀아나 보자 / 님아 님아 해와 같은 님아 비를 걷고서 놀아나 보자 / 좋다 마다 한강수 쪽배에 두둥실 저어서 놀아나 보자 / 님아 님아 달과 같은 님아 구름을 걷고서 놀아나 보자 / 좋다 마다 한강수 쪽배에 두둥실 저어서 놀아나 보자 / 님아 님아 별과 같은 님아 백설을 걷고서 놀아나 보자 / 좋다 마다 한강수 쪽배에 두둥실 저어서 놀아나 보자 / 님아 님아 꽃과 같은 님아 바람을 걷고서 놀아나 보자 / 좋다 마다 한강수 쪽배에 두둥실 저어서 놀아나 보자 / 님아 님아 해와 같은 님아 비를 걷고서 놀아나 보자 / 좋다 마다 한강수 쪽배에 두둥실 저어서 놀아나 보자,16.0,232.22
KC_TM_MF_MY_S000263,병창,민속악,민요,가야금병창곡,발림,천주미,여창,C / Am,자진모리,12/8,240.0,"생기 있는(3), 신나는(3), 유쾌한(2), 경쾌한(1), 다정한(1), 명랑한(1), 쓸쓸한(1), 애절한(1), 에너지 넘치는(1), 열정적인(1), 조화로운(1), 편안한(1), 평화로운(1), 활기찬(1), 희망적인(1)","단단한(4), 맑은(3), 깨끗한(2), 밀도 있는(1), 쇳소리 나는(1), 시원한(1)","발림은 박귀희 작사·작곡의 가야금병창 신민요로, 판소리의 발림을 소재로 한 흥겨운 곡이다. 이 곡은 국악의 멋과 흥을 시각적으로 묘사하며 청각적으로 풀어낸 재치 있는 민속악 > 민요의 대표적인 예로, 가야금병창의 전통적인 요소가 잘 드러난다. 여창 가창자 천주미의 목소리는 이 곡의 흐름을 유려하게 이끌어가며, 단단한 음색을 바탕으로 강한 발성과 명확한 발음을 통해 가사의 의미를 효과적으로 전달한다. 그녀의 창법은 시김새를 적절히 사용하여 곡의 리듬과 멜로디를 풍부하게 표현하며, 성량 또한 안정적이어서 곡의 전개에 힘을 더한다. 천주미의 호흡은 곡의 긴장감과 이완을 조절하며, 자진모리의 경쾌한 리듬 위에서 자연스럽게 흐름을 타고 곡의 각 부분을 매끄럽게 연결한다. 그녀의 호흡은 곡의 마무리를 장식하며 전체적인 완성도를 높이는 역할을 하여, 청중에게 깊은 인상을 남긴다.","Balrim is a lively piece of Gaya-geum Byeongchang folk song, composed and written by Park Gwi-hee, which draws inspiration from the movement of pansori. This composition visually depicts the beauty and excitement of traditional Korean music while audibly presenting a witty example of folk music, showcasing the traditional elements of Gaya-geum Byeongchang. The voice of the female vocalist, Cheon Ju-mi, gracefully guides the flow of the piece, effectively conveying the meaning of the lyrics through a solid timbre, strong vocalization, and clear enunciation. Her singing technique appropriately employs sikhimsae, enriching the rhythm and melody of the piece, while her stable vocal range adds strength to the development of the song. Cheon Ju-mi's breath control modulates the tension and relaxation within the piece, seamlessly connecting each section over the lively rhythm of Jajinmori. Her breath ultimately embellishes the conclusion of the composition, enhancing its overall completeness and leaving a profound impression on the audience.","독수공방 찬 자리에 님은 어이 아니오나 밤이 장차 깊어가니 훨훨 벗고서 새우잠이나 잘까
아아아 헤 폭주 대우는 쭈루루루루 뇌성벽력은 우루루루루 어떠한 벗님이 나를 찾어오랴
수심겨워 깊이든 잠 바람소리 깨였구나 꿈에라도 보려든 님 다시 볼 길이 아주 끊어졌네
아아아 헤 폭주 대우는 쭈루루루루 뇌성벽력은 우루루루루 어떠한 벗님이 나를 찾어오랴
가을삼경 달 밝은 밤 풀벌레들 우난 소리 밤이 장차 깊어가니 그리운 님 생각에 잠을 이루지 못해
아아아 헤 폭주 대우는 쭈루루루루 뇌성벽력은 우루루루루 어떠한 벗님이 나를 찾어오랴
독수공방 찬 자리에 님은 어이 아니오나 밤이 장차 깊어가니 훨훨 벗고서 새우잠이나 잘까
아아아 헤 폭주 대우는 쭈루루루루 뇌성벽력은 우루루루루 어떠한 벗님이 나를 찾어오랴
수심겨워 깊이든 잠 바람소리 깨였구나 꿈에라도 보려든 님 다시 볼 길이 아주 끊어졌네
아아아 헤 폭주 대우는 쭈루루루루 뇌성벽력은 우루루루루 어떠한 벗님이 나를 찾어오랴
가을삼경 달 밝은 밤 풀벌레들 우난 소리 밤이 장차 깊어가니 그리운 님 생각에 잠을 이루지 못해
아아아 헤 폭주 대우는 쭈루루루루 뇌성벽력은 우루루루루 어떠한 벗님이 나를 찾어오랴",독수공방 찬 자리에 님은 어이 아니오나 / 밤이 장차 깊어가니 훨훨 벗고서 새우잠이나 잘까 / 아아아 헤 폭주 대우는 쭈루루루루 뇌성벽력은 우루루루루 / 어떠한 벗님이 나를 찾어오랴 / 수심겨워 깊이든 잠 바람소리 깨였구나 / 꿈에라도 보려든 님 다시 볼 길이 아주 끊어졌네 / 아아아 헤 폭주 대우는 쭈루루루루 뇌성벽력은 우루루루루 / 어떠한 벗님이 나를 찾어오랴 / 가을삼경 달 밝은 밤 풀벌레들 우난 소리 / 밤이 장차 깊어가니 그리운 님 생각에 잠을 이루지 못해 / 아아아 헤 폭주 대우는 쭈루루루루 뇌성벽력은 우루루루루 / 어떠한 벗님이 나를 찾어오랴 / 독수공방 찬 자리에 님은 어이 아니오나 / 밤이 장차 깊어가니 훨훨 벗고서 새우잠이나 잘까 / 아아아 헤 폭주 대우는 쭈루루루루 뇌성벽력은 우루루루루 / 어떠한 벗님이 나를 찾어오랴 / 수심겨워 깊이든 잠 바람소리 깨였구나 / 꿈에라도 보려든 님 다시 볼 길이 아주 끊어졌네 / 아아아 헤 폭주 대우는 쭈루루루루 뇌성벽력은 우루루루루 / 어떠한 벗님이 나를 찾어오랴 / 가을삼경 달 밝은 밤 풀벌레들 우난 소리 / 밤이 장차 깊어가니 그리운 님 생각에 잠을 이루지 못해 / 아아아 헤 폭주 대우는 쭈루루루루 뇌성벽력은 우루루루루 / 어떠한 벗님이 나를 찾어오랴,24.0,217.54
KC_TM_MF_MY_S000264,병창,민속악,민요,가야금병창곡,야월삼경,천주미,여창,C / Am,중모리,12/4,70.0,"마음을 울리는(2), 생기 있는(2), 차분한(2), 평화로운(2), 향토적인(2), 감상적인(1), 경쾌한(1), 단아한(1), 명랑한(1), 부드러운(1), 애절한(1), 애정 어린(1), 에너지 넘치는(1), 우아한(1), 유려한(1), 유쾌한(1), 잔잔한(1), 편안한(1), 표현적인(1), 향수 어린(1)","맑은(2), 울리는(2), 유연한(2), 청아한(2), 가는(1), 거친(1), 고운(1), 공명감 있는(1), 깨끗한(1), 단단한(1), 머금은 듯한(1), 쇳소리 나는(1), 안쪽에서 울리는(1), 여린(1), 탁 트인(1)","야월삼경은 박귀희 작곡의 가야금병창 신민요로, 달 밝은 밤의 정취와 심상을 섬세하게 표현한 곡이다. 이 곡은 민속악의 범주에 속하며, 가야금병창곡으로서 전통 민요의 특성을 잘 드러내고 있다. 여창 가창자 천주미의 목소리는 이 곡을 이끌어가는 중심적인 요소로, 그녀의 발성은 청아하고 힘찬 음역을 통해 곡의 흐름을 자연스럽게 이어간다. 천주미는 시김새를 적절히 활용하여 곡의 감정을 더욱 풍부하게 표현하며, 각 음절의 발음이 명확하게 드러나도록 호흡을 조절한다. 그녀의 성량은 곡의 전개에 따라 유동적으로 변화하며, 중모리 장단에 맞춰 박자감을 잘 살린다. 중모리의 리듬 위에서 가창자는 자신의 목소리로 곡의 흐름을 타고, 호흡을 통해 각 구절의 마무리를 섬세하게 장식한다. 이러한 요소들은 곡의 장르적 완성도를 높이며, 전통 민속악의 매력을 잘 전달한다.","Yawolsamgyeong is a Gaya-geum byeongchang piece composed by Park Gwi-hee, which delicately expresses the atmosphere and imagery of a bright moonlit night. This piece falls within the category of folk music and effectively showcases the characteristics of traditional folk songs as a Gaya-geum byeongchang work. The voice of the female vocalist, Cheon Ju-mi, serves as a central element that drives the piece forward, with her vocalization seamlessly connecting the flow of the music through a clear and powerful range. Cheon Ju-mi skillfully utilizes vocal ornamentation to enrich the emotional expression of the piece, while controlling her breath to ensure the clarity of each syllable. Her vocal volume dynamically shifts according to the progression of the piece, effectively enhancing the rhythmic feel in accordance with the Jungmori jangdan. Riding on the rhythm of Jungmori, the vocalist navigates the flow of the piece with her voice, delicately embellishing the endings of each phrase through her breath. These elements elevate the genre's overall completeness and effectively convey the charm of traditional folk music.","야월삼경 달 밝은 밤 온다 온다 말만하고 밤은 장차 다 새는데 님에 소식 돈절하네
에루와 성화로구나 음 성화로구나 님 없는 이 한 밤이 큰 성화로다
촛불같이 타는 가슴 혼자서만 눈물짓고 한양 낭군 기다리다 뜬눈으로 밤 새웠네
에루와 성화로구나 음 성화로구나 님 없는 이 한 밤이 큰 성화로다
열무김치 담글 때는 님 생각이 절로 나서 설움 많은 이내 신세 홀로 앉어 슬피 우네
에루와 성화로구나 음 성화로구나 님 없는 이 한 밤이 큰 성화로다",야월삼경 달 밝은 밤 / 온다 온다 말만하고 / 밤은 장차 다 새는데 / 님에 소식 돈절하네 / 에루와 성화로구나 음 / 성화로구나 / 님 없는 이 한 밤이 / 큰 성화로다 / 촛불같이 타는 가슴 / 혼자서만 눈물짓고 / 한양 낭군 기다리다 / 뜬눈으로 밤 새웠네 / 에루와 성화로구나 음 / 성화로구나 / 님 없는 이 한 밤이 / 큰 성화로다 / 열무김치 담글 때는 / 님 생각이 절로 나서 / 설움 많은 이내 신세 / 홀로 앉어 슬피 우네 / 에루와 성화로구나 음 / 성화로구나 / 님 없는 이 한 밤이 / 큰 성화로다,24.0,247.75
KC_TM_MF_MY_S000265,병창,민속악,민요,가야금병창곡,김 매기 노래,천주미,여창,C / Am,자진모리,12/8,260.0,"에너지 넘치는(4), 귀여운(2), 부드러운(2), 신나는(2), 표현적인(2), 경쾌한(1), 그루브감 있는(1), 다이내믹한(1), 생기 있는(1), 신명난(1), 열정적인(1), 영웅적인(1), 절제된(1), 평화로운(1), 해학적인(1), 활기찬(1), 활달한(1), 희망적인(1)","담백한(2), 매끄러운(2), 시원한(2), 맑은(1), 묵직한(1), 밝은(1), 뻗어 나가는(1), 선명한(1), 섬세한(1), 쇳소리 나는(1), 안쪽에서 울리는(1), 역동적인(1), 유연한(1)","김매기노래는 이병우가 작사하고 박귀희가 작곡한 가야금병창 신민요로, 민속악의 한 장르인 민요에 속한다. 이 곡은 김을 매는 노동의 현장을 경쾌하게 그려내며, 노동의 리듬을 살린 활기찬 가락이 일하는 즐거움을 느끼게 한다. 여창 가창자 천주미의 목소리는 이 곡을 이끌어가는 중요한 요소로, 에너지 넘치는 창법으로 청중의 귀를 사로잡는다. 그녀는 멜로디를 표현하는 데 있어 힘찬 발성과 함께 다양한 시김새를 사용하여 곡의 리듬을 더욱 강조한다. 성량이 풍부하여 곡의 전체적인 흐름을 견고하게 하고, 호흡을 적절히 조절하여 긴 구간에서도 안정적인 발음을 유지한다. 자진모리의 경쾌한 리듬 위에서 천주미는 자연스럽게 흐름을 타며, 곡의 에너지를 고조시킨다. 그녀의 호흡은 곡의 마무리를 장식하며, 장르적 완성도를 높이는 데 기여한다.","The ""Gimmaegi Norae"" is a Gaya-geum Byeongchang folk song, with lyrics by Lee Byeong-woo and music composed by Park Gwi-hee, and it belongs to the genre of folk music within traditional Korean music. This piece vividly depicts the lively scene of rice weeding, with an energetic melody that captures the rhythm of labor, allowing listeners to feel the joy of work. The voice of the female vocalist, Cheon Ju-mi, is a crucial element that drives the song, captivating the audience with her dynamic singing style. She employs powerful vocalization along with various embellishments to further emphasize the rhythm of the piece. Her rich vocal quality solidifies the overall flow of the song, and she skillfully manages her breath to maintain stable pronunciation even during extended passages. Riding on the brisk rhythm of Jajinmori, Cheon Ju-mi naturally enhances the energy of the piece. Her breath beautifully concludes the song, contributing to the genre's overall completeness.","에헤 에헤 김매러가세 김을 매러가세 얼럴럴 상사디야 김매러 가요 뒷집에 머슴아 김 매러가요 우리논 다매고 자네논 매세 에헤 에헤야 해야 논 가운데 뜸북새 뜸북뜸북 이논으로 날면서 뜸뜸북 뜸북 알맞게 비가와서 오곡은 자라 해해 연년이 풍년이 되니 경술년 대풍년이 다시나 돌아오니 두둥실 춤을 추자 추자
에헤 에헤 김매러가세 김을 매러가세 얼럴럴 상사디야 김매러 가요 저건너 왜배미 김매러가요 외배미 다 매면 뉘논을 맬까 에에 에헤야 해야 논두렁에 뜸북새 뜸북 뜸북 저논으로 날면서 뜸뜸북 뜸북 알맞게 벼가 익어 추수를 허니 해해 연년이 풍년이 되니 경술년 대풍년이 또 다시 돌아오니 격양가를 불러보자 보자
에헤 에헤 김매러가세 김을 매러가세 얼럴럴 상사디야 김매러 가요 뒷집에 머슴아 김 매러가요 우리논 다매고 자네논 매세 에헤 에헤야 해야 논 가운데 뜸북새 뜸북뜸북 이논으로 날면서 뜸뜸북 뜸북 알맞게 비가와서 오곡은 자라 해해 연년이 풍년이 되니 경술년 대풍년이 다시나 돌아오니 두둥실 춤을 추자 추자
에헤 에헤 김매러가세 김을 매러가세 얼럴럴 상사디야 김매러 가요 저건너 왜배미 김매러가요 외배미 다 매면 뉘논을 맬까 에에 에헤야 해야 논두렁에 뜸북새 뜸북 뜸북 저논으로 날면서 뜸뜸북 뜸북 알맞게 벼가 익어 추수를 허니 해해 연년이 풍년이 되니 경술년 대풍년이 또 다시 돌아오니 격양가를 불러보자 보자",에헤 에헤 김매러가세 김을 매러가세 얼럴럴 상사디야 김매러 가요 / 뒷집에 머슴아 김 매러가요 우리논 다매고 자네논 매세 에헤 에헤야 해야 / 논 가운데 뜸북새 뜸북뜸북 이논으로 날면서 뜸뜸북 뜸북 / 알맞게 비가와서 오곡은 자라 해해 연년이 풍년이 되니 / 경술년 대풍년이 다시나 돌아오니 두둥실 춤을 추자 추자 / 에헤 에헤 김매러가세 김을 매러가세 얼럴럴 상사디야 김매러 가요 / 저건너 왜배미 김매러가요 외배미 다 매면 뉘논을 맬까 에에 에헤야 해야 / 논두렁에 뜸북새 뜸북 뜸북 저논으로 날면서 뜸뜸북 뜸북 / 알맞게 벼가 익어 추수를 허니 해해 연년이 풍년이 되니 / 경술년 대풍년이 또 다시 돌아오니 격양가를 불러보자 보자 / 에헤 에헤 김매러가세 김을 매러가세 얼럴럴 상사디야 김매러 가요 / 뒷집에 머슴아 김 매러가요 우리논 다매고 자네논 매세 에헤 에헤야 해야 / 논 가운데 뜸북새 뜸북뜸북 이논으로 날면서 뜸뜸북 뜸북 / 알맞게 비가와서 오곡은 자라 해해 연년이 풍년이 되니 / 경술년 대풍년이 다시나 돌아오니 두둥실 춤을 추자 추자 / 에헤 에헤 김매러가세 김을 매러가세 얼럴럴 상사디야 김매러 가요 / 저건너 왜배미 김매러가요 외배미 다 매면 뉘논을 맬까 에에 에헤야 해야 / 논두렁에 뜸북새 뜸북 뜸북 저논으로 날면서 뜸뜸북 뜸북 / 알맞게 벼가 익어 추수를 허니 해해 연년이 풍년이 되니 / 경술년 대풍년이 또 다시 돌아오니 격양가를 불러보자 보자,20.0,311.57
KC_TM_MF_MY_S000266,병창,민속악,민요,가야금병창곡,천안도 삼거리(신천안삼거리),천주미,여창,C / Am,굿거리,12/8,120.0,"귀여운(2), 마음을 울리는(2), 몽환적인(2), 부드러운(2), 절제된(2), 향수 어린(2), 가볍고 신비로운(1), 그리운(1), 단아한(1), 서사적인(1), 시적인(1), 쓸쓸한(1), 아정한(1), 유려한(1), 잔잔한(1), 표현적인(1), 행복한(1), 희망적인(1)","고운(2), 공명감 있는(2), 단단한(2), 청아한(2), 매끄러운(1), 선명한(1), 섬세한(1), 안쪽에서 울리는(1), 여린(1), 유연한(1), 정제된(1), 진한(1)","천안도 삼거리는 박귀희가 작곡한 가야금병창 신민요로, 천안삼거리 흥타령을 바탕으로 새롭게 구성된 곡이다. 이 곡은 민속악의 일종인 민요 장르에 속하며, 가야금병창의 특성을 잘 드러내고 있다. 여창 가창자 천주미의 목소리는 이 곡의 중심을 이루며, 그녀의 발성은 전통적인 민요의 기법을 기반으로 하여 섬세하면서도 힘 있는 음역을 표현한다. 천주미는 시김새를 적절히 사용하여 곡의 감정을 전달하고, 멜로디를 표현하는 방식에서 유연한 변화를 보여준다. 그녀의 성량은 곡의 흐름에 따라 적절하게 조절되며, 호흡은 곡의 리듬과 잘 어우러져 긴장감과 여유를 동시에 느낄 수 있게 한다. 굿거리 장단 위에서 천주미는 리듬을 타며 자연스럽게 음을 이어가고, 이러한 흐름은 곡의 전개에 기여한다. 가창자의 호흡은 곡의 마무리를 부드럽게 장식하며, 전통적인 민속악의 완성도를 높이는 데 중요한 역할을 한다.","Cheonan-do Samgeori is a Gaya-geum byeongchang (a type of vocal performance accompanied by the gayageum) piece composed by Park Gwi-hee, newly arranged based on the traditional folk song Cheonan Samgeori Heungtaryeong. This composition belongs to the genre of folk music, a type of minyo, and effectively showcases the characteristics of gayageum byeongchang. The voice of the female vocalist Cheon Ju-mi forms the core of the piece, and her vocalization expresses a delicate yet powerful range based on traditional folk singing techniques. Cheon Ju-mi appropriately employs vocal ornamentation to convey the emotions of the piece, demonstrating flexible variations in her melodic expression. Her vocal volume is adjusted in accordance with the flow of the music, and her breath harmonizes well with the rhythm, allowing for a simultaneous experience of tension and relaxation. Riding on the gutgeori jangdan (rhythmic pattern), Cheon Ju-mi naturally connects the notes, contributing to the development of the piece. The vocalist's breath gracefully adorns the conclusion of the composition, playing a crucial role in enhancing the overall quality of traditional folk music.","천안도 삼거리 능수나 버들은 제멋에 겨워서 축 늘어졌구나
무정 세월아 오고가지 말어라 아까운 내 청춘 다 늙어가누나
날 다려가거라 날 모셔가거라 한양 낭군아 날 모셔가거라
적막 빈 방에 외로운 이 몸이 누구를 바라고 산단 말이냐
세상 만사를 생각을 하면은 부귀영화가 꿈이로구나
공산 자규는 무심히 울어도 그리운 회포는 저절로 나누나
오동추야해 달이 동동 밝은데 임의 동동 생각이 새로동동 나누나
야속하고도 야속하구나 청춘 가는데 야속도 하구나
천안도 삼거리 능수나 버들은 제멋에 겨워서 축 늘어졌구나
무정 세월아 오고가지 말어라 아까운 내 청춘 다 늙어가누나
날 다려 가거라 날 모셔 가거라 한양 낭군아 날 모셔가거라
적막 빈 방에 외로운 이 몸이 누구를 바라고 산단 말이냐",천안도 삼거리 능수나 버들은 / 제멋에 겨워서 축 늘어졌구나 / 무정 세월아 오고가지 말어라 / 아까운 내 청춘 다 늙어가누나 / 날 다려가거라 날 모셔가거라 / 한양 낭군아 날 모셔가거라 / 적막 빈 방에 외로운 이 몸이 / 누구를 바라고 산단 말이냐 / 세상 만사를 생각을 하면은 / 부귀영화가 꿈이로구나 / 공산 자규는 무심히 울어도 / 그리운 회포는 저절로 나누나 / 오동추야해 달이 동동 밝은데 / 임의 동동 생각이 새로동동 나누나 / 야속하고도 야속하구나 / 청춘 가는데 야속도 하구나 / 천안도 삼거리 능수나 버들은 / 제멋에 겨워서 축 늘어졌구나 / 무정 세월아 오고가지 말어라 / 아까운 내 청춘 다 늙어가누나 / 날 다려 가거라 날 모셔 가거라 / 한양 낭군아 날 모셔가거라 / 적막 빈 방에 외로운 이 몸이 / 누구를 바라고 산단 말이냐,24.0,289.54
KC_TM_MF_MY_S000267,병창,민속악,민요,가야금병창곡,경북 모심기 노래(상주함창),천주미,여창,Eb / Cm,중모리,12/4,60.0,"쓸쓸한(4), 애절한(2), 잔잔한(2), 침울한(2), 감상적인(1), 그리운(1), 도취된(1), 부드러운(1), 비통한(1), 사색적인(1), 슬픈(1), 신비로운(1), 어두운(1), 엄숙한(1), 영감을 주는(1), 우울감 있는(1), 우울한(1), 진심 어린(1), 진지한(1), 평온한(1), 향수 어린(1)","묵직한(3), 매끄러운(2), 유연한(2), 단단한(1), 맑은(1), 밀도 있는(1), 쇳소리 나는(1), 울리는(1), 청아한(1), 콧소리 나는(1)","경북모심기노래는 경상도 상주 지방의 모심기 노동요로, 반복되는 노동의 지루함을 달래주는 서정적이고 아름다운 민요이다. 이 곡은 가야금병창곡으로서 민속악의 특징을 잘 드러내며, 여창 가창자 천주미의 목소리는 이 곡을 더욱 깊이 있게 이끌어간다. 천주미는 곡의 구슬픈 선율을 통해 쓸쓸한 분위기를 전달하며, 그녀의 목소리는 메나리조의 특성을 잘 살려내고 있다. 그녀는 발성에서 안정감을 유지하며, 시김새를 적절히 활용하여 멜로디의 감정을 더욱 풍부하게 표현한다. 성량은 곡의 흐름에 맞춰 조절되며, 호흡은 자연스럽게 이어져 긴장감을 주지 않으면서도 청중의 귀를 사로잡는다. 중모리의 리듬 위에서 가창자는 곡의 흐름을 타며, 호흡은 곡의 마무리를 부드럽게 장식하고 전체적인 장르적 완성도를 높인다. 이러한 요소들이 결합되어 경북모심기노래는 듣는 이로 하여금 깊은 여운을 남기게 한다.","Gyeongbuk Mosimgi Nore is a labor song from the Sangju region of Gyeongsang-do, characterized by its lyrical and beautiful melodies that alleviate the monotony of repetitive work. This piece, performed as a Gayageum Byeongchang, effectively showcases the features of folk music, while the voice of the female vocalist Cheon Jumi adds depth to the performance. Through the poignant melodies, Cheon Jumi conveys a sense of solitude, and her voice captures the essence of the Menarijo style. She maintains stability in her vocalization and skillfully employs embellishments to enrich the emotional expression of the melody. The volume is adjusted in accordance with the flow of the piece, and her breath is seamlessly integrated, captivating the audience without creating tension. Riding on the rhythm of Jungmori, the vocalist navigates the progression of the song, with her breath gracefully concluding the piece and enhancing the overall genre's completeness. These elements combine to leave a profound resonance in the listener.",상주함창 공갈못에 연밥따는 저 큰 아가 연밥줄밥 내 따주마 우리 부모 섬겨다오  문어야 대전복 손에 들고 친구 집으로 놀러가니 친구는 어디 간곳없고 손님패만 남었구나  능청능청 저 비루끝에 시누올케 마주 앉어 나도야 죽어 후생가서 낭군부터 섬길라네  이배미 저배미 다 심어놓니 또 한 배미가 남었구나 니가야 무슨 반달이냐 초생달이 반달이지  고초 당초 맵다해도 시집살이만 못하더라 나도야 죽어 후생가면 시집살이 안할라네,상주함창 공갈못에 / 연밥따는 저 큰 아가 / 연밥줄밥 내 따주마 / 우리 부모 섬겨다오 / 문어야 대전복 손에 들고 / 친구 집으로 놀러가니 / 친구는 어디 간곳없고 / 손님패만 남었구나 / 능청능청 저 비루끝에 / 시누올케 마주 앉어 / 나도야 죽어 후생가서 / 낭군부터 섬길라네 / 이배미 저배미 다 심어놓니 / 또 한 배미가 남었구나 / 니가야 무슨 반달이냐 / 초생달이 반달이지 / 고초 당초 맵다해도 / 시집살이만 못하더라 / 나도야 죽어 후생가면 / 시집살이 안할라네,20.0,243.02
KC_TM_MF_MY_S000268,병창,민속악,민요,가야금병창곡,풍년노래,천주미,여창,C / Am,자진모리,12/8,280.0,"경쾌한(3), 에너지 넘치는(3), 해학적인(3), 마음을 울리는(2), 생기 있는(2), 신나는(2), 귀여운(1), 도취된(1), 명랑한(1), 몽환적인(1), 신명난(1), 유쾌한(1), 즐거운(1), 편안한(1), 표현적인(1), 행복한(1), 향토적인(1)","묵직한(2), 밝은(2), 쇳소리 나는(2), 깨끗한(1), 맑은(1), 선명한(1), 시원한(1), 역동적인(1), 울리는(1), 유연한(1), 힘 있는(1)","풍년노래는 이병우 작사, 박귀희 작곡의 가야금병창 신민요로, 풍년을 맞은 기쁨과 농촌의 흥겨움을 노래하는 민속악의 일환으로, 농부들의 환희를 밝고 힘찬 가락으로 표현한 곡이다. 여창 가창자 천주미의 목소리는 이 곡의 중심을 이루며, 그녀는 감정이입을 통해 곡의 주제를 효과적으로 전달한다. 천주미는 발성을 통해 곡의 멜로디를 명확하게 표현하며, 전통적인 시김새를 적절히 사용하여 민요의 특징을 살린다. 그녀의 성량은 곡의 흐름을 이끌며, 호흡 조절이 뛰어나 곡의 전개에 자연스러운 리듬감을 부여한다. 자진모리의 경쾌한 리듬 위에서 천주미는 리드미컬하게 흐름을 타며, 그녀의 호흡은 곡의 마무리를 깔끔하게 장식하고 장르적 완성도를 높인다. 이러한 요소들이 어우러져 풍년노래는 단순한 노래를 넘어, 농촌의 생동감을 생생하게 전달하는 작품으로 자리매김한다.","Pungnyeon Norae is a Gaya-geum Byeongchang folk song with lyrics by Lee Byeong-woo and music composed by Park Gwi-hee, celebrating the joy of a bountiful harvest and the lively spirit of rural life. This piece expresses the farmers' elation through bright and vigorous melodies. The female vocalist, Cheon Joo-mi, forms the core of the song with her voice, effectively conveying the theme through emotional engagement. Cheon Joo-mi articulates the melody clearly through her vocalization and appropriately employs traditional sikimsae to highlight the characteristics of the folk song. Her vocal range guides the flow of the piece, and her excellent breath control provides a natural rhythmic quality to the development of the song. Riding on the lively rhythm of Jajinmori, Cheon Joo-mi flows rhythmically, and her breath elegantly concludes the piece, enhancing its genre-specific completeness. These elements together elevate Pungnyeon Norae beyond a mere song, establishing it as a work that vividly conveys the vibrancy of rural life.","에헤 에헤 금수강산에 가을이 왔네
호남평야 만경 뜰에 황금나락에 메뚜기 날고 농악소리 멋들었네 비비 비비
어깨춤이 난다 엉덩춤이 난다 얼씨구 좋다 절씨구 좋아 춤을 추자
징 장고소리 꽹가리 칭칭 하늘은 높고 황소는 잔다
참새는 짹짹 까치는 깍깍 시화연풍 우리 농가에 경사로구려
에헤 에헤 동산 마루에 반달이 떴네
강산풍월 둥실둥실 화류선 위에 노적을 실고 나루마다 깃발나네 비비 비비
어깨춤이 난다 엉덩춤이 난다 얼씨구 좋다 절씨구 좋아 춤을 추자
벅구놀음에 하늘은 높고 단풍은 붉고 국화는 점점
놋줄은 출렁 잉어는 펄떡 새새연연 우리농가에 경사로구려 연연이 우리농가에 경사로구려
에헤 에헤 금수강산에 가을이 왔네
호남평야 만경 뜰에 황금나락에 메뚜기 날고 농악소리 멋들었네 비비 비비
어깨춤이 난다 엉덩춤이 난다 얼씨구 좋다 절씨구 좋아 춤을 추자
징 장고소리 꽹가리 칭칭 하늘은 높고 황소는 잔다
참새는 짹짹 까치는 깍깍 시화연풍 우리 농가에 경사로구려
에헤 에헤 동산 마루에 반달이 떴네
강산풍월 둥실둥실 화류선 위에 노적을 실고 나루마다 깃발나네 비비 비비
어깨춤이 난다 엉덩춤이 난다 얼씨구 좋다 절씨구 좋아 춤을 추자
벅구놀음에 하늘은 높고 단풍은 붉고 국화는 점점
놋줄은 출렁 잉어는 펄떡 새새연연 우리농가에 경사로구려 연연이 우리농가에 경사로구려",에헤 에헤 금수강산에 가을이 왔네 / 호남평야 만경 뜰에 황금나락에 메뚜기 날고 농악소리 멋들었네 비비 비비 / 어깨춤이 난다 엉덩춤이 난다 얼씨구 좋다 절씨구 좋아 / 춤을 추자 징 장고소리 꽹가리 칭칭 하늘은 높고 황소는 잔다 / 참새는 짹짹 까치는 깍깍 시화연풍 우리 농가에 경사로구려 / 에헤 에헤 동산 마루에 반달이 떴네 / 강산풍월 둥실둥실 화류선 위에 노적을 실고 나루마다 깃발나네 비비 비비 / 어깨춤이 난다 엉덩춤이 난다 얼씨구 좋다 절씨구 좋아 / 춤을 추자 벅구놀음에 하늘은 높고 단풍은 붉고 국화는 점점 / 놋줄은 출렁 잉어는 펄떡 새새연연 우리농가에 경사로구려 / 연연이 우리농가에 경사로구려 / 에헤 에헤 금수강산에 가을이 왔네 / 호남평야 만경 뜰에 황금나락에 메뚜기 날고 농악소리 멋들었네 비비 비비 / 어깨춤이 난다 엉덩춤이 난다 얼씨구 좋다 절씨구 좋아 / 춤을 추자 징 장고소리 꽹가리 칭칭 하늘은 높고 황소는 잔다 / 참새는 짹짹 까치는 깍깍 시화연풍 우리 농가에 경사로구려 / 에헤 에헤 동산 마루에 반달이 떴네 / 강산풍월 둥실둥실 화류선 위에 노적을 실고 나루마다 깃발나네 비비 비비 / 어깨춤이 난다 엉덩춤이 난다 얼씨구 좋다 절씨구 좋아 / 춤을 추자 벅구놀음에 하늘은 높고 단풍은 붉고 국화는 점점 / 놋줄은 출렁 잉어는 펄떡 새새연연 우리농가에 경사로구려 / 연연이 우리농가에 경사로구려,22.0,232.75
KC_TM_MF_MY_S000269,병창,민속악,민요,가야금병창곡,범벅타령,천주미,여창,C / Am,자진모리,12/8,240.0,"부드러운(2), 신나는(2), 즐거운(2), 표현적인(2), 해학적인(2), 활기찬(2), 따뜻한(1), 생기 있는(1), 서사적인(1), 에너지 넘치는(1), 여유로운(1), 평온한(1), 향수 어린(1), 향토적인(1)","담백한(2), 유연한(2), 고운(1), 매끄러운(1), 머금은 듯한(1), 밝은(1), 뻗어 나가는(1), 선명한(1), 쇳소리 나는(1), 시원한(1)","범벅타령은 박귀희 작곡의 가야금병창 신민요로, 민속악 중 민요 장르에 속하며 월별 세시풍속과 음식 이야기를 해학적으로 엮어낸 곡이다. 이 곡은 맛깔스러운 가사와 흥겨운 장단이 어우러져 듣는 재미를 주며, 가야금병창의 전통적인 특성을 잘 드러낸다. 여창 가창자 천주미는 이 곡을 통해 가창의 중심을 이루며, 그녀의 목소리는 곡의 흐름을 이끌어가는 중요한 요소이다. 천주미는 발성을 통해 곡의 멜로디를 섬세하게 표현하며, 시김새를 적절히 활용해 감정의 기복을 나타낸다. 그녀의 성량은 곡의 다양한 구간에서 균형을 이루며, 호흡은 리듬에 맞춰 자연스럽게 이어진다. 자진모리의 경쾌한 리듬 위에서 천주미는 곡의 흐름을 타며, 각 음절을 긴장감 있게 연결하여 청중의 귀를 사로잡는다. 그녀의 호흡은 곡의 마무리를 부드럽게 장식하며, 전반적인 장르적 완성도를 높이는 데 기여한다.","Beombak Taryeong is a Gaya-geum Byeongchang folk song composed by Park Gwi-hee, belonging to the genre of minyo within the realm of folk music, and it humorously intertwines stories of seasonal customs and food throughout the months. This piece offers an enjoyable listening experience through its flavorful lyrics and lively jangdan, effectively showcasing the traditional characteristics of Gaya-geum Byeongchang. The female vocalist Cheon Ju-mi serves as the centerpiece of the performance, with her voice being a crucial element that guides the flow of the piece. Cheon Ju-mi delicately expresses the melody through her vocalization, employing appropriate techniques to convey emotional fluctuations. Her vocal range maintains balance across the various sections of the piece, and her breathing seamlessly aligns with the rhythm. Riding on the brisk rhythm of Jajinmori, Cheon Ju-mi connects each syllable with tension, captivating the audience's ears. Her breathing gracefully adorns the conclusion of the piece, contributing to the overall genre's completeness.","정월이라 달떡범벅 모야개야 윷가락에 자손창성 부귀다남 일월성신에 발원범벅  이월이라 씨래기범벅 대화밭에 한식고녁 만경창파에 떠나신 낭군 원포귀범에 한식범벅 범벅타령이 좋구나  삼월이라 쑥범벅이요 작년에갔던 강남제비 황금박씨를 입에다 물고 흥보를 찾는 은혜범벅  사월이라 느티범벅 흑장삼에 붉은 가사 백팔염주를 목에다 걸고 관등놀이 극락범벅 범벅타령이 좋구나  오월이라 수리치범벅 뿔상투에 창포를 꽂고 능청능청 그네줄에 밤물치마에 분홍범벅  유월이라 밀범벅이요 한산떼 비둘기떼 목단꽃을 입에다 물고 유두놀이에 녹음범벅 범벅타령이 좋구나  칠월이라 호박범벅 아들호박 손자호박 초가삼간 지붕우에 오롱조롱 달린범벅  팔월이라 송편범벅 공산명월 걸어놓고 시화연풍 격양가에 줄다리기에 추석범벅 범벅타령이 좋구나   구월이라 꿀범벅이요 천중명월 잡아매고 거문고에 사랑가로 만고열녀에 오동범벅  시월이라 무시루범벅 능라도라 갈잎피리 단풍소식을 전하여 주던 구곡간장에 편지범벅 범벅타령이 좋구나  동지달이라 동지범벅 꼬불꼬불 지팽이에 노인잔치 차려놓고 이가빠져 팥죽범벅 섣달이라 흰떡범벅 사불범정 떡매매고 요귀사귀를 몰아내던 근하신장에 마지막 범벅 범벅타령이 좋구나 범벅타령이 좋구나
정월이라 달떡범벅 모야개야 윷가락에 자손창성 부귀다남 일월성신에 발원범벅  이월이라 씨래기범벅 대화밭에 한식고녁 만경창파에 떠나신 낭군 원포귀범에 한식범벅 범벅타령이 좋구나  삼월이라 쑥범벅이요 작년에갔던 강남제비 황금박씨를 입에다 물고 흥보를 찾는 은혜범벅  사월이라 느티범벅 흑장삼에 붉은 가사 백팔염주를 목에다 걸고 관등놀이 극락범벅 범벅타령이 좋구나  오월이라 수리치범벅 뿔상투에 창포를 꽂고 능청능청 그네줄에 밤물치마에 분홍범벅  유월이라 밀범벅이요 한산떼 비둘기떼 목단꽃을 입에다 물고 유두놀이에 녹음범벅 범벅타령이 좋구나  칠월이라 호박범벅 아들호박 손자호박 초가삼간 지붕우에 오롱조롱 달린범벅  팔월이라 송편범벅 공산명월 걸어놓고 시화연풍 격양가에 줄다리기에 추석범벅 범벅타령이 좋구나   구월이라 꿀범벅이요 천중명월 잡아매고 거문고에 사랑가로 만고열녀에 오동범벅  시월이라 무시루범벅 능라도라 갈잎피리 단풍소식을 전하여 주던 구곡간장에 편지범벅 범벅타령이 좋구나  동지달이라 동지범벅 꼬불꼬불 지팽이에 노인잔치 차려놓고 이가빠져 팥죽범벅  섣달이라 흰떡범벅 사불범정 떡매매고 요귀사귀를 몰아내던 근하신장에 마지막 범벅 범벅타령이 좋구나 범벅타령이 좋구나",정월이라 달떡범벅 모야개야 윷가락에 자손창성 부귀다남 일월성신에 발원범벅 / 이월이라 씨래기범벅 대화밭에 한식고녁 만경창파에 떠나신 낭군 원포귀범에 한식범벅 범벅타령이 좋구나 / 삼월이라 쑥범벅이요 작년에갔던 강남제비 황금박씨를 입에다 물고 흥보를 찾는 은혜범벅 / 사월이라 느티범벅 흑장삼에 붉은 가사 백팔염주를 목에다 걸고 관등놀이 극락범벅 범벅타령이 좋구나 / 오월이라 수리치범벅 뿔상투에 창포를 꽂고 능청능청 그네줄에 밤물치마에 분홍범벅 / 유월이라 밀범벅이요 한산떼 비둘기떼 목단꽃을 입에다 물고 유두놀이에 녹음범벅 범벅타령이 좋구나 / 칠월이라 호박범벅 아들호박 손자호박 초가삼간 지붕우에 오롱조롱 달린범벅 / 팔월이라 송편범벅 공산명월 걸어놓고 시화연풍 격양가에 줄다리기에 추석범벅 범벅타령이 좋구나 / 구월이라 꿀범벅이요 천중명월 잡아매고 거문고에 사랑가로 만고열녀에 오동범벅 / 시월이라 무시루범벅 능라도라 갈잎피리 단풍소식을 전하여 주던 구곡간장에 편지범벅 범벅타령이 좋구나 / 동지달이라 동지범벅 꼬불꼬불 지팽이에 노인잔치 차려놓고 이가빠져 팥죽범벅 / 섣달이라 흰떡범벅 사불범정 떡매매고 요귀사귀를 몰아내던 근하신장에 마지막 범벅 범벅타령이 좋구나 범벅타령이 좋구나 / 정월이라 달떡범벅 모야개야 윷가락에 자손창성 부귀다남 일월성신에 발원범벅 / 이월이라 씨래기범벅 대화밭에 한식고녁 만경창파에 떠나신 낭군 원포귀범에 한식범벅 범벅타령이 좋구나 / 삼월이라 쑥범벅이요 작년에갔던 강남제비 황금박씨를 입에다 물고 흥보를 찾는 은혜범벅 / 사월이라 느티범벅 흑장삼에 붉은 가사 백팔염주를 목에다 걸고 관등놀이 극락범벅 범벅타령이 좋구나 / 오월이라 수리치범벅 뿔상투에 창포를 꽂고 능청능청 그네줄에 밤물치마에 분홍범벅 / 유월이라 밀범벅이요 한산떼 비둘기떼 목단꽃을 입에다 물고 유두놀이에 녹음범벅 범벅타령이 좋구나 / 칠월이라 호박범벅 아들호박 손자호박 초가삼간 지붕우에 오롱조롱 달린범벅 / 팔월이라 송편범벅 공산명월 걸어놓고 시화연풍 격양가에 줄다리기에 추석범벅 범벅타령이 좋구나 / 구월이라 꿀범벅이요 천중명월 잡아매고 거문고에 사랑가로 만고열녀에 오동범벅 / 시월이라 무시루범벅 능라도라 갈잎피리 단풍소식을 전하여 주던 구곡간장에 편지범벅 범벅타령이 좋구나 / 동지달이라 동지범벅 꼬불꼬불 지팽이에 노인잔치 차려놓고 이가빠져 팥죽범벅 / 섣달이라 흰떡범벅 사불범정 떡매매고 요귀사귀를 몰아내던 근하신장에 마지막 범벅 범벅타령이 좋구나 범벅타령이 좋구나,24.0,332.28
KC_TM_MF_MY_S000270,병창,민속악,민요,가야금병창곡,상사 천리몽,천주미,여창,C / Am,자진모리,12/8,280.0,"경쾌한(3), 다이내믹한(2), 애절한(2), 기품 있는(1), 마음을 울리는(1), 명랑한(1), 부드러운(1), 사색적인(1), 생기 있는(1), 유려한(1), 장엄한(1), 절제된(1), 표현적인(1), 활기찬(1)","뻗어 나가는(2), 걸쭉한(1), 긁히는(1), 단단한(1), 선명한(1), 쇳소리 나는(1), 시원한(1), 울리는(1), 진한(1), 청아한(1), 콧소리 나는(1)","상사천리몽은 이병우 작사, 박귀희 작곡의 가야금병창 신민요로, 꿈속에서도 임을 그리워하는 마음을 표현한 곡이다. 이 곡은 천 리 밖의 임을 향한 애절한 그리움을 담고 있으며, 가야금병창의 전통적인 형식을 통해 민속악의 깊이를 전달한다. 여창 가창자 천주미의 목소리는 곡의 주제가 지닌 감정을 효과적으로 드러내며, 그녀의 창법은 섬세한 발성과 시김새로 구성되어 있다. 천주미는 각 음을 정확하게 발음하며, 시김새를 통해 곡의 감정을 다양하게 표현한다. 그녀의 성량은 곡의 흐름에 맞춰 조절되며, 호흡 또한 안정적으로 유지되어 전체적인 곡의 구조를 잘 지탱한다. 자진모리의 경쾌한 리듬 위에서 천주미는 멜로디를 유연하게 풀어내며, 각 구절마다 호흡의 길이를 조절하여 리듬에 자연스럽게 녹아든다. 이러한 호흡의 조절은 곡의 마무리를 아름답게 장식하며, 가창의 완성도를 높이는 역할을 한다.","Sangsachunrimong is a Gaya-geum byeongchang (traditional singing accompanied by the zither-like instrument, gayageum) folk song with lyrics by Lee Byeong-woo and music composed by Park Gwi-hee, expressing a longing for a beloved even in dreams. This piece encapsulates the poignant yearning for a loved one who is a thousand miles away, conveying the depth of folk music through the traditional format of gayageum byeongchang. The voice of the female vocalist, Cheon Joo-mi, effectively reveals the emotions embedded in the theme of the song, and her singing technique is characterized by delicate vocalization and intricate embellishments. Cheon Joo-mi articulates each note precisely, using embellishments to express a range of emotions throughout the piece. Her vocal volume is adjusted in accordance with the flow of the music, and her breath is maintained steadily, supporting the overall structure of the composition. Over the lively rhythm of Jajinmori, Cheon Joo-mi fluidly unfolds the melody, adjusting the length of her breaths with each phrase to blend seamlessly into the rhythm. This control of breath beautifully adorns the conclusion of the piece and enhances the overall quality of the performance.","춘하추동 사시절에 상사가 천리 님을 그리며 옥비녀를 안고 이 밤도 잠 못드네
산 높아 그리도 못 오시는가 꿈아 꿈아 깨지나 말아라 님을 끌어안고 몸부림 치네
춘소월야 달을 잡고 물어나 볼까 저 달은 무심히 대답이 없이 저 혼자 넘어가네
물 깊어 이리도 못 오시는가 봄아 봄아 가지를 말아라 님을 끌어 안고 한 없이 우네
상사천리 오락가락 꿈자리 설다 정이 없으면 꿈에나 없지 꿈 있고 사람 없네
병 들어 이리도 못 오시는가 무정세월 가지를 말아라 님을 그리면서 이 밤을 새네
춘하추동 사시절에 상사가 천리 님을 그리며 옥비녀를 안고 이 밤도 잠 못드네
산 높아 그리도 못 오시는가 꿈아 꿈아 깨지나 말아라 님을 끌어안고 몸부림 치네
춘소월야 달을 잡고 물어나 볼까 저 달은 무심히 대답이 없이 저 혼자 넘어가네
물 깊어 이리도 못 오시는가 봄아 봄아 가지를 말아라 님을 끌어 안고 한 없이 우네
상사천리 오락가락 꿈자리 설다 정이 없으면 꿈에나 없지 꿈 있고 사람 없네
병 들어 이리도 못 오시는가 무정세월 가지를 말아라 님을 그리면서 이 밤을 새네",춘하추동 사시절에 상사가 천리 님을 그리며 옥비녀를 안고 / 이 밤도 잠 못드네 산 높아 그리도 못 오시는가 / 꿈아 꿈아 깨지나 말아라 님을 끌어안고 몸부림 치네 / 춘소월야 달을 잡고 물어나 볼까 저 달은 무심히 대답이 없이 / 저 혼자 넘어가네 물 깊어 이리도 못 오시는가 / 봄아 봄아 가지를 말아라 님을 끌어 안고 한 없이 우네 / 상사천리 오락가락 꿈자리 설다 정이 없으면 꿈에나 없지 / 꿈 있고 사람 없네 병 들어 이리도 못 오시는가 / 무정세월 가지를 말아라 님을 그리면서 이 밤을 새네 / 춘하추동 사시절에 상사가 천리 님을 그리며 옥비녀를 안고 / 이 밤도 잠 못드네 산 높아 그리도 못 오시는가 / 꿈아 꿈아 깨지나 말아라 님을 끌어안고 몸부림 치네 / 춘소월야 달을 잡고 물어나 볼까 저 달은 무심히 대답이 없이 / 저 혼자 넘어가네 물 깊어 이리도 못 오시는가 / 봄아 봄아 가지를 말아라 님을 끌어 안고 한 없이 우네 / 상사천리 오락가락 꿈자리 설다 정이 없으면 꿈에나 없지 / 꿈 있고 사람 없네 병 들어 이리도 못 오시는가 / 무정세월 가지를 말아라 님을 그리면서 이 밤을 새네,18.0,248.18
KC_TM_MF_MY_S000271,병창,민속악,민요,가야금병창곡,날 오라네,박현숙,여창,B / Abm,세마치,9/8,330.0,"활기찬(4), 경쾌한(2), 신나는(2), 다정한(1), 따뜻한(1), 명랑한(1), 생기 있는(1), 슬픈(1), 쓸쓸한(1), 애절한(1), 영감을 주는(1), 유쾌한(1), 즐거운(1), 차분한(1), 평온한(1), 해학적인(1)","묵직한(2), 시원한(2), 역동적인(2), 울리는(2), 담백한(1), 밝은(1), 섬세한(1), 쇳소리 나는(1), 진한(1)","날 오라네는 박귀희의 작사·작곡으로 이루어진 가야금병창 신민요로, 민속악의 한 장르인 민요의 특징을 잘 드러낸 곡이다. 이 곡은 사랑하는 이를 향한 급한 마음과 기쁨을 경쾌한 리듬으로 표현하고 있으며, 여창 가창자 박현숙의 목소리는 이 곡의 감정을 생동감 있게 이끌어간다. 박현숙은 발성을 통해 곡의 멜로디를 섬세하게 표현하며, 시김새를 적절히 사용하여 전통적인 가야금병창의 매력을 잘 살린다. 그녀의 성량은 곡의 경쾌한 분위기를 더욱 강조하며, 호흡은 안정적이고 자연스럽게 이어져 청중에게 활기찬 감정을 전달한다. 세마치의 리듬 위에서 가창자는 곡의 흐름을 탄력 있게 타고, 이러한 리듬감은 곡이 끝날 때까지 계속 유지된다. 박현숙의 호흡은 곡의 마무리에서 중요한 역할을 하며, 전체적인 장르적 완성도를 높인다.","‘Nal Orane’ is a Gaya-geum Byeongchang folk song composed and written by Park Gwi-hee, which exemplifies the characteristics of minyo, a genre of traditional Korean music. This piece expresses the urgency and joy of love through a lively rhythm, while the voice of female vocalist Park Hyun-sook vividly conveys the emotions of the song. Park Hyun-sook delicately articulates the melody through her vocal technique and effectively employs sigimsae, enhancing the charm of traditional Gaya-geum Byeongchang. Her vocal range further emphasizes the cheerful atmosphere of the piece, and her breath control is stable and natural, transmitting vibrant emotions to the audience. Riding the rhythm of semachi, the vocalist adeptly navigates the flow of the song, maintaining this rhythmic quality until the very end. Park Hyun-sook's breath plays a crucial role in the conclusion of the piece, elevating the overall genre's completeness.","날오라네 날오라네 건너마을 벗님이 날오라네
오라는데는 달뜨면 가고 동네나 술집은 낮에나 가지
청삽살이 짖지마라 낯익은 벗님이 찾아왔다
님을찾어 내왔노라 그리운 벗님을 만나러 왔소
날좀보소 날좀보소 정많이 든님아 날좀보소
그립던 님 만나러 왔소 그대 얼굴을 보러왔소
내가슴에 깊이든병 그대로 인하여 병이들어
골수에 깊이드니 그대 아니면 고칠수 없네
잊으리라 잊으리라 참으로 정녕 못잊겠네
그대를 잊으려고 벽을 안고서 누었으니
그 벽이 거울되어 임의 얼굴 비쳐주네
님아 님아 우리님아 혼자 달뜬밤 날 찾아주오
날좀보소 날좀보소 정많이 든님아 날좀보소
그립던 님 만나러 왔소 그대 얼굴을 보러왔소
내가슴에 깊이든병 그대로 인하여 병이들어
골수에 깊이드니 그대 아니면 고칠수 없네",날오라네 날오라네 건너마을 벗님이 날오라네 / 오라는데는 달뜨면 가고 동네나 술집은 낮에나 가지 / 청삽살이 짖지마라 낯익은 벗님이 찾아왔다 / 님을찾어 내왔노라 그리운 벗님을 만나러 왔소 / 날좀보소 날좀보소 정많이 든님아 날좀보소 / 그립던 님 만나러 왔소 그대 얼굴을 보러왔소 / 내가슴에 깊이든병 그대로 인하여 병이들어 / 골수에 깊이드니 그대 아니면 고칠수 없네 / 잊으리라 잊으리라 참으로 정녕 못잊겠네 / 그대를 잊으려고 벽을 안고서 누었으니 / 그 벽이 거울되어 임의 얼굴 비쳐주네 / 님아 님아 우리님아 혼자 달뜬밤 날 찾아주오 / 날좀보소 날좀보소 정많이 든님아 날좀보소 / 그립던 님 만나러 왔소 그대 얼굴을 보러왔소 / 내가슴에 깊이든병 그대로 인하여 병이들어 / 골수에 깊이드니 그대 아니면 고칠수 없네,16.0,212.76
KC_TM_MF_MY_S000272,병창,민속악,민요,가야금병창곡,복숭아 꽃,천주미,여창,C / Am,굿거리,12/8,140.0,"명랑한(3), 조화로운(3), 부드러운(2), 귀여운(1), 낭만적인(1), 생기 있는(1), 신나는(1), 쓸쓸한(1), 애정 어린(1), 여유로운(1), 우아한(1), 우울한(1), 유려한(1), 잔잔한(1), 절제된(1), 즐거운(1), 편안한(1), 평화로운(1), 표현적인(1), 희망적인(1)","깨끗한(2), 단단한(2), 맑은(2), 여린(2), 콧소리 나는(2), 담백한(1), 뻗어 나가는(1), 선명한(1), 화사한(1)","복숭아꽃은 홍윤식 작사, 박귀희 작곡의 가야금병창 신민요로, 민속악의 일종인 민요 장르에 속한다. 이 곡은 복숭아꽃이 피는 봄날의 아름다움을 노래하며, 화사한 봄 풍경과 어우러진 낭만적인 정서를 부드러운 선율로 표현하고 있다. 여창 가창자 천주미의 목소리는 곡의 흐름을 이끌어가는 중요한 요소로 작용한다. 그녀는 전통적인 여창의 기법을 바탕으로 발성을 하며, 시김새를 적절히 사용하여 곡의 감정을 전달한다. 천주미의 성량은 곡 전반에 걸쳐 안정적으로 유지되며, 각 음절을 명확하게 표현하여 청중이 가사의 의미를 쉽게 이해할 수 있도록 돕는다. 그녀는 호흡을 조절하여 멜로디의 흐름을 자연스럽게 이어가며, 굿거리 장단의 리듬에 맞춰 유연하게 움직인다. 이러한 호흡의 리듬감은 곡의 마무리 부분에서도 여실히 드러나며, 천주미는 적절한 호흡으로 곡을 부드럽게 마감하여 전체적인 장르적 완성도를 높인다.","Peach Blossom is a Gaya-geum Byeongchang folk song, with lyrics by Hong Yun-sik and music composed by Park Gwi-hee, belonging to the genre of folk music, which is a type of traditional Korean music. This piece sings of the beauty of spring days when the peach blossoms bloom, expressing a romantic sentiment harmonized with the vibrant spring scenery through its gentle melody. The voice of the female vocalist, Chun Joo-mi, serves as a crucial element that guides the flow of the piece. She employs traditional female vocal techniques in her singing, effectively using vocal ornamentation to convey the emotions of the song. Chun Joo-mi's vocal range is consistently stable throughout the piece, clearly articulating each syllable to assist the audience in easily grasping the meaning of the lyrics. She skillfully manages her breath to seamlessly connect the flow of the melody, moving gracefully in accordance with the rhythm of the Gutgeori Jangdan. This rhythmic sense of breathing is distinctly evident in the concluding section of the piece, where Chun Joo-mi gently wraps up the song with appropriate breath control, enhancing the overall artistic completeness of the genre.","복사꽃 필 때에 오신다던 님 석류꽃 피여도 아니 오시네
찔래꽃 피면 장미꽃 피는 뒷동산에 푸른 별 뜨고 새 우는 심심산천에는 채송화
꽃잎이 송이송이 피여서 꽃 타령 좋을씨고 내 마음도 피네
매화꽃 필 때에 오신다던 님 국화꽃 피여도 소식이 없네
들국화 피면 소쩍새 우는 새마을에 꼬꼬닭 울고 그립던 화려강산에는 무궁화
꽃잎이 송이송이 피여서 꽃 타령 좋을씨고 내 마음도 피네
모란꽃 필 때에 오신다던 님 목화꽃 피여도 아무말 없네
호박꽃 피면 오솔길 따라 꽃 동산에 찬이슬 지고 해저문 이내강산에는 복숭아
꽃잎이 울긋불긋 피여서 꽃 타령 좋을씨고 내 마음도 피네
복사꽃 필 때에 오신다던 님 석류꽃 피여도 아니 오시네
찔래꽃 피면 장미꽃 피는 뒷동산에 푸른 별 뜨고 새 우는 심심산천에는 채송화
꽃잎이 송이송이 피여서 꽃 타령 좋을씨고 내 마음도 피네
매화꽃 필 때에 오신다던 님 국화꽃 피여도 소식이 없네
들국화 피면 소쩍새 우는 새마을에 꼬꼬닭 울고 그립던 화려강산에는 무궁화
꽃잎이 송이송이 피여서 꽃 타령 좋을씨고 내 마음도 피네
모란꽃 필 때에 오신다던 님 목화꽃 피여도 아무말 없네
호박꽃 피면 오솔길 따라 꽃 동산에 찬이슬 지고 해저문 이내강산에는 복숭아
꽃잎이 울긋불긋 피여서 꽃 타령 좋을씨고 내 마음도 피네",복사꽃 필 때에 오신다던 님 석류꽃 피여도 / 아니 오시네 찔래꽃 피면 장미꽃 피는 뒷동산에 / 푸른 별 뜨고 새 우는 심심산천에는 채송화 꽃잎이 / 송이송이 피여서 꽃 타령 좋을씨고 내 마음도 피네 / 매화꽃 필 때에 오신다던 님 국화꽃 피여도 / 소식이 없네 들국화 피면 소쩍새 우는 새마을에 / 꼬꼬닭 울고 그립던 화려강산에는 무궁화 꽃잎이 / 송이송이 피여서 꽃 타령 좋을씨고 내 마음도 피네 / 모란꽃 필 때에 오신다던 님 목화꽃 피여도 / 아무말 없네 호박꽃 피면 오솔길 따라 꽃 동산에 / 찬이슬 지고 해저문 이내강산에는 복숭아 꽃잎이 / 울긋불긋 피여서 꽃 타령 좋을씨고 내 마음도 피네 / 복사꽃 필 때에 오신다던 님 석류꽃 피여도 / 아니 오시네 찔래꽃 피면 장미꽃 피는 뒷동산에 / 푸른 별 뜨고 새 우는 심심산천에는 채송화 꽃잎이 / 송이송이 피여서 꽃 타령 좋을씨고 내 마음도 피네 / 매화꽃 필 때에 오신다던 님 국화꽃 피여도 / 소식이 없네 들국화 피면 소쩍새 우는 새마을에 / 꼬꼬닭 울고 그립던 화려강산에는 무궁화 꽃잎이 / 송이송이 피여서 꽃 타령 좋을씨고 내 마음도 피네 / 모란꽃 필 때에 오신다던 님 목화꽃 피여도 / 아무말 없네 호박꽃 피면 오솔길 따라 꽃 동산에 / 찬이슬 지고 해저문 이내강산에는 복숭아 꽃잎이 / 울긋불긋 피여서 꽃 타령 좋을씨고 내 마음도 피네,24.0,248.18
KC_TM_MF_MY_S000273,병창,민속악,민요,가야금병창곡,제주 남풍가,박현숙,여창,A / Gbm,세마치풍,9/8,300.0,"신나는(2), 장엄한(2), 즐거운(2), 활기찬(2), 경쾌한(1), 그루브감 있는(1), 기품 있는(1), 긴장감 넘치는(1), 낭만적인(1), 생기 있는(1), 에너지 넘치는(1), 영웅적인(1), 웅대한(1), 잔잔한(1), 표현적인(1), 희망찬(1)","담백한(3), 단단한(2), 울리는(2), 걸쭉한(1), 긁히는(1), 묵직한(1), 밀도 있는(1), 밝은(1), 쇳소리 나는(1), 유연한(1), 힘 있는(1)","제주남풍가는 박귀희가 작곡한 가야금병창 신민요로, 제주의 독특한 풍광과 감상을 담아낸 민속악의 일종이다. 이 곡은 가야금병창의 특성을 잘 드러내며, 육지 음악인 가야금 병창과 제주 지역의 소재가 만나 독특한 매력을 발산한다. 여창 가창자 박현숙의 목소리는 이 곡을 이끌어가는 핵심 요소로, 그녀는 전통적인 창법을 통해 곡의 멜로디를 섬세하게 표현한다. 발성은 안정적이며, 시김새를 적절히 사용하여 곡의 감정을 전달한다. 박현숙은 성량을 조절하며 각 구절에 맞는 호흡을 통해 리듬감을 살리고, 세마치풍의 장단에 맞춰 자연스럽게 흐름을 타는 모습이 돋보인다. 그녀의 호흡은 곡의 마무리를 장식하며, 전통적인 민요의 완성도를 높이는 데 기여한다. 이러한 요소들이 모여 제주남풍가는 가야금병창의 매력을 한층 더 부각시키는 곡으로 자리 잡는다.","Jeju Namppungga is a Gaya-geum byeongchang (a traditional Korean vocal and instrumental genre) piece composed by Park Gwi-hee, representing a type of folk music that encapsulates the unique scenery and sentiments of Jeju Island. This composition effectively showcases the characteristics of Gaya-geum byeongchang, where the influences of mainland Gaya-geum byeongchang intersect with the local themes of Jeju, creating a distinctive charm. The voice of the female vocalist Park Hyun-sook serves as a pivotal element in this piece, as she delicately expresses the melody through traditional singing techniques. Her vocalization is stable, and she appropriately employs vocal embellishments to convey the emotions of the piece. Park Hyun-sook skillfully modulates her volume and breathes in accordance with each phrase, enhancing the rhythmic quality while seamlessly flowing with the semachi-style jangdan (rhythmic pattern). Her breath beautifully concludes the piece, contributing to the overall completeness of the traditional folk song. These elements collectively establish Jeju Namppungga as a work that further accentuates the allure of Gaya-geum byeongchang.","남포에 깊은밤 남포에 깊은밤이 돛대치는 저사공아 물때 점점 늦어가네 동모화전 배돌려라 술렁술렁술렁 배띄어라
지화자 좋다 어술렁 거리고 강능 경포대로 달구경 가잔다
한라산 푸른솔 한라산 푸른솔이 가을서리 봄바람에 그솔 점점 자라나서 조그맣게 배를 모아 둥실둥실둥실 띄워놓고
어기여차 두둥실 거리고 풍월 싣고서 순풍에 떠간다
남포에 깊은밤 남포에 깊은밤이 돛대치는 저사공아 물때 점점 늦어가네 동모화전 배돌려라 술렁술렁술렁 배띄어라
지화자 좋다 어술렁 거리고 강능 경포대로 달구경 가잔다
한라산 푸른솔 한라산 푸른솔이 가을서리 봄바람에 그솔 점점 자라나서 조그맣게 배를 모아 둥실둥실둥실 띄워놓고
어기여차 두둥실 거리고 풍월 싣고서 순풍에 떠간다",남포에 깊은밤 / 남포에 깊은밤이 / 돛대치는 저사공아 / 물때 점점 늦어가네 / 동모화전 배돌려라 / 술렁술렁술렁 배띄어라 / 지화자 좋다 어술렁 거리고 / 강능 경포대로 달구경 가잔다 / 한라산 푸른솔 / 한라산 푸른솔이 / 가을서리 봄바람에 / 그솔 점점 자라나서 / 조그맣게 배를 모아 / 둥실둥실둥실 띄워놓고 / 어기여차 두둥실 거리고 / 풍월 싣고서 순풍에 떠간다 / 남포에 깊은밤 / 남포에 깊은밤이 / 돛대치는 저사공아 / 물때 점점 늦어가네 / 동모화전 배돌려라 / 술렁술렁술렁 배띄어라 / 지화자 좋다 어술렁 거리고 / 강능 경포대로 달구경 가잔다 / 한라산 푸른솔 / 한라산 푸른솔이 / 가을서리 봄바람에 / 그솔 점점 자라나서 / 조그맣게 배를 모아 / 둥실둥실둥실 띄워놓고 / 어기여차 두둥실 거리고 / 풍월 싣고서 순풍에 떠간다,32.0,234.02
KC_TM_MF_PS_S000274,남도,민속악,판소리,단가,죽장망혜,전소이,여창,Eb / Cm,중모리,12/4,90.0,"엄숙한(3), 절제된(3), 진지한(2), 강렬한(1), 강한(1), 기품 있는(1), 명상적인(1), 비통한(1), 사색적인(1), 슬픈(1), 영감을 주는(1), 영웅적인(1), 우울감 있는(1), 잔잔한(1), 차분한(1), 표현적인(1), 향수 어린(1), 환상적인(1)","담백한(2), 단단한(1), 매끄러운(1), 머금은 듯한(1), 묵직한(1), 밀도 있는(1), 비강 울림이 있는(1), 뻗어 나가는(1), 시원한(1), 역동적인(1), 정제된(1), 직진의(1), 진한(1), 투명한(1), 힘 있는(1)","죽장망혜는 민속악의 판소리 단가로, 간편한 차림으로 천리강산을 유람하는 내용을 담고 있다. 이 곡은 중국의 고사와 자연의 아름다움을 평조 선율로 노래하며, 속세를 떠나 자연을 벗 삼는 선비의 풍류를 잘 표현하고 있다. 여창 가창자 전소이는 이 곡을 통해 독특한 창법으로 이야기를 전달하며, 그녀의 목소리는 곡의 흐름을 자연스럽게 이끌어간다. 전소이는 발성을 통해 고른 음역대를 유지하며, 시김새를 적절히 사용하여 곡의 감정을 전달한다. 그녀의 성량은 넉넉하게 곡의 구조를 지탱하며, 호흡은 안정적이고 지속적이다. 중모리의 리듬 위에서 전소이는 일정한 템포를 유지하며, 리드미컬하게 멜로디를 표현한다. 그녀의 호흡은 곡의 마무리를 부드럽게 장식하며, 전체적인 장르적 완성도를 높인다.","Jukjangmanghye is a folk music piece in the pansori genre, depicting the journey through the beautiful landscapes of the world in a simple attire. This composition sings of ancient Chinese tales and the beauty of nature with a pyeongjo melody, effectively expressing the refined spirit of a scholar who leaves the secular world to embrace nature. The female vocalist Jeon So-i conveys the story through her unique singing technique, and her voice naturally guides the flow of the piece. Jeon maintains a consistent vocal range through her technique, appropriately employing ornamentation to convey the emotions of the song. Her vocal power robustly supports the structure of the piece, while her breath control is stable and sustained. Over the rhythm of jungmori, Jeon maintains a steady tempo, rhythmically expressing the melody. Her breath gently embellishes the conclusion of the piece, enhancing the overall genre's completeness.","죽장 짚고 단표자로 천리강산을 들어가니 폭포도 장히 좋다마는 여산이 여기라 비류직하 삼천척은 옛말로 들었더니 의시은하 낙구천은 과연 허언이 아니라
그 물에 유두 허여 징염을 씻인 후에 석경어 좁은 길로 인도 한 곳을 내려가니 저익은 밭을 갈고 사호노인 은 바두럴 된다
기산을 넘고 넘어 영수로 내려가니 허유난 어이 허여 팔 걷고 귀를 씻쳐 소부난 어이 허여 소고삐를 거사렸나
창랑가 반기 듣고 소리 쫓아서 내려가니 음릉탄 여울 물에 고기 낚는 어옹 하나 양에 갓 옷을 떨쳐입고 벗을 줄을 모르더라
오호라 세인 기곤평은 미재군평이 역기세라 황산곡을 돌아드니 죽림칠현 모였더라 영척은 소를 타고 맹호연 나귀 타 두목지 보이려고 백낙천변을 찾어가니 장건은 승사로다
맹도야 너른 들로 와룡강을 당도하니 학창어 흑대 띠고 팔진도 축지법을 흉장만갑 허고 초당어 졸며 대몽시를 읊네 그려
물에 석경 다 본 후로 탄탄 경로를 내려가니 문수어 배를 타고 이천으로 흘리저어 맹도께 길을 물어 채석은 한가지로 염계로 내려가니 사서삼경 예기 춘추어 잔주만 내시드라 호걸지풍이요 성현지학이라 고래천지 기철년고 금성옥진이 여기로구나 강산풍경 매양 보리 풍월을 구경 가세
이 강산 이 풍월을 게 뉘라 금 할 쏜가 음여완보 석양촌어 촌여를 내려가니
청풍언 서래허고 이 수파는 불흥이라
종일위지 소여하여 능만경지 망연이라
밤도 놀고 낮도 놀고 노류장화 꺾지 말고 두고 보며
헐일을 허여가며 지내보세",죽장 짚고 단표자로 / 천리강산을 들어가니 / 폭포도 장히 좋다마는 / 여산이 여기라 비류직하 삼천척은 / 옛말로 들었더니 / 의시은하 낙구천은 / 과연 허언이 아니라 / 그 물에 유두 허여 / 징염을 씻인 후에 / 석경어 좁은 길로 인도 한 곳을 내려가니 / 저익은 밭을 갈고 / 사호노인 은 바두럴 된다 / 기산을 넘고 넘어 / 영수로 내려가니 / 허유난 어이 허여 / 팔 걷고 귀를 씻쳐 / 소부난 어이 허여 / 소고삐를 거사렸나 / 창랑가 반기 듣고 / 소리 쫓아서 내려가니 / 음릉탄 여울 물에 / 고기 낚는 어옹 하나 / 양에 갓 옷을 떨쳐입고 / 벗을 줄을 모르더라 / 오호라 세인 기곤평은 / 미재군평이 역기세라 / 황산곡을 돌아드니 죽림칠현 모였더라 / 영척은 소를 타고 맹호연 나귀 타 / 두목지 보이려고 / 백낙천변을 찾어가니 / 장건은 승사로다 / 맹도야 너른 들로 / 와룡강을 당도하니 / 학창어 흑대 띠고 / 팔진도 축지법을 / 흉장만갑 허고 / 초당어 졸며 / 대몽시를 읊네 그려 / 물에 석경 다 본 후로 / 탄탄 경로를 내려가니 / 문수어 배를 타고 / 이천으로 흘리저어 / 맹도께 길을 물어 / 채석은 한가지로 / 염계로 내려가니 / 사서삼경 예기 춘추어 / 잔주만 내시드라 / 호걸지풍이요 성현지학이라 / 고래천지 기철년고 / 금성옥진이 여기로구나 / 강산풍경 매양 보리 / 풍월을 구경 가세 / 이 강산 이 풍월을 게 뉘라 금 할 쏜가 / 음여완보 석양촌어 / 촌여를 내려가니 / 청풍언 서래허고 이 수파는 불흥이라 / 종일위지 소여하여 / 능만경지 망연이라 / 밤도 놀고 낮도 놀고 / 노류장화 꺾지 말고 두고 보며 / 헐일을 허여가며 지내보세,61.0,520.03
KC_TM_MF_PS_S000275,남도,민속악,판소리,단가,명기명창,전소이,여창,D / Bm,중모리,12/4,90.0,"공격적인(2), 에너지 넘치는(2), 진지한(2), 경쾌한(1), 긴장된(1), 드라마틱한(1), 불가사의한(1), 생기 있는(1), 쓸쓸한(1), 애절한(1), 엄숙한(1), 영웅적인(1), 장엄한(1), 평온한(1), 표현적인(1), 활기찬(1)","시원한(2), 고운(1), 긁히는(1), 단단한(1), 담백한(1), 맑은(1), 묵직한(1), 밀도 있는(1), 뻗어 나가는(1), 쇳소리 나는(1), 청아한(1), 투명한(1)","명기명창은 민속악의 판소리 장르에 속하는 단가로, 예술인들의 멋과 낭만을 유유자적하게 표현한 곡이다. 이 곡은 임방울 명창이 즐겨 불렀으며, 명창과 명기가 함께 산천을 유람하며 풍류를 즐기는 내용을 담고 있다. 여창 가창자 전소이는 이 곡을 통해 전통적인 창법을 바탕으로 자신의 목소리를 효과적으로 활용한다. 그녀의 목소리는 곡의 멜로디를 부드럽게 이끌며, 발성은 정확하고 안정적이다. 시김새는 전통적인 판소리의 기법을 잘 살려내며, 각 음절마다 뚜렷한 장단을 유지한다. 성량은 곡의 흐름에 맞춰 조절되며, 중모리 장단의 리듬에 맞춰 자연스럽게 이어진다. 전소이는 호흡을 적절히 사용하여 긴 음을 이어가고, 곡의 마무리 부분에서는 호흡을 통해 여운을 남긴다. 이러한 요소들은 곡의 전체적인 구조와 리듬을 잘 살리며, 전통적인 판소리의 완성도를 높인다.","Myeonggi Myeongchang is a solo piece belonging to the pansori genre of folk music, expressing the elegance and romance of artists in a leisurely manner. This piece was often performed by the renowned singer Im Bang-ul, and it depicts the enjoyment of nature and the arts by the singer and the performer as they travel through the mountains and rivers. Jeon So-yi, the female vocalist, effectively utilizes her voice based on traditional singing techniques in this piece. Her voice smoothly guides the melody, with precise and stable vocalization. The nuances of her singing skillfully reflect the traditional pansori techniques, maintaining a distinct rhythmic pattern for each syllable. The volume is adjusted according to the flow of the piece and seamlessly follows the rhythm of the Jungmori jangdan. Jeon So-yi appropriately uses her breath to sustain long notes, leaving a lingering resonance in the concluding section of the piece. These elements enhance the overall structure and rhythm of the piece, elevating the completeness of traditional pansori.","명기명창 풍류랑과 일비일소 백만교태 월태화용을 자랑마라 어제 청춘 오날 백발 덧없는 이 세상을 어느 뉘랴 모를 쏜가 우산어 지는 해는 제경공어 눈물이요 분수어 추풍곡은 한무제여 설움이라 불쌍타 용방비간 만고충신이언만은
충언직간 쓸데없어 죽음이 참혹허고 강태공 황석공과 사마생여 손빈오기 전필승 공필취난
용병이 여신허여 염라국을 못 면허고 필경 죽음을 허였으니 어찌 아니 원통허리
맹상군어 계명고패 실롱군어 절보구조
삼천식객 어디두고 한산세우 초조중어 일부토만 가련허다
역발산 초패왕은 시불리에 추불세라 팔천병 흩어 질제
우미인어 손길을 잡고 눈물 뿌려 하직 헐제 대장부 일촌간장 춘설 같이 다 녹는다
운주유악 장자방과 동남풍 제갈공명 근천위지 무궁조화 호풍환우 천봉만학 팔진도 축지법을 흉장만갑 품어두고 절통 타 한번 죽음 조화로도 못 면허니 어찌 아니 원통허리 허송세월 풍덩세상 아니 놀고서 무엇허리",명기명창 풍류랑과 / 일비일소 백만교태 / 월태화용을 자랑마라 / 어제 청춘 오날 백발 덧없는 이 세상을 / 어느 뉘랴 모를 쏜가 / 우산어 지는 해는 제경공어 눈물이요 / 분수어 추풍곡은 한무제여 설움이라 / 불쌍타 용방비간 만고충신이언만은 / 충언직간 쓸데없어 / 죽음이 참혹허고 / 강태공 황석공과 / 사마생여 손빈오기 / 전필승 공필취난 용병이 여신허여 염라국을 못 면허고 / 필경 죽음을 허였으니 / 어찌 아니 원통허리 맹상군어 / 계명고패 실롱군어 절보구조 / 삼천식객 어디두고 / 한산세우 초조중어 일부토만 가련허다 / 역발산 초패왕은 시불리에 / 추불세라 팔천병 흩어 질제 우미인어 손길을 잡고 / 눈물 뿌려 하직 헐제 / 대장부 일촌간장 춘설 같이 다 녹는다 / 운주유악 장자방과 동남풍 제갈공명 근천위지 무궁조화 / 호풍환우 천변만학 / 팔진도 축지법을 흉장만갑 품어두고 / 절통 타 한번 죽음 / 조화로도 못 면허니 / 어찌 아니 원통허리 / 허송세월 풍덩세상 아니 놀고서 무엇허리,29.0,314.04
KC_TM_MF_PS_S000276,남도,민속악,판소리,단가,공명가,전소이,여창,C / Am,중모리,12/4,90.0,"신비로운(2), 장엄한(2), 진지한(2), 강렬한(1), 강한(1), 경쾌한(1), 불가사의한(1), 사색적인(1), 생기 있는(1), 서사적인(1), 쓸쓸한(1), 애절한(1), 영감을 주는(1), 영웅적인(1), 웅대한(1), 유려한(1), 잔잔한(1), 절제된(1), 진심 어린(1), 평화로운(1)","묵직한(2), 울리는(2), 정제된(2), 단단한(1), 밀도 있는(1), 뻗어 나가는(1), 역동적인(1), 유연한(1), 직진의(1), 진한(1), 콧소리 나는(1)","공명가는 민속악의 판소리 장르 중 단가에 속하는 곡으로, 제갈공명이 동남풍을 비는 대목을 담고 있다. 이 곡은 긴박한 전쟁 상황 속에서 자연을 움직이려는 공명의 비장한 의지를 표현하고 있으며, 전통적인 판소리의 요소를 잘 드러낸다. 여창 가창자 전소이의 목소리는 이 곡을 이끌어가는 핵심 요소로, 그녀는 발성을 통해 곡의 긴장감을 전달한다. 전소이는 전통적인 판소리 기법을 활용하여 시김새를 적절히 구사하며, 각 음절에 힘을 주어 감정의 흐름을 조절한다. 그녀의 성량은 곡의 전개에 따라 유동적이며, 호흡을 잘 조절하여 멜로디를 매끄럽게 이어간다. 중모리의 리듬 위에서 전소이는 곡의 구조를 잘 타며, 리듬의 변화를 통해 긴장감을 유지한다. 그녀의 호흡은 곡의 마무리 부분에서 자연스럽게 이어지며, 전체적인 완성도를 높이는 데 기여한다.","Gongmyeongga is a piece belonging to the genre of pansori within folk music, which captures the moment when Jeonggak Gongmyeong prays for the southeast wind. This piece expresses Gongmyeong's solemn determination to move nature amidst the urgent circumstances of war, effectively showcasing the traditional elements of pansori. The voice of the female vocalist Jeon So-i serves as a key element in leading this piece, as she conveys the tension of the song through her vocalization. Jeon So-i skillfully employs traditional pansori techniques, adeptly utilizing vocal ornamentation and emphasizing each syllable to control the flow of emotion. Her vocal range is fluid, adapting to the progression of the piece, and she manages her breath well to maintain a smooth melody. Over the rhythm of Jungmori, Jeon So-i navigates the structure of the piece skillfully, sustaining tension through rhythmic variations. Her breath seamlessly carries into the concluding section of the piece, contributing to the overall completeness of the performance.","세상공명 부운이라 강호어옹이 되여보자
일엽편주 흘리져어 임기소지 허올적어
만경창과 떠나갈제 주경허니 산사주요 파급허니 야여주라
은린옥척 펄펄 뛰고 백구난 편편 비꼈난디 청풍은 서래허고 수파는 불홍이라 좌우산천 바래보니 경계 무궁이 좋을 씨고 격안전촌 양삼가에 저녁연기 일어나고 반조입 강반석벽에 거울 낯을 열었어라
언덕 우어 초동이요 석벽하에 어옹이라 창랑일곡 반기 듣고 소리 좇차 내려가니 음능연월 다다렀다
경개무궁이 좋을씨고 천척단안 높은 고데 창송녹죽 푸르렀고
십리청탄 고요헌데 쌍쌍오리가 높이 떠어 양계어옹 걸린낙수 허휘씨라 낚아 내여
고기 주고 술얼 사 취케 먹기를 맹세헌다 오호라 세상사가 여몽이라 거포준이 상속하야 호리근곤 되오리라
일락 황혼이 되얐으니 월출동령 솟아온다 배를 저어 돌아갈제 종일위지 소여하야 능만경지 만연이라 선압수중이 선저로다
어언간장 천상인언 무궁허다 요내 심정을 세상이 알까 두리노라
노류장화를 좋은 놈 꺽어 들고 청풍 명월로 지내보세",세상공명 부운이라 / 강호어옹이 되여보자 / 일엽편주 흘리져어 임기소지 허올적어 / 만경창파 떠나갈제 / 주경허니 상사주요 파급허니 야여주라 / 은린옥척 펄펄 뛰고 백구난 편편 비꼈난디 / 청풍은 서래허고 수파는 불홍이라 좌우산천 바래보니 / 경계 무궁이 좋을 씨고 / 격안전촌 양삼가에 저녁연기 일어나고 반조입 강반석벽에 / 거울 낯을 열었어라 / 언덕 우어 초동이요 석벽하에 어옹이라 / 창랑일곡 반기 듣고 소리 좇차 내려가니 / 음능연월 다다렀다 / 경개무궁이 좋을씨고 / 천척단안 높은 곳에 창송녹죽 푸르렀고 십리청탄 고요헌데 / 쌍쌍오리가 높이 떠어 양계어옹 걸린낙수 / 허휘씨라 낚아 내여 고기 주고 술얼 사 / 취케 먹기를 맹세헌다 / 오호라 세상사가 여몽이라 / 그포준이 상속하야 / 호리근곤 되오리라 / 일락 황혼이 되얐으니 / 월출동령 솟아온다 배를 저어 돌아갈제 / 종일위지 소여하야 / 능만경지 만연이라 / 선압수중이 선저로다 / 어언간장 천상인언 / 무궁허다 요내 심정을 세상이 알까 두리노라 / 노류장화를 좋은 놈 꺽어 들고 / 청풍 명월로 지내보세,30.0,321.36
KC_TM_MF_PS_S000277,남도,민속악,판소리,단가,대장부,전소이,여창,Gb / Ebm,중모리,12/4,90.0,"신비로운(2), 에너지 넘치는(2), 장엄한(2), 표현적인(2), 강렬한(1), 강한(1), 다이내믹한(1), 마음을 울리는(1), 불가사의한(1), 생기 있는(1), 슬픈(1), 열정적인(1), 영웅적인(1), 웅대한(1), 절제된(1), 진지한(1)","단단한(2), 밝은(2), 걸쭉한(1), 깨끗한(1), 담백한(1), 묵직한(1), 뻗어 나가는(1), 울리는(1), 직진의(1), 진한(1), 청아한(1), 탁 트인(1)","대장부는 중국의 영웅과 문장가들의 고사를 통해 인생의 덧없음을 노래한 단가로, 민속악 중 판소리 장르에 속한다. 이 곡은 '장부한'이라는 이름으로도 알려져 있으며, 역사적 인물들이 결국 흙으로 돌아간다는 허무함을 호방하게 노래하는 특징이 있다. 여창 가창자 전소이는 이 곡에서 독특한 창법으로 곡의 주제를 효과적으로 전달한다. 그녀의 목소리는 강렬한 발성과 함께 시김새를 적절히 활용하여 감정의 깊이를 더한다. 전소이는 멜로디를 표현하는 방식에서 각 음절을 명확하게 발음하며, 중모리의 리듬에 맞춰 유연하게 흐름을 타고 있다. 그녀의 성량은 곡의 진행에 따라 변화하며, 호흡은 안정적으로 유지되어 곡의 전개를 자연스럽게 이어간다. 중모리의 리듬에 맞춰 전소이는 곡의 마무리를 장식하며, 호흡을 통해 곡의 긴장감을 조절하고 완성도를 높인다. 이러한 요소들이 결합되어 대장부는 전통적인 단가의 매력을 잘 드러내는 작품이 된다.","Daejangbu is a solo song that expresses the transience of life through the tales of heroes and literary figures from China, belonging to the pansori genre of folk music. This piece is also known by the name 'Jangbuhan' and is characterized by its bold singing of the futility of historical figures ultimately returning to dust. The female vocalist Jeon So-yi effectively conveys the theme of the piece through her unique singing style. Her voice, combined with powerful vocalization, appropriately utilizes vibrato to enhance the emotional depth. Jeon So-yi articulates each syllable clearly while flowing flexibly with the rhythm of jungmori. Her vocal strength varies throughout the progression of the piece, and her breath control remains stable, allowing for a natural continuation of the song's development. In accordance with the rhythm of jungmori, Jeon So-yi embellishes the conclusion of the piece, adjusting the tension through her breath and elevating its overall quality. These elements combine to make Daejangbu a work that beautifully showcases the charm of traditional solo songs.","대장부 허량허여 부귀공명을 하직허고 삼척동 일필여루 승지강산을 유람 혈제
진시황 고국지여 만리장성 아방궁과 한무제 천추유적
선인장 승로반과 오주당 월로채성 도읍터를 다 본 후로
강산이 기진허되 호흥이 상준하야 옥난간에 높이 올라 인호상이 자작후로 한단침 도두 베고
장준호접 잠이드니 꿈이 또한 생시같이 우수를 높이 들어 소상반죽을 둘러 집고 만수청산을 들어가니 산용수색도 좋커니와 초목무성이 아름답다
칭칭한 절벽상어 낙화로 자리허고 고금영웅 문장절사 은일화당 절대가인이 갈건야복으로 현왕허여서 앉었난디
좌상어 앉인 손님 누기 누기 앉지신고 천하장사 풍무영목 사곤무량어 고요직설 만고충신어 용방비간
제일총명 사광이며 용병여신 사마양저 자행유협 현가섭정
오호범주 범상궁과 호칭유명 증자맹종 일변으로 앉었난디 일등미인이 다 모였다
매희달기 서시포사 식부인 하흐이며 조오비륜 탕문궁과
촉선경주 월서부인이 일변으로 앉었난디 경치가 더욱 기이허구나
수천장 걸린 폭포 의시은하낙구천이라 백만 길 높은 봉은 만첩청산 금부용이라 백로백구 부안들은 도화유수 떠서 놀고 황금 같은 저 꾀꼬리난 세류간으로 베를 짠다 난물도 허려니와 준주난 먹으리라
형산 백옥반으 팔진미를 버렸난디 좋은 산채 장생초와 일등해물 설리어를 가득 담뿍 담아놓고 대모잔 유리병에 송학주를 부어내어
좌상어 앉인 손께 순배 없이 권할 적어 전계어부 애내성은 남가일몽이 흩어지니 어화 애닯구나
대장부 평생 뜻은 꿈에도 못 이루니 긴 한숨 쩌런 탄식 어느 때나 끊쳐 볼까
노류장화를 좋은 놈 꺾어 들고 청풍명월로 지내보세",대장부 허량허여 / 부귀공명을 하직허고 / 삼척동 일필여루 승지강산을 유람 혈제 / 진시황 / 고국지여 만리장성 아방궁과 / 한무제 천추유적 / 선인장 승로반과 / 오주당 월로채성 도읍터를 다 본 후로 / 강산이 기진허되 호흥이 / 상준하야 옥난간에 높이 올라 인호상이 자작후로 / 한단침 도두 베고 / 장준호접 잠이드니 / 꿈이 또한 생시같이 / 우수를 높이 들어 / 소상반죽을 둘러 집고 / 만수청산을 / 들어가니 / 산용수색도 좋커니와 / 초목무성이 아름답다 / 칭칭한 절벽상어 / 낙화로 자리허고 / 고금영웅 문장절사 / 은일화당 절대가인이 / 갈건야복으로 / 현왕허여서 앉었난디 / 좌상어 앉인 손님 / 누기 누기 앉지신고 / 천하장사 풍무영목 / 사곤무량어 고요직설 만고충신어 용방비간 / 제일총명 사광이며 / 용병여신 사마양저 / 자행유협 현가섭정 / 오호범주 범상궁과 / 호칭유명 증자맹종 / 일변으로 앉었난디 / 일등미인이 다 모였다 / 매희달기 서시포사 / 식부인 하흐이며 조오비륜 / 탕문궁과 촉선경주 / 월서부인이 일변으로 / 앉었난디 경치가 더욱 기이허구나 / 수천장 걸린 폭포 의시은하낙구천이라 / 백만 길 높은 봉은 만첩청산 금부용이라 / 백로백구 / 부안들은 도화유수 떠서 놀고 / 황금 같은 / 저 꾀꼬리난 세류간으로 베를 짠다 / 난물도 / 허려니와 준주난 먹으리라 / 형산 백옥반으 / 팔진미를 버렸난디 좋은 산채 장생초와 / 일등해물 설리어를 / 가득 담뿍 담아놓고 대모잔 유리병에 / 송학주를 부어내어 / 좌상어 앉인 손께 / 순배 없이 권할 적어 / 전계어부 애내성은 / 남가일몽이 흩어지니 어화 애닯구나 / 대장부 평생 뜻은 / 꿈에도 못 이루니 긴 한숨 쩌런 탄식 / 어느 때나 끊쳐 볼까 / 노류장화를 좋은 놈 꺾어 들고 / 청풍명월로 지내보세,63.0,544.03
KC_TM_MF_PS_S000278,남도,민속악,판소리,수궁가,가자어서가,전소이,여창,Eb / Cm,중중모리,12/8,140.0,"애절한(2), 에너지 넘치는(2), 기품 있는(1), 낭만적인(1), 다정한(1), 명상적인(1), 생기 있는(1), 어두운(1), 여유로운(1), 영웅적인(1), 진지한(1), 침울한(1), 표현적인(1), 품위 있는(1), 향수 어린(1), 활기찬(1)","담백한(2), 밀도 있는(2), 힘 있는(2), 거친(1), 걸쭉한(1), 단단한(1), 두터운(1), 묵직한(1), 뻗어 나가는(1), 울리는(1)","가자어서가는 판소리 수궁가의 한 대목으로, 민속악 장르에 속하는 곡이다. 이 곡은 토끼가 별주부의 등을 타고 수궁으로 들어가는 장면을 표현하고 있으며, 미지의 세계로 향하는 토끼의 호기심과 두려움이 잘 드러난다. 여창 가창자 전소이는 이 곡을 통해 전통적인 판소리의 매력을 전달하며, 그 목소리는 곡의 흐름을 자연스럽게 이끌어간다. 전소이는 발성에서 명확한 음절 구분과 함께 전통적인 시김새를 적절히 사용하여 감정의 변화를 섬세하게 표현한다. 또한, 그녀의 성량은 곡의 다양한 구간에서 유연하게 조절되며, 호흡은 긴 구절을 소화하는 데 필요한 안정감을 제공한다. 중중모리의 리듬 위에서 전소이는 각 음의 길이와 강세를 조절하여 곡의 흐름을 잘 타고 있으며, 이는 청중에게 자연스러운 몰입감을 선사한다. 곡의 마무리에서는 전소이의 호흡이 곡의 여운을 남기며, 전통 판소리의 완성도를 높이는 요소로 작용한다.","‘Gaja Eoseo Ganeun’ is a segment from the pansori piece ‘Sugungga,’ classified within the genre of folk music. This piece depicts the scene where a rabbit rides on the back of the turtle to enter the underwater palace, effectively conveying the rabbit's curiosity and fear as it ventures into the unknown. The female vocalist Jeon So-i communicates the charm of traditional pansori through this piece, with her voice naturally guiding the flow of the music. Jeon So-i employs clear syllable distinctions in her vocalization while appropriately utilizing traditional sigimsae to delicately express emotional changes. Furthermore, her vocal range is flexibly adjusted throughout the various sections of the piece, providing the stability necessary for managing long phrases. Over the rhythm of Jungjungmori, Jeon So-i skillfully modulates the length and emphasis of each note, enhancing the overall flow of the piece and offering the audience a sense of immersive experience. In the conclusion of the piece, Jeon So-i's breath leaves a lingering resonance, serving as an element that elevates the completeness of traditional pansori.","가자 어서 가 가자 어서 가 이수 건너 백노가
백로횡강 함께 가 소지노화 월일선 초강어부가 부진 배
기경선자 간 연후 공추월지 단단 자래 등에다 저 달을 실고 우리 고향을 어서 가 환산농명월 원해근산이 여기라 이수로 돌고 돌아들어 어주하던 강태공은 기주로 돌아들고 은린옥척 이뿐이라
벽계수변을 내려가니 붉은 꽃 푸른 잎은 산영행수를 그림허고 나는나비 우난 새 춘광춘흥을 자랑헌다
너울너울 진달화 우질우질 계수들은 날 보고 반긴다
타향수궁에 갔던 벗님이 고국산천이 반가워
벽계수변을 내린 토끼 깡짱 뛰어 내리며 모르는 치로 가는구나
가자 어서 가 가자 어서 가 이수 건너 백노가
백로횡강 함께 가 소지노화 월일선 초강어부가 부진 배
기경선자 간 연후 공추월지 단단 자래 등에다 저 달을 실고 우리 고향을 어서 가 환산농명월 원해근산이 여기라 이수로 돌고 돌아들어 어주하던 강태공은 기주로 돌아들고 은린옥척 이뿐이라
벽계수변을 내려가니 붉은 꽃 푸른 잎은 산영행수를 그림허고 나는나비 우난 새 춘광춘흥을 자랑헌다
너울너울 진달화 우질우질 계수들은 날 보고 반긴다
타향수궁에 갔던 벗님이 고국산천이 반가워
벽계수변을 내린 토끼 깡짱 뛰어 내리며 모르는 치로 가는구나",가자 어서 가 가자 어서 가 / 이수 건너 백노가 백로횡강 함께 가 / 소지노화 월일선 초강어부가 부진 배 / 기경선자 간 연후 공추월지 단단 / 자래 등에다 저 달을 실고 우리 고향을 어서 가 / 환산농명월 원해근산이 여기라 / 이수로 돌고 돌아들어 어주하던 강태공은 / 기주로 돌아들고 은린옥척 이뿐이라 / 벽계수변을 내려가니 붉은 꽃 푸른 잎은 / 산영행수를 그림허고 나는나비 우난 새 / 춘광춘흥을 자랑헌다 너울너울 진달화 / 우질우질 계수들은 날 보고 반긴다 / 타향수궁에 갔던 벗님이 고국산천이 반가워 / 벽계수변을 내린 토끼 깡짱 뛰어 내리며 / 모르는 치로 가는구나 / 가자 어서 가 가자 어서 가 / 이수 건너 백노가 백로횡강 함께 가 / 소지노화 월일선 초강어부가 부진 배 / 기경선자 간 연후 공추월지 단단 / 자래 등에다 저 달을 실고 우리 고향을 어서 가 / 환산농명월 원해근산이 여기라 / 이수로 돌고 돌아들어 어주하던 강태공은 / 기주로 돌아들고 은린옥척 이뿐이라 / 벽계수변을 내려가니 붉은 꽃 푸른 잎은 / 산영행수를 그림허고 나는나비 우난 새 / 춘광춘흥을 자랑헌다 너울너울 진달화 / 우질우질 계수들은 날 보고 반긴다 / 타향수궁에 갔던 벗님이 고국산천이 반가워 / 벽계수변을 내린 토끼 깡짱 뛰어 내리며 / 모르는 치로 가는구나,30.0,304.75
KC_TM_MF_PS_S000279,남도,민속악,판소리,수궁가,고고천변,이슬이,여창,G / Em,중중모리,12/8,150.0,"에너지 넘치는(2), 열정적인(2), 활기찬(2), 경쾌한(1), 기품 있는(1), 다이내믹한(1), 다정한(1), 따뜻한(1), 생기 있는(1), 서사적인(1), 아정한(1), 여유로운(1), 영웅적인(1), 평온한(1), 향토적인(1)","섬세한(2), 쇳소리 나는(2), 거친(1), 걸쭉한(1), 고운(1), 단단한(1), 담백한(1), 뻗어 나가는(1), 선명한(1), 유연한(1), 정제된(1), 콧소리 나는(1), 힘 있는(1)","고고천변은 판소리 수궁가 중 별주부가 육지로 나와 경치를 구경하는 대목으로, 민속악의 대표적인 형태인 판소리의 특징이 잘 드러나는 곡이다. 이 곡은 처음 보는 육지의 신기한 풍경을 생동감 있게 묘사하며, 여창 가창자 이슬이의 목소리가 이 곡을 이끌어가는 중요한 요소로 작용한다. 이슬이는 발성을 통해 곡의 진행에 따라 다양한 시김새를 적절히 사용하며, 생동감 있는 멜로디를 표현한다. 그녀의 성량은 곡의 각 구절을 강조하며, 중중모리의 리듬에 맞춰 자연스럽게 흐름을 타는 방식으로 곡의 구조를 더욱 풍부하게 만든다. 이슬이의 호흡은 곡의 전개에 따라 조절되며, 각 구절의 마무리를 깔끔하게 장식하여 청중이 곡의 완성도를 느낄 수 있도록 돕는다. 이러한 요소들은 고고천변이 가진 민속악으로서의 특성과 함께, 이슬이의 가창력이 곡의 매력을 더욱 돋보이게 한다.","Gogo Cheonbyeon is a segment from the pansori piece Su-gung-ga, depicting the moment when the turtle, Byeoljubu, emerges onto land to admire the scenery, and it exemplifies the characteristics of pansori, a representative form of Korean folk music. This piece vividly portrays the enchanting landscapes of the unfamiliar land, with the voice of the female vocalist, Lee Seul-i, serving as a crucial element that drives the performance. Lee Seul-i skillfully employs various vocal techniques in accordance with the progression of the piece, expressing a lively melody. Her vocal range emphasizes each phrase of the song, flowing naturally in alignment with the rhythm of Jungjungmori, thereby enriching the structure of the composition. Lee Seul-i's breath control adjusts throughout the piece, neatly embellishing the endings of each phrase to enhance the audience's perception of the song's completeness. These elements highlight the folk music characteristics of Gogo Cheonbyeon, while Lee Seul-i's vocal prowess further accentuates the piece's appeal.","고고천변일륜홍 부상에 둥둥 떠 어룡은 잠자고 자교새 펄펄 날아든다
동정여천에 파시추 금색추파가 여기라
앞발로 벽파를 찍어 당기며 뒷발로 창랑을 탕탕 요리 조리 앙금당실 떠 동정 칠백리
사면을 바라보니 지광은 칠백리 파광은 천일색
천외무산의 십이 봉은 구름 밖에 멀고 해외소상은 일천리 안하에 경이라
남훈전 달 밝은데 오현금도 끊어지고 남으로 둥둥 가는 저 배
조각달 무관 속에 초회 왕에 원혼이요 천봉만학을 바래봐
만경대 구름속에 학선이 앉아 울어있고 물은 술렁 깊었는데 국화는 점점 낙화는 동동 장송은 낙낙 펑퍼진 떡갈 실 능수버들이 벚나무 먼 산은 암암 근산은 중중 기암은 주춤 뫼산이 울어 천리시내는 청산으로 돌고 이골물이 쭈루루루 저 골물이 콸콸
열의 열두 물이 한트로 합수쳐 천방져 지방져 월턱져 구부져 방울이 벅끔져서 건너 병풍석에다 아주 쾅쾅 마주 때리며 대하수중 내려가느라고 어기야 어 어허기야 어기엿차 떠나간다
치여다 보느냐 만학은 천봉 내려 굽어보니 백사지로구나
허리 굽고 늙은 장송은 광풍을 못 이기여 우쭐우쭐 춤을 추는데 아니 놀지는 못 허리라",고고천변일륜홍 부상에 둥둥 떠 어룡은 잠자고 자교새 펄펄 날아든다 / 동정여천에 파시추 금색추파가 여기라 / 앞발로 벽파를 찍어 당기며 뒷발로 창랑을 탕탕 / 요리 조리 앙금당실 떠 동정 칠백리 / 사면을 바라보니 지광은 칠백리 파광은 천일색 / 천외무산의 십이 봉은 구름 밖에 멀고 / 해외소상은 일천리 안하에 경이라 / 남훈전 달 밝은데 오현금도 끊어지고 남으로 둥둥 가는 저 배 / 조각달 무관 속에 초회 왕에 원혼이요 천봉만학을 바래봐 / 만경대 구름속에 학선이 앉아 울어있고 / 물은 술렁 깊었는데 국화는 점점 낙화는 동동 / 장송은 낙낙 펑퍼진 떡갈 실 능수버들이 벚나무 / 먼 산은 암암 근산은 중중 기암은 주춤 뫼산이 울어 / 천리시내는 청산으로 돌고 이골물이 쭈루루루 저 골물이 콸콸 / 열의 열두 물이 한트로 합수쳐 천방져 지방져 월턱져 구부져 방울이 벅끔져서 건너 병풍석에다 / 아주 쾅쾅 마주 때리며 대하수중 내려가느라고 어기야 어 어허기야 어기엿차 떠나간다 / 치여다 보느냐 만학은 천봉 내려 굽어보니 백사지로구나 / 허리 굽고 늙은 장송은 광풍을 못 이기여 우쭐우쭐 춤을 추는데 아니 놀지는 못 허리라,18.0,226.82
KC_TM_MF_PS_S000280,남도,민속악,판소리,수궁가,화사자 불러라,이슬이,여창,F / Dm,중중모리,12/8,150.0,"에너지 넘치는(3), 강렬한(1), 경쾌한(1), 귀여운(1), 그루브감 있는(1), 낭만적인(1), 도취된(1), 부드러운(1), 서사적인(1), 신나는(1), 신명난(1), 쓸쓸한(1), 영웅적인(1), 우울감 있는(1), 유쾌한(1), 장엄한(1), 표현적인(1), 해학적인(1), 향토적인(1), 활기찬(1)","담백한(3), 단단한(2), 거친(1), 뻗어 나가는(1), 시원한(1), 안쪽에서 울리는(1), 역동적인(1), 진한(1), 화사한(1), 힘 있는(1)","화사자는 판소리 수궁가 중 토끼의 화상을 그리는 대목을 가야금병창으로 부르는 곡으로, 민속악의 한 갈래인 판소리의 특징이 잘 드러난다. 특히 이 곡은 토끼의 생김새를 상세하게 묘사하는 가사가 돋보이며, 그림을 그리듯 섬세하게 진행되는 음악적 표현이 특징이다. 여창 가창자 이슬이는 이 곡을 통해 목소리의 미세한 변화로 토끼의 모습을 생생하게 전달한다. 그녀의 발성은 명확하고 강하게 음을 내며, 시김새를 통해 곡의 감정을 섬세하게 표현한다. 이슬이는 다양한 고음과 저음을 자유롭게 오가며, 각 음절을 정확하게 발음하여 가사의 의미를 청중에게 전달한다. 그녀의 성량은 곡의 흐름에 따라 조절되며, 호흡은 안정적이고 규칙적이다. 특히 중중모리의 리듬 위에서 이슬이는 자연스럽게 흐름을 타며, 리듬에 맞춰 시김새를 적절히 배치하여 곡의 전체적인 완성도를 높인다. 이슬이의 호흡은 곡의 마무리에서 여운을 남기며, 청중에게 깊은 인상을 주는 동시에 판소리의 전통적인 요소를 잘 살린다.","Hwasa is a piece performed in Gaya Geum Byeong Chang that depicts the image of a rabbit from the pansori song Su-gung-ga, showcasing the distinctive characteristics of pansori, a branch of folk music. Notably, this piece features lyrics that intricately describe the appearance of the rabbit, with musical expressions that progress delicately as if painting a picture. The female vocalist, Lee Seul-yi, vividly conveys the rabbit's image through subtle variations in her voice. Her vocalization is clear and powerful, and she delicately expresses the emotions of the piece through the use of sigimsae. Lee Seul-yi effortlessly navigates between various high and low notes, pronouncing each syllable accurately to convey the meaning of the lyrics to the audience. Her vocal volume is adjusted according to the flow of the piece, and her breathing is stable and regular. Particularly, over the rhythm of Jungjungmori, Lee Seul-yi naturally rides the flow, appropriately placing sigimsae in accordance with the rhythm, thereby enhancing the overall completeness of the piece. Her breathing leaves a lingering impression at the conclusion of the piece, providing a deep impact on the audience while effectively preserving the traditional elements of pansori.","화사자 불러라 화공을 불러 들여 토끼화상을 그린다
동정유리청홍연 금색추파 거북연적 오징어로 먹 갈아 양두화필을 덥뻑 풀어 단청채색에 두루 묻혀서 이리저리 그린다
천하명산 승지강산 경개 보던 눈 그리고 난초지초 왼갖 행초 꽃 따먹던 입 그리고 두견앵무 지지 울 제 소리 듣던 귀 그리고 봉래방장 운무 중에 내 잘 맡던 코 그리고 만화방창 화림 중 펄펄 뛰던 발 그리고 대한엄동 설한풍에 어한허던 털 그려
두귀는 쫑긋 눈은 도리도리 허리는 늘씬 꽁댕이 묘똑 좌편청산이요 우편은 녹수라 녹수청산의 애굽은 장송 휘늘어진 양류 속 들락날락 오락가락 엉거주춤 기는 토끼 산중퇴 얼풋 그려 아미산월이 반륜퇴 이에서 더 할쏘냐 아나 엿다 별주부야 이것을 가지고 니 가거라
화사자 불러라 화공을 불러 들여 토끼화상을 그린다
동정유리청홍연 금색추파 거북연적 오징어로 먹 갈아 양두화필을 덥뻑 풀어 단청채색에 두루 묻혀서 이리저리 그린다
천하명산 승지강산 경개 보던 눈 그리고 난초지초 왼갖 행초 꽃 따먹던 입 그리고 두견앵무 지지 울 제 소리 듣던 귀 그리고 봉래방장 운무 중에 내 잘 맡던 코 그리고 만화방창 화림 중 펄펄 뛰던 발 그리고 대한엄동 설한풍에 어한허던 털 그려
두귀는 쫑긋 눈은 도리도리 허리는 늘씬 꽁댕이 묘똑 좌편청산이요 우편은 녹수라 녹수청산의 애굽은 장송 휘늘어진 양류 속 들락날락 오락가락 엉거주춤 기는 토끼 산중퇴 얼풋 그려 아미산월이 반륜퇴 이에서 더할쏘냐 아나 엿다 별주부야 이것을 가지고 니 가거라",화사자 불러라 / 화공을 불러 들여 / 토끼화상을 그린다 / 동정유리청홍연 / 금색추파 거북연적 오징어로 먹 갈아 / 양두화필을 덥뻑 풀어 / 단청채색에 두루 묻혀서 이리저리 그린다 / 천하명산 승지강산 경개 보던 눈 그리고 / 난초지초 왼갖 행초 꽃 따먹던 입 그리고 / 두견앵무 지지 울 제 소리 듣던 귀 그리고 / 봉래방장 운무 중에 내 잘 맡던 코 그리고 / 만화방창 화림 중 펄펄 뛰던 발 그리고 / 대한엄동 설한풍에 어한허던 털 그려 / 두귀는 쫑긋 눈은 도리도리 허리는 늘씬 꽁댕이 묘똑 / 좌편청산이요 우편은 녹수라 / 녹수청산의 애굽은 장송 휘늘어진 양류 속 / 들락날락 오락가락 엉거주춤 기는 토끼 / 산중퇴 얼풋 그려 아미산월이 반륜퇴 / 이에서 더 할쏘냐 아나 엿다 별주부야 / 이것을 가지고 니 가거라 / 화사자 불러라 / 화공을 불러 들여 / 토끼화상을 그린다 / 동정유리청홍연 / 금색추파 거북연적 오징어로 먹 갈아 / 양두화필을 덥뻑 풀어 / 단청채색에 두루 묻혀서 이리저리 그린다 / 천하명산 승지강산 경개 보던 눈 그리고 / 난초지초 왼갖 행초 꽃 따먹던 입 그리고 / 두견앵무 지지 울 제 소리 듣던 귀 그리고 / 봉래방장 운무 중에 내 잘 맡던 코 그리고 / 만화방창 화림 중 펄펄 뛰던 발 그리고 / 대한엄동 설한풍에 어한허던 털 그려 / 두귀는 쫑긋 눈은 도리도리 허리는 늘씬 꽁댕이 묘똑 / 좌편청산이요 우편은 녹수라 / 녹수청산의 애굽은 장송 휘늘어진 양류 속 / 들락날락 오락가락 엉거주춤 기는 토끼 / 산중퇴 얼풋 그려 아미산월이 반륜퇴 / 이에서 더할쏘냐 아나 엿다 별주부야 / 이것을 가지고 니 가거라,40.0,331.22
KC_TM_MF_PS_S000281,남도,민속악,판소리,수궁가,관대장자,이슬이,여창,F / Dm,중중모리,12/8,150.0,"향토적인(3), 생기 있는(2), 에너지 넘치는(2), 표현적인(2), 경쾌한(1), 그루브감 있는(1), 긴장감 넘치는(1), 드라마틱한(1), 몽환적인(1), 불가사의한(1), 비통한(1), 신나는(1), 신명난(1), 신비로운(1), 엄숙한(1), 장엄한(1), 해학적인(1)","쇳소리 나는(3), 단단한(1), 매끄러운(1), 묵직한(1), 밀도 있는(1), 밝은(1), 비강 울림이 있는(1), 섬세한(1), 시원한(1), 역동적인(1), 울리는(1), 유연한(1), 콧소리 나는(1)","관대장자는 민속악 중 판소리 장르에 속하는 수궁가의 한 부분으로, 이 곡은 토끼가 살아나와 별주부를 놀리는 장면을 가야금병창으로 표현한 것이다. 이슬이의 목소리는 곡의 전개에서 중요한 역할을 하며, 그녀의 창법은 전통적인 판소리의 기법을 잘 드러낸다. 발성은 안정적이며, 시김새를 적절히 사용하여 멜로디의 흐름을 자연스럽게 이어간다. 특히, 이슬이는 각 음의 길이를 조절하며 감정을 담아내는 데 집중하고, 성량을 통해 곡의 긴장감과 해소를 효과적으로 전달한다. 호흡은 곡의 리듬과 조화를 이루며, 중중모리의 리듬 위에서 유연하게 흐름을 타는 모습이 인상적이다. 그녀의 호흡은 곡의 마무리 부분에서도 중요한 역할을 하며, 리듬을 강조하고 장르적 완성도를 높이는 데 기여한다. 이슬이의 목소리는 관대장자의 이야기 속에서 생동감을 불어넣으며, 판소리의 전통을 계승하는 중요한 요소로 작용한다.","Gwandaejangja is a segment of the pansori genre within traditional Korean folk music, specifically from the piece Su-gung-ga, which depicts the scene where a rabbit comes back to life and teases the turtle. The voice of Lee Seul-yi plays a crucial role in the development of the piece, and her singing technique effectively showcases the traditional methods of pansori. Her vocalization is stable, and she appropriately employs vocal embellishments to create a natural flow in the melody. Notably, Lee Seul-yi focuses on controlling the length of each note to convey emotion, effectively communicating the tension and resolution of the piece through her vocal power. Her breath harmonizes with the rhythm of the composition, and her ability to glide smoothly over the jangdan of jungjungmori is particularly impressive. Furthermore, her breath plays a significant role in the concluding section of the piece, emphasizing the rhythm and enhancing the overall artistic completeness of the genre. Lee Seul-yi's voice infuses vitality into the narrative of Gwandaejangja, serving as an important element in the preservation of pansori tradition.","관대장자 한고조 국량 많기 날 만허며 운주결승 장자방이가 어사 많기 날 만허며 난새간웅 조맹덕이가 꾀만 허기가 날 만허며
신출귀몰 제갈량이가 조화 많기 날 만허며 무릉도원 신선이라도 한가허기가 날 같으랴
옛 듣던 청산두견이 자주 운다고 각 새소리  타향 수궁에 갔던 벗님이 고국산천이 반가워라
그 산 광야 너른 천지 금잔디 좌르르르 깔린데 이리 뛰고 저리 뛰고 깡짱 뛰어 놀며 얼씨구 얼씨구 절씨구 얼씨구 좋구나 지화자 좋네 얼씨구나 절씨구야
관대장자 한고조 국량 많기 날 만허며 운주결승 장자방이가 어사 많기 날 만허며 난새간웅 조맹덕이가 꾀만 허기가 날 만허며
신출귀몰 제갈량이가 조화 많기 날 만허며 무릉도원 신선이라도 한가허기가 날 같으랴
옛 듣던 청산두견이 자주 운다고 각 새소리
타향 수궁에 갔던 벗님이 고국산천이 반가워라
그 산 광야 너른 천지 금잔디 좌르르르 깔린데 이리 뛰고 저리 뛰고 깡짱 뛰어 놀며
얼씨구 얼씨구 절씨구 얼씨구 좋구나 지화자 좋네 얼씨구나 절씨구야",관대장자 한고조 국량 많기 날 만허며 / 운주결승 장자방이가 어사 많기 날 만허며 / 난새간웅 조맹덕이가 꾀만 허기가 날 만허며 / 신출귀몰 제갈량이가 조화 많기 날 만허며 / 무릉도원 신선이라도 한가허기가 날 같으랴 / 옛 듣던 청산두견이 자주 운다고 각 새소리 / 타향 수궁에 갔던 벗님이 고국산천이 반가워라 / 그 산 광야 너른 천지 금잔디 좌르르르 깔린데 / 이리 뛰고 저리 뛰고 깡짱 뛰어 놀며 / 얼씨구 얼씨구 절씨구 얼씨구 좋구나 지화자 좋네 / 얼씨구나 절씨구야 / 관대장자 한고조 국량 많기 날 만허며 / 운주결승 장자방이가 어사 많기 날 만허며 / 난새간웅 조맹덕이가 꾀만 허기가 날 만허며 / 신출귀몰 제갈량이가 조화 많기 날 만허며 / 무릉도원 신선이라도 한가허기가 날 같으랴 / 옛 듣던 청산두견이 자주 운다고 각 새소리 / 타향 수궁에 갔던 벗님이 고국산천이 반가워라 / 그 산 광야 너른 천지 금잔디 좌르르르 깔린데 / 이리 뛰고 저리 뛰고 깡짱 뛰어 놀며 / 얼씨구 얼씨구 절씨구 얼씨구 좋구나 지화자 좋네 / 얼씨구나 절씨구야,22.0,208.82
KC_TM_MF_PS_S000282,남도,민속악,판소리,심청가,방아타령,이슬이,여창,G / Em,중중모리,12/8,140.0,"생기 있는(2), 신나는(2), 쓸쓸한(2), 표현적인(2), 감상적인(1), 귀여운(1), 명랑한(1), 부드러운(1), 에너지 넘치는(1), 여유로운(1), 유쾌한(1), 진지한(1), 편안한(1), 향수 어린(1), 활기찬(1)","단단한(3), 진한(2), 콧소리 나는(2), 공명감 있는(1), 긁히는(1), 맑은(1), 묵직한(1), 밀도 있는(1), 역동적인(1)","방아타령은 판소리 심청가 중 심봉사가 뺑덕어미를 잃고 방아를 찧으며 부르는 대목으로, 슬픔과 해학이 공존하는 민속악 장르의 독특한 매력을 지닌 곡이다. 이 곡은 심청가의 특성을 잘 보여주며, 전통 판소리의 기법이 잘 녹아들어 있다. 여창 가창자 이슬이는 이 곡을 통해 심봉사의 처량한 심정을 효과적으로 전달한다. 그녀의 목소리는 깊은 발성과 함께 시김새를 적절히 구사하여 감정의 흐름을 이끌어간다. 이슬이는 각 음절을 정교하게 표현하며, 리듬에 맞춰 변화를 주는 창법을 사용한다. 그녀의 성량은 곡의 전개에 따라 유동적으로 조절되며, 호흡은 안정적이고 긴 여운을 남기도록 관리된다. 중중모리의 리듬 위에서 이슬이는 자연스럽게 흐름을 타며, 각 구절마다 강약을 조절하여 청중의 귀를 사로잡는다. 곡의 마무리에서는 호흡을 통해 여운을 남기며, 전통 판소리의 완성도를 높이는 데 기여한다.","Bangataryeong is a segment from the pansori piece ""Simcheongga,"" where Simbongsa, having lost his wife, sings while pounding rice. This song possesses a unique charm characteristic of the folk music genre, where sorrow and humor coexist. It effectively showcases the traits of ""Simcheongga,"" with traditional pansori techniques intricately woven throughout. The female vocalist, Lee Seul-i, conveys Simbongsa's poignant emotions through this piece. Her voice, with deep resonance, skillfully employs vibrato to guide the flow of emotions. Lee Seul-i articulates each syllable with precision, utilizing a singing style that introduces variations in accordance with the rhythm. Her vocal volume is dynamically adjusted according to the progression of the piece, while her breath control remains stable, leaving a lingering resonance. Riding on the rhythm of Jungjungmori, Lee Seul-i naturally navigates the flow, modulating the intensity of each phrase to captivate the audience's ears. In the conclusion of the piece, she leaves a lingering echo through her breath, contributing to the overall completeness of traditional pansori.","어유와 방아요 어유와 방아요 떨크덩떵 잘 찧는다 어유와 방아요
이 방애가 뉘 방애 강태공의 조작이로다 어유와 방아요
태고라 천황씨는 이 목덕으로 왕 허였으니 남기 아니 중헐씨고 어유와 방아요
유소씨 구목위소 이런 나무로 집지셨나 어유와 방아요 어유와 방아요
떨크덩떵 잘 찧는다 어유와 방아요
옥빈홍안의 비널런가 가는 허리에 잠이 질렀구나 어유와 방아요
머리 들어서 오르는 양은 창해노룡이 성을 낸 듯 머리 숙여 내린 양은 주문왕의 돈술런가 어유와 방아요
길고 가는 허리를 보니 초왕 궁녀에 허리일런가
어유와 방아요 떨크덩떵 잘 찧는다 어유와 방아요
오고대부 죽은 후에 방아소리가 끊쳤더니 우리승상 즉위허사 국태민안 하옵신데  하물며 맹인잔치는 고금에 없난지라
우리도 태평성대 방아타령을 허여보세 어유와 방아요
떨크덩떵 잘 찧는다 어유와 방아요",어유와 방아요 어유와 방아요 / 떨크덩떵 잘 찧는다 어유와 방아요 / 이 방애가 뉘 방애 강태공의 조작이로다 어유와 방아요 / 태고라 천황씨는 이 목덕으로 왕 허였으니 / 남기 아니 중헐씨고 어유와 방아요 / 유소씨 구목위소 이런 나무로 집지셨나 어유와 방아요 / 어유와 방아요 떨크덩떵 잘 찧는다 어유와 방아요 / 옥빈홍안의 비널런가 가는 허리에 잠이 질렀구나 어유와 방아요 / 머리 들어서 오르는 양은 창해노룡이 성을 낸 듯 / 머리 숙여 내린 양은 주문왕의 돈술런가 어유와 방아요 / 길고 가는 허리를 보니 초왕 궁녀에 허리일런가 어유와 방아요 / 떨크덩떵 잘 찧는다 어유와 방아요 / 오고대부 죽은 후에 방아소리가 끊쳤더니 / 우리승상 즉위허사 국태민안 하옵신데 / 하물며 맹인잔치는 고금에 없난지라 / 우리도 태평성대 방아타령을 허여보세 어유와 방아요 / 떨크덩떵 잘 찧는다 어유와 방아요,17.0,206.62
KC_TM_MF_PS_S000283,남도,민속악,판소리,심청가,화초타령,전소이,여창,Eb / Cm,중중모리,12/8,140.0,"잔잔한(2), 진지한(2), 표현적인(2), 감상적인(1), 다정한(1), 도취된(1), 사색적인(1), 서사적인(1), 쓸쓸한(1), 에너지 넘치는(1), 우울감 있는(1), 웅대한(1), 진심 어린(1), 차분한(1), 평온한(1), 해학적인(1), 희망찬(1)","뻗어 나가는(2), 청아한(2), 거친(1), 깨끗한(1), 단단한(1), 맑은(1), 매끄러운(1), 밀도 있는(1), 시원한(1), 유연한(1), 정제된(1), 직진의(1)","화초타령은 판소리 심청가의 한 대목으로, 민속악의 전통을 잘 보여주는 곡이다. 이 곡은 황제가 궁궐에서 다양한 꽃을 구경하며 심청을 잃은 슬픔을 꽃구경으로 달래려는 마음을 담고 있다. 여창 가창자 전소이는 이 곡에서 독특한 창법을 통해 이야기를 전달하며, 목소리로 곡의 흐름을 이끌어간다. 그녀는 발성을 통해 멜로디를 표현하고, 시김새를 적절히 사용하여 곡의 감정을 전달한다. 또한 성량을 조절하여 다양한 음역대를 커버하며, 호흡을 통해 곡의 전개를 자연스럽게 이어간다. 중중모리의 리듬 위에서 전소이는 곡의 흐름을 타며, 각 구절의 마무리를 호흡으로 장식하여 곡의 완성도를 높인다. 그녀의 창법은 전통 판소리의 요소를 잘 살리면서도, 곡의 서사를 효과적으로 전달하는 데 기여한다.","Hwachotaryeong is a segment from the pansori piece Simcheongga, exemplifying the tradition of folk music. This song encapsulates the emperor's desire to alleviate his sorrow over the loss of Simcheong by admiring various flowers in the palace. The female vocalist Jeon So-yi conveys the narrative through her unique singing technique, guiding the flow of the piece with her voice. She expresses the melody through her vocalization and effectively employs sigimsae to convey the emotions of the song. Additionally, she adjusts her vocal range to cover various pitches and seamlessly connects the development of the piece through her breath. Riding on the rhythm of jungjungmori, Jeon So-yi enhances the completeness of the song by embellishing the endings of each phrase with her breath. Her singing style not only preserves the elements of traditional pansori but also contributes to the effective transmission of the song's narrative.","화초도 많고 많다 팔월부용 군자룡
만당추수 홍련화 암향부동에 월황혼 소식 전튼 한매화
진시요량어 거후재난 붉어있넌 복숭 꽃
월중천행어 단계자 향문심리어 계화 꽃 요염섬섬 옥지갑어 금부야용 봉선화
구월구일 용산음 소축신 국화꽃 공자왕손 방수하에 부귀할손에 모란화
이화만지 불개문 장신궁중에 배 꽃 칠십제자를 강논을허니 행단춘풍에 살구꽃
천태산 들어가니 양변에 작약이요 촉국한을 못 이기여 제혈허던 두견화
원정부지이별을 허니 옥창오견에 앵도화 요화 노화 계관화 이화 계화 석연화 홍국 백국 시월국화 장미화 능선화 영산홍 차산홍 외철쭉 진달화
난초 지초 왼갖 행초 비파마향에 능금이며
오미자 치자 감과 대추 가진과목 칭칭이 심었난데 행풍이 건듯 불면 벌 나비 새 짐생들이 지지 울며 노는구나
화초도 많고 많다 팔월부용 군자룡
만당추수 홍련화 암향부동에 월황혼 소식 전튼 한매화
진시요량어 거후재난 붉어있넌 복숭 꽃
월중천행어 단계자 향문심리어 계화 꽃 요염섬섬 옥지갑어 금부야용 봉선화
구월구일 용산음 소축신 국화꽃 공자왕손 방수하에 부귀할손에 모란화
이화만지 불개문 장신궁중에 배 꽃 칠십제자를 강논을허니 행단춘풍에 살구꽃
천태산 들어가니 양변에 작약이요 촉국한을 못 이기여 제혈허던 두견화
원정부지이별을 허니 옥창오견에 앵도화 요화 노화 계관화 이화 계화 석연화 홍국 백국 시월국화 장미화 능선화 영산홍 차산홍 외철쭉 진달화
난초 지초 왼갖 행초 비파마향에 능금이며
오미자 치자 감과 대추 가진과목 칭칭이 심었난데 행풍이 건듯 불면 벌 나비 새 짐생들이 지지 울며 노는구나",화초도 많고 많다 팔월부용 군자룡 / 만당추수 홍련화 암향부동 월황혼 소식 전튼 한매화 / 진시요량어 거후재난 붉어있넌 복숭 꽃 / 월중천행어 단계자 향문심리어 계화 꽃 / 요염섬섬 옥지갑어 금부야용 봉선화 / 구월구일 용산음 소축신 국화꽃 / 공자왕손 방수하에 부귀할손에 모란화 / 이화만지 불개문 장신궁중에 배 꽃 / 칠십제자를 강논을허니 행단춘풍에 살구꽃 / 천태산 들어가니 양변에 작약이요 / 촉국한을 못 이기여 제혈허던 두견화 / 원정부지이별을 허니 옥창오견에 앵도화 / 요화 노화 계관화 이화 계화 석연화 홍국 백국 시월국화 장미화 능선화 영산홍 차산홍 외철쭉 진달화 / 난초 지초 왼갖 행초 비파마향에 능금이며 / 오미자 치자 감과 대추 가진과목 칭칭이 심었난데 / 행풍이 건듯 불면 벌 나비 새 짐생들이 지지 울며 노는구나 / 화초도 많고 많다 팔월부용 군자룡 / 만당추수 홍련화 암향부동 월황혼 소식 전튼 한매화 / 진시요량어 거후재난 붉어있넌 복숭 꽃 / 월중천행어 단계자 향문심리어 계화 꽃 / 요염섬섬 옥지갑어 금부야용 봉선화 / 구월구일 용산음 소축신 국화꽃 / 공자왕손 방수하에 부귀할손에 모란화 / 이화만지 불개문 장신궁중에 배 꽃 / 칠십제자를 강논을허니 행단춘풍에 살구꽃 / 천태산 들어가니 양변에 작약이요 / 촉국한을 못 이기여 제혈허던 두견화 / 원정부지이별을 허니 옥창오견에 앵도화 / 요화 노화 계관화 이화 계화 석연화 홍국 백국 시월국화 장미화 능선화 영산홍 차산홍 외철쭉 진달화 / 난초 지초 왼갖 행초 비파마향에 능금이며 / 오미자 치자 감과 대추 가진과목 칭칭이 심었난데 / 행풍이 건듯 불면 벌 나비 새 짐생들이 지지 울며 노는구나,32.0,374.18
KC_TM_MF_PS_S000284,남도,민속악,판소리,흥보가,제비노정기,이슬이,여창,F / Dm,자진모리,12/8,260.0,"생기 있는(3), 표현적인(3), 경쾌한(2), 신나는(2), 공격적인(1), 그루브감 있는(1), 서사적인(1), 신명난(1), 에너지 넘치는(1), 열정적인(1), 영감을 주는(1), 장엄한(1), 즐거운(1), 활기찬(1), 활달한(1)","쇳소리 나는(3), 걸쭉한(2), 담백한(1), 맑은(1), 매끄러운(1), 뻗어 나가는(1), 선명한(1), 시원한(1), 콧소리 나는(1), 탁 트인(1)","제비노정기는 판소리 흥보가 중 제비가 강남에서 박씨를 물고 흥보네 집으로 날아오는 여정을 그린 대목으로, 민속악의 한 장르인 판소리의 특징이 잘 드러나는 곡이다. 이 곡은 빠른 템포로 지명을 나열하며 긴박감을 주고, 제비의 비행을 속도감 있게 묘사하는 명장면을 담고 있다. 여창 가창자 이슬이는 이 곡을 통해 제비의 여정을 생동감 있게 이끌어간다. 그녀의 목소리는 곡의 긴박한 흐름을 잘 표현하며, 발성에서 강한 힘을 느낄 수 있다. 시김새를 적절히 사용하여 각 지명과 상황을 강조하고, 성량을 통해 곡의 몰입감을 높인다. 호흡 또한 곡의 빠른 리듬에 맞춰 조절되며, 긴 구절에서는 호흡을 잘 나누어 곡의 흐름을 끊지 않고 유지한다. 자진모리의 경쾌한 리듬 위에서 이슬이는 자연스럽게 흐름을 타며, 각 음절의 발음을 명확하게 하여 청중이 쉽게 따라갈 수 있도록 돕는다. 그녀의 호흡은 곡의 마무리 부분에서 적절하게 조절되어 긴장감을 유지하며, 곡의 완성도를 높이는 데 기여한다.","Je-bin-no-jeong-gi is a notable section from the pansori piece Heungbo-ga, depicting the journey of a swallow flying from Gangnam to the home of the Heungbo family after catching a Park. This piece exemplifies the characteristics of pansori, a genre of Korean folk music. The composition features a rapid tempo that lists place names, creating a sense of urgency, and captures the swift flight of the swallow in vivid scenes. The female vocalist, Lee Seul-i, brings the swallow's journey to life with her performance. Her voice effectively conveys the intense flow of the piece, showcasing a strong vocal power. By skillfully employing vocal embellishments, she emphasizes each location and situation, enhancing the immersive quality of the performance through her vocal range. Her breath control is adjusted to match the fast rhythm of the piece, and during long phrases, she manages her breathing to maintain the continuity of the music. Riding on the lively rhythm of the jazinmori, Lee Seul-i flows naturally with the music, articulating each syllable clearly to assist the audience in following along. Her breath is appropriately regulated in the concluding section of the piece, sustaining the tension and contributing to the overall quality of the performance.","흑운박차고 백운 무릅쓰고 거중에 둥둥 높이 떠 두루 사면을 살펴보니 서쪽지척이요 동해 창망허다 축융봉을 올라가니 주작이 넘놀고 상익토 하익토 오작교 바라보니 오초동남에 가는 배는 북을 두리 둥둥둥 두리 둥둥둥 둥둥 어기야 어기야 저어가니 원포귀범이 이 아니냐
백구백로 짝을 지어 청파상에 왕래 허니 석양천이 거이노라
회안봉을 넘어 황릉묘 들어가 이십오현 탄야월에 반죽가지 쉬어 앉어 두견성 화답 허고 황학루를 올라가니 황학일거불부반 백운천재공유유라
금릉을 지내여 주사촌 들어가 공수창가 도리개라
낙매화를 툭 차 무연에 펄렁 떨어지고 이수를 지내여 종남산을 넘어 계명산 올라가니 장자방 간 곳 없고 남병산 올라가니 칠성당이 빈 터요
연제지간을 얼른 지내 장성을 지내여 갈석산을 넘어 연경을 들어가 황극전에 올라 앉어 만호장 구경 허고
경향문 내달아 창달문 지내여 동관을 들어가니 산미륵이 백이로다
요동 칠백리 강동을 지내여 압록강을 건너 의주를 다달아 영고탑 통군정 올라앉어 안남산 밧남산 석벽강 용천강 좌우령을 넘어들어 부산파무 환마 고개 강동 다리를 시각이 건너 평양은 연광정 부벽루를 구경허고 대동강 장림을 지내여 송도를 들어가 만월대 관덕정 박연폭포를 구경허고 이 임진강을 시각이 건너 삼각산에 올라 앉어 지세를 살펴보니 채령산 네골맥이 중령으로 흘리져 금화금성이 분명 허고 춘당영천 회돌아 도봉 망월대 솟아있고 삼각산이 생겼구나
문물이 빈빈허고 풍속이 희희하야 만만세지금탕이라 경상도는 함양이요 전라도는 운봉인데 운봉 함양 두 품에 흥보가 사는지라 저 제비 거동보소 박씨를 입에다 가로물고 남대문밖 썩 내달아 칠패 팔패 배다리 지나 애고개를 얼른 넘어 동작강 월강
승방을 지내여 남태령을 넘어 두 쭉지 옆에 끼고 수루루루루 펄 펄",흑운박차고 백운 무릅쓰고 거중에 둥둥 높이 떠 / 두루 사면을 살펴보니 서쪽지척이요 동해 창망허다 / 축융봉을 올라가니 주작이 넘놀고 상익토 하익토 / 오작교 바라보니 오초동남에 가는 배는 / 북을 두리 둥둥둥 두리 둥둥둥 둥둥 / 어기야 어기야 저어가니 원포귀범이 이 아니냐 / 백구백로 짝을 지어 청파상에 왕래 허니 / 석양천이 거이노라 회안봉을 넘어 황릉묘 들어가 / 이십오현 탄야월에 반죽가지 쉬어 앉어 두견성 화답 허고 / 황학루를 올라가니 황학일거불부반 백운천재공유유라 / 금릉을 지내여 주사촌 들어가 공수창가 도리개라 / 낙매화를 툭 차 무연에 펄렁 떨어지고 / 이수를 지내여 종남산을 넘어 계명산 올라가니 / 장자방 간 곳 없고 남병산 올라가니 / 칠성당이 빈 터요 연제지간을 얼른 지내 / 장성을 지내여 갈석산을 넘어 연경을 들어가 황극전에 올라 앉어 만호장 구경 허고 / 경향문 내달아 창달문 지내여 동관을 들어가니 / 산미륵이 백이로다 요동 칠백리 강동을 지내여 / 압록강을 건너 의주를 다달아 영고탑 통군정 올라앉어 / 안남산 밧남산 석벽강 용천강 좌우령을 넘어들어 / 부산파무 환마 고개 강동 다리를 시각이 건너 / 평양은 연광정 부벽루를 구경허고 / 대동강 장림을 지내여 송도를 들어가 만월대 관덕정 / 박연폭포를 구경허고 이 임진강을 시각이 건너 / 삼각산에 올라 앉어 지세를 살펴보니 / 채령산 네골맥이 중령으로 흘리져 / 금화금성이 분명 허고 춘당영천 회돌아 / 도봉 망월대 솟아있고 삼각산이 생겼구나 / 문물이 빈빈허고 풍속이 희희하야 / 만만세지금탕이라 경상도는 함양이요 전라도는 운봉인데 / 운봉 함양 두 품에 흥보가 사는지라 저 제비 거동보소 / 박씨를 입에다 가로물고 남대문밖 썩 내달아 칠패 팔패 / 배다리 지나 애고개를 얼른 넘어 동작강 월강 / 승방을 지내여 남태령을 넘어 두 쭉지 옆에 끼고 / 수루루루루 펄 펄,35.0,207.72
KC_TM_MF_PS_S000285,남도,민속악,판소리,춘향가,진양 사랑가 1,전소이,여창,E / Dbm,진양,18/8,100.0,"쓸쓸한(2), 애절한(2), 에너지 넘치는(2), 표현적인(2), 그루브감 있는(1), 단아한(1), 마음을 울리는(1), 시적인(1), 애정 어린(1), 열정적인(1), 영웅적인(1), 우울감 있는(1), 진지한(1), 차분한(1), 평화로운(1)","단단한(3), 담백한(2), 묵직한(2), 매끄러운(1), 밀도 있는(1), 뻗어 나가는(1), 쇳소리 나는(1), 정제된(1), 진한(1)","사랑가는 판소리 춘향가 중 이몽룡과 성춘향의 사랑을 표현하는 대목으로, 민속악의 대표적인 장르인 판소리의 특징이 잘 드러나는 곡이다. 이 곡은 긴사랑가와 자진사랑가 등 여러 구성으로 불리며, 두 주인공의 깊은 애정을 달콤하고 아름다운 선율로 담아내고 있다. 여창 가창자 전소이는 이 곡에서 그녀의 목소리로 사랑의 감정을 섬세하게 전달한다. 그녀는 판소리의 전통적인 창법을 활용하여 발성을 명확히 하고, 시김새를 적절히 사용하여 곡의 정서를 더욱 풍부하게 표현한다. 또한, 성량을 조절하며 곡의 흐름에 따라 다양한 음역을 자유롭게 오가면서 청중을 사로잡는다. 전소이는 호흡을 잘 조절하여 긴 구절에서도 안정적인 발음을 유지하며, 각 음절에 힘을 주어 감정의 변화를 효과적으로 전달한다. 진양의 리듬 위에서 그녀는 차분하게 흐름을 타며, 각 음의 시작과 끝을 부드럽게 연결하여 곡의 일관성을 높인다. 마무리에서는 호흡을 통해 곡의 여운을 남기며, 판소리의 전통적인 미를 더욱 강조하여 장르적 완성도를 높인다.","Love's Departure is a segment from the pansori Chunhyangga that expresses the love between Imong-ryong and Seong Chunhyang, showcasing the distinctive characteristics of pansori, a representative genre of folk music. This piece is performed in various forms, including Ginsaranggah and Jajinsaranggah, encapsulating the deep affection of the two protagonists in sweet and beautiful melodies. The female vocalist Jeon So-yi delicately conveys the emotions of love through her voice in this piece. She employs traditional pansori vocal techniques to ensure clear articulation and utilizes appropriate embellishments to enrich the emotional expression of the song. Additionally, she skillfully modulates her vocal range, seamlessly transitioning between different pitches in accordance with the flow of the piece, captivating the audience. Jeon So-yi maintains stable pronunciation even in lengthy phrases by effectively controlling her breath, emphasizing each syllable to convey emotional shifts. Riding on the rhythm of Jinyang, she flows calmly, smoothly connecting the beginnings and endings of each note to enhance the coherence of the piece. In the conclusion, she leaves a lingering resonance through her breath, further emphasizing the traditional beauty of pansori and elevating the genre's overall completeness.","사랑 사랑 내사랑아 어허둥둥 내사랑이야
광한루서 처음보고 산하지해 깊은 사랑
하상견지 만야월 하월삼경 밤이 짧어 구곡같이 서린 정회
탐탐히 풀새 없이 새벽닭이 원수로구나 어허둥둥 내사랑이지
밤이 짧어 한이 되면 천중명월 잡어 메고
장침가로 놀아보고 이내 마음 거울이요
도련님 굳은 맹세 내 무진 오는 밤에
사랑가로 즐겨보세 사랑이야 어어 내사랑이로구나
어어흐어 둥둥 니가 내 사랑이지야",사랑 사랑 / 내사랑아 / 어허둥둥 / 내사랑이야 / 광한루서 처음보고 / 산하지해 깊은 사랑 / 하상견지 만야월 / 하월삼경 밤이 짧어 / 구곡같이 서린 정회 / 탐탐히 풀새 없이 / 새벽닭이 원수로구나 / 어허둥둥 / 내사랑이지 / 밤이 짧어 한이 되면 / 천중명월 잡어 메고 / 장침가로 놀아보고 / 이내 마음 거울이요 / 도련님 굳은 맹세 / 내 무진 오는 밤에 / 사랑가로 즐겨보세 / 사랑이야 어어 / 내사랑이로구나 / 어어흐어 둥둥 / 니가 내 사랑이지야,24.0,259.22
KC_TM_MF_PS_S000286,남도,민속악,판소리,춘향가,진양 사랑가 2,전소이,여창,Eb / Cm,진양,18/8,100.0,"에너지 넘치는(3), 진지한(2), 향토적인(2), 경쾌한(1), 귀여운(1), 그리운(1), 낭만적인(1), 다정한(1), 따뜻한(1), 마음을 울리는(1), 부드러운(1), 서사적인(1), 애정 어린(1), 어두운(1), 여유로운(1), 우울감 있는(1), 웅대한(1), 장엄한(1), 표현적인(1), 행복한(1)","거친(2), 단단한(2), 담백한(2), 걸쭉한(1), 두터운(1), 묵직한(1), 뻗어 나가는(1), 쇳소리 나는(1), 시원한(1), 힘 있는(1)","사랑가는 판소리 춘향가 중 이몽룡과 성춘향이 사랑을 나누는 대목으로, 판소리의 대표적인 장르인 민속악의 특성을 잘 드러낸다. 이 곡은 긴사랑가와 자진사랑가 등 다양한 구성으로 불리며, 두 인물의 깊은 애정을 아름답고 달콤한 선율로 표현하는 판소리의 백미로 알려져 있다. 여창 가창자 전소이는 이 곡을 통해 전통적인 판소리의 창법을 충실히 재현하며, 특히 발성에서의 균형 잡힌 음역대와 정확한 시김새를 통해 곡의 감정을 효과적으로 전달한다. 그녀의 목소리는 곡의 흐름을 이끌어가며, 각 구절마다 섬세한 호흡 조절로 멜로디를 표현한다. 전소이는 고음과 저음을 자유롭게 넘나들면서도 안정적인 성량을 유지하며, 긴장감 있는 발음으로 청중을 몰입하게 만든다. 또한, 그녀의 호흡은 곡의 리듬과 완벽하게 조화를 이루며, 진양장단의 느린 템포 속에서 자연스럽게 흐름을 타고 있다. 이러한 호흡의 조절은 곡의 마무리를 장식하며, 판소리의 전통적인 표현 방식의 완성도를 높이는 데 기여한다. 전소이의 창법은 사랑가의 서사적 요소를 잘 살리며, 곡의 전체적인 구조를 더욱 풍부하게 만든다.","The excerpt from the pansori ""Chunhyangga,"" depicting the love shared between Lee Mong-ryong and Seong Chun-hyang, effectively showcases the characteristics of folk music, which is a representative genre of pansori. This piece is performed in various forms, including Ginsaranggah and Jajinsaranggah, and is renowned as a pinnacle of pansori for its beautiful and sweet melodies that express the deep affection between the two characters. The female vocalist Jeon So-yi faithfully reproduces the traditional singing style of pansori through this piece, particularly conveying the emotions of the song effectively with a balanced vocal range and precise sigimsae in her vocalization. Her voice leads the flow of the piece, expressing the melody with delicate breath control in each phrase. Jeon So-yi navigates freely between high and low notes while maintaining a stable volume, captivating the audience with her tense articulation. Additionally, her breathing harmonizes perfectly with the rhythm of the piece, flowing naturally within the slow tempo of the Jin yang jangdan. This control of breath enhances the conclusion of the piece and contributes to the overall refinement of the traditional expressive techniques of pansori. Jeon So-yi's singing style effectively highlights the narrative elements of the love song, enriching the overall structure of the piece.","사랑 사랑 내 사랑이야
어허 둥둥 니가 내 사랑이지야
이리 보아도 내 사랑 저리 보아도 내 사랑
우리 둘이 사랑타가 생사가 한이 되어
한번 아차 죽어지면 너에 혼은 꽃이 되고 나의 넋은 나비 되여
이삼월 춘풍시절 니 꽃송이를 내가 안어 두 날개를 쩍 벌리고
너울너울 춤추거든 니가 날 인줄을 알려무나
사랑 사랑 내 사랑이야
어허 둥둥 니가 내 사랑이지야
이리 보아도 내 사랑 저리 보아도 내 사랑
우리 둘이 사랑타가 생사가 한이 되어
한번 아차 죽어지면 너에 혼은 꽃이 되고 나의 넋은 나비 되여
이삼월 춘풍시절 니 꽃송이를 내가 안어 두 날개를 쩍 벌리고
너울너울 춤추거든 니가 날 인줄을 알려무나",사랑 사랑 내 사랑이야 / 어허 둥둥 니가 내 사랑이지야 / 이리 보아도 내 사랑 저리 보아도 내 사랑 / 우리 둘이 사랑타가 생사가 한이 되어 / 한번 아차 죽어지면 너에 혼은 꽃이 되고 / 나의 넋은 나비 되여 이삼월 춘풍시절 / 니 꽃송이를 내가 안어 두 날개를 쩍 벌리고 / 너울너울 춤추거든 / 니가 날 인줄을 알려무나 / 사랑 사랑 내 사랑이야 / 어허 둥둥 니가 내 사랑이지야 / 이리 보아도 내 사랑 저리 보아도 내 사랑 / 우리 둘이 사랑타가 생사가 한이 되어 / 한번 아차 죽어지면 너에 혼은 꽃이 되고 / 나의 넋은 나비 되여 이삼월 춘풍시절 / 니 꽃송이를 내가 안어 두 날개를 쩍 벌리고 / 너울너울 춤추거든 / 니가 날 인줄을 알려무나,18.0,259.22
KC_TM_MF_PS_S000287,남도,민속악,판소리,춘향가,기생점고 조운모우,이슬이,여창,F / Dm,중중모리,12/8,150.0,"표현적인(4), 에너지 넘치는(2), 활기찬(2), 강한(1), 귀여운(1), 그루브감 있는(1), 다이내믹한(1), 생기 있는(1), 신나는(1), 신명난(1), 애절한(1), 열정적인(1), 유쾌한(1), 장엄한(1), 품위 있는(1)","쇳소리 나는(2), 걸쭉한(1), 날카로운(1), 단단한(1), 두터운(1), 맑은(1), 묵직한(1), 밝은(1), 비강 울림이 있는(1), 시원한(1), 역동적인(1)","기생점고는 판소리 춘향가의 한 대목으로, 기생들의 점호를 부르는 변학도의 해학적이고 풍자적인 내용이 특징인 민속악이다. 이 곡은 기생들의 이름과 특징을 재치 있게 나열하며 변학도의 호색한 면모를 드러내는 내용으로 구성되어 있다. 여창 가창자 이슬이는 이 곡에서 그녀의 목소리로 곡의 분위기를 이끌어간다. 그녀의 발성은 판소리의 전통적인 기법을 잘 살리며, 시김새를 적절히 활용하여 기생들의 개성을 더욱 부각시킨다. 이슬이의 성량은 곡의 전개에 따라 변화하며, 각 기생의 특징을 강조하는 데 기여한다. 그녀의 호흡은 곡의 리듬에 맞추어 자연스럽게 이어지며, 중중모리의 리듬 위에서 유연하게 흐름을 타는 모습이 인상적이다. 이슬이는 호흡을 통해 곡의 마무리를 장식하며, 전체적인 장르적 완성도를 높인다.","Gisaeng Jeomgo is a segment from the pansori piece Chunhyangga, characterized by its humorous and satirical content that calls for the attendance of gisaengs. This folk music composition cleverly lists the names and traits of the gisaengs while revealing the lecherous nature of Byeon Hak-do. The female vocalist Lee Seul-i leads the atmosphere of the piece with her voice. Her vocalization effectively utilizes traditional pansori techniques, employing appropriate vocal ornamentation to further highlight the individuality of the gisaengs. Lee Seul-i's vocal range varies throughout the progression of the piece, contributing to the emphasis on each gisaeng's characteristics. Her breath control seamlessly aligns with the rhythm of the piece, and her ability to flow gracefully over the jangdan of Jungjungmori is particularly striking. Through her breath, Lee Seul-i embellishes the conclusion of the piece, enhancing the overall genre's completeness.","조운모우 양대선이 우선옥이 춘홍이 사군불견 반월이 독좌유황여 금선이 어주축수에 도홍이 왔느냐 예 등대 허였소
팔월부용에 군자룡 만당추수에 홍련이 왔느냐 예 등대 허였소
서창어 비치여 섬섬영자 초월이 왔느냐 예 등대 허였소
만경대 구름 속에 높이 노던 학선이 왔느냐 예 등대 허였소
바람아 퉁탱 부지마라 낙락장송의 취행이 왔느냐 예 등대 허였소
단산오동 그늘 밑 문왕 어루던 채봉이 왔느냐 예 등대 허였소
장삼소매를 떠들어 메고 저정거리던 무선이 왔느냐 예 등대 허였소
진누명월 옥소서에 화선허던 농옥이 왔느냐 예 등대 허였소
만화방창으 봄바람 부귀할 손 모란이 왔느냐 예 등대 허였소
오동복판에 거문고 시리렁 둥당 탄금이 왔느냐 예 등대 허였소
뒷동산에다 대를 심었더니 매두 매두 매두 죽심이 왔느냐 에 등대 허였소
아들을 날까 바래고 바랬더니 딸을 낳다고 섭섭이 왔느냐 에 등대 허였소
이산 명옥이 저산 명옥이 양명옥이 다 들어왔느냐 에 등대 허였소
난행이 금뱅이 소행이 월행이 취행이 초행이 다 들어왔느냐 예 등대 나오",조운모우 양대선이 우선옥이 춘홍이 / 사군불견 반월이 독좌유황여 금선이 / 어주축수에 도홍이 왔느냐 예 등대 허였소 / 팔월부용에 군자룡 만당추수에 홍련이 왔느냐 예 등대 허였소 / 서창어 비치여 섬섬영자 초월이 왔느냐 예 등대 허였소 / 만경대 구름 속에 높이 노던 학선이 왔느냐 예 등대 허였소 / 바람아 퉁탱 부지마라 낙락장송의 취행이 왔느냐 예 등대 허였소 / 단산오동 그늘 밑 문왕 어루던 채봉이 왔느냐 예 등대 허였소 / 장삼소매를 떠들어 메고 저정거리던 무선이 왔느냐 예 등대 허였소 / 진누명월 옥소서에 화선허던 농옥이 왔느냐 예 등대 허였소 / 만화방창으 봄바람 부귀할 손 모란이 왔느냐 예 등대 허였소 / 오동복판에 거문고 시리렁 둥당 탄금이 왔느냐 예 등대 허였소 / 뒷동산에다 대를 심었더니 매두 매두 매두 죽심이 왔느냐 에 등대 허였소 / 아들을 날까 바래고 바랬더니 딸을 낳다고 섭섭이 왔느냐 에 등대 허였소 / 이산 명옥이 저산 명옥이 양명옥이 다 들어왔느냐 에 등대 허였소 / 난행이 금뱅이 소행이 월행이 취행이 초행이 다 들어왔느냐 예 등대 나오,16.0,219.62
KC_TM_MF_PS_S000288,남도,민속악,판소리,적벽가,장승타령,전소이,여창,Eb / Cm,중모리,12/4,80.0,"표현적인(3), 애절한(2), 웅대한(2), 강한(1), 다이내믹한(1), 쓸쓸한(1), 엄숙한(1), 에너지 넘치는(1), 영웅적인(1), 우울감 있는(1), 잔잔한(1), 장엄한(1), 절제된(1), 조화로운(1), 평화로운(1), 활기찬(1)","단단한(5), 걸쭉한(1), 담백한(1), 두터운(1), 맑은(1), 묵직한(1), 시원한(1), 유연한(1), 청아한(1), 힘 있는(1)","장승타령은 판소리 적벽가의 한 부분으로, 조조가 도망치다 장승을 보고 놀라 화풀이하는 상황을 해학적으로 그려낸 민속악의 대표적인 곡이다. 이 곡은 적벽가의 특성을 잘 나타내며, 전통 판소리의 서사적 요소와 유머를 결합하여 청중에게 강한 인상을 남긴다. 여창 가창자 전소이는 이 곡에서 단단한 음색을 통해 이야기를 생동감 있게 전달한다. 그녀의 목소리는 발성이 명확하고 강력하며, 시김새를 적절히 사용하여 감정의 변화를 표현한다. 성량은 안정적이며, 음의 높낮이를 조절하는 능력이 뛰어나 곡의 긴장감을 효과적으로 유지한다. 호흡은 곡의 흐름을 부드럽게 이어주는 역할을 하며, 중모리의 리듬에 맞춰 일관되게 이어진다. 전소이는 호흡을 통해 각 구절의 마무리를 세련되게 장식하며, 곡의 전체적인 완성도를 높인다. 이러한 요소들이 결합되어 장승타령은 청중에게 깊은 인상을 남기는 곡이 된다.","Jangseung Taryeong is a representative piece of folk music that humorously depicts the situation in which Cao Cao, while fleeing, is startled by a totem pole and vents his anger, forming part of the pansori Jeokbyeokga. This piece effectively showcases the characteristics of Jeokbyeokga, combining the narrative elements of traditional pansori with humor to leave a strong impression on the audience. The female vocalist Jeon So-yi conveys the story vividly through her solid timbre. Her voice is clear and powerful, and she adeptly employs vocal embellishments to express emotional changes. Her vocal range is stable, and her ability to modulate pitch effectively maintains the tension of the piece. Her breathing plays a crucial role in smoothly connecting the flow of the music, consistently aligning with the rhythm of Jungmori. Jeon So-yi elegantly embellishes the endings of each phrase through her breath, enhancing the overall completeness of the piece. These elements combine to make Jangseung Taryeong a work that leaves a profound impression on the audience.","이때 인마 기진허여 대인노략 막대짚고 상한 장졸 갱영하야
눈 비 섞어 오는 날에 산고수첩 험한 길로 후여진 잡목이며
엉클어진 칡잎을 헛첨 헛첨 검처 잡고 후유 끌끌 서를 차며
촉도지난이 험타 헌들 이여서 더 할 쏘냐 허제장요 서황 등은 뒤를 살펴 방어허고
정욱이가 울음을 운다 아이고 아이고 내 신세야 내 평생 소학지심 운주결승 허잤더니 제불용시불리로구나
초행노숙 어인일고 승상이 망상 허여 주색 보면 한사허고 임전허면 꾀병트니 삼부육사 간 곳 없고 백만 군사가 몰사허니 모사가 허사되고 장수 또한 공수로다
이렇듯이 울음을 우니 전별장도 울고 간다
박망으 소둔 게우살아 적벽화전 또 웬 일고 눈 비어 상한 길을 고치라고만 호령허니
지친 군사가 원 없을까 전복병은 살았으나 후복병 다시 나면 그 일을 뉘라서 당허드란 말이냐 아이고 아이고 아이고 울음을 운다",이때 인마 기진허여 / 대인노략 막대짚고 / 상한 장졸 갱영하야 / 눈 비 섞어 오는 날에 산고수첩 험한 길로 / 후여진 잡목이며 엉클어진 칡잎을 / 헛첨 헛첨 검처 잡고 / 후유 끌끌 서를 차며 / 촉도지난이 험타 헌들 이여서 더 할 쏘냐 / 허제장요 서황 등은 뒤를 살펴 방어허고 / 정욱이가 울음을 운다 아이고 아이고 내 신세야 / 내 평생 소학지심 운주결승 허잤더니 / 제불용시불리로구나 / 초행노숙 어인일고 승상이 망상 허여 / 주색 보면 한사허고 임전허면 꾀병트니 / 삼부육사 간 곳 없고 / 백만 군사가 몰사허니 모사가 허사되고 / 장수 또한 공수로다 / 이렇듯이 울음을 우니 전별장도 울고 간다 / 박망으 소둔 게우살아 적벽화전 또 웬 일고 / 눈 비어 상한 길을 고치라고만 호령허니 / 지친 군사가 원 없을까 / 전복병은 살았으나 후복병 다시 나면 / 그 일을 뉘라서 당허드란 말이냐 / 아이고 아이고 아이고 울음을 운다,24.0,218.28
KC_TM_MF_PS_S000289,남도,민속악,판소리,적벽가,화룡도,이슬이,여창,F / Dm,자진모리,12/8,260.0,"다이내믹한(2), 표현적인(2), 해학적인(2), 향토적인(2), 활기찬(2), 강력한(1), 강렬한(1), 공격적인(1), 긴장감 넘치는(1), 불가사의한(1), 생기 있는(1), 시적인(1), 신나는(1), 쓸쓸한(1), 애절한(1), 에너지 넘치는(1), 유려한(1), 환상적인(1), 활달한(1)","단단한(3), 진한(3), 두터운(2), 역동적인(2), 묵직한(1), 밝은(1), 쇳소리 나는(1), 힘 있는(1)","화용도는 판소리 적벽가 중 조조가 화용도로 도망치다 관우를 만나 목숨을 구걸하는 대목을 담고 있는 민속악의 한 곡으로, 영웅들의 의리와 갈등이 절정에 달하는 긴장감 넘치는 장면을 표현한다. 이 곡은 특히 적벽가의 특징이 잘 드러나며, 서사적 요소와 감정의 고조가 중요한 역할을 한다. 여창 가창자 이슬이는 이 곡에서 자신의 목소리로 극적인 서사를 전달하며, 창법에서 발성의 힘과 시김새의 변화를 통해 감정의 기복을 표현한다. 그녀의 목소리는 각 음절마다 명확한 발음을 유지하면서도, 필요한 부분에서는 시김새를 활용하여 감정을 더욱 강조한다. 성량이 풍부하게 사용되며, 호흡의 조절이 뛰어나서 긴 구절을 이어갈 때에도 안정적인 흐름을 유지한다. 이슬이는 자진모리의 리듬 위에서 자연스럽게 곡의 흐름을 타며, 리듬의 경쾌함과 함께 그녀의 목소리가 곡의 긴장감을 고조시키는 역할을 한다. 곡의 마무리 부분에서 그녀의 호흡은 절제되면서도 강한 여운을 남기며, 전체적인 장르적 완성도를 높이는 데 기여한다.","Hwayongdo is a piece of folk music that captures the moment in the pansori Jeokbyeokga when Cao Cao flees to Hwayongdo and encounters Guan Yu, begging for his life, portraying a scene filled with tension as the loyalty and conflicts of heroes reach their peak. This piece particularly highlights the characteristics of Jeokbyeokga, where narrative elements and emotional intensity play significant roles. The female vocalist, Lee Seul-i, conveys a dramatic narrative through her voice in this piece, expressing the fluctuations of emotion through the power of her vocalization and the variations in her singing style. Her voice maintains clear pronunciation for each syllable while effectively utilizing embellishments to emphasize emotions where necessary. She employs a rich vocal volume and demonstrates excellent breath control, ensuring a stable flow even during lengthy phrases. Lee Seul-i naturally rides the flow of the piece over the rhythm of Jajinmori, with her voice enhancing the tension of the composition alongside the rhythm's liveliness. In the concluding section of the piece, her breath is restrained yet leaves a strong resonance, contributing to the overall artistic completeness of the genre.","말이 맞지 못 하야 삼경 시 부난 풍설 깃발을 움직인다
주유 바삐 장대에 나서 깃발을 바라보니 청룡 주작은 백호 현무 응하야 솨르르르르 삽시간에 동남대풍 어 일어나더니마는 서북으로 깃발이 펄렁 펄렁 펄렁 주유 놀래어 탄식 왈
이 사람에 탈조화는 귀신도 난측이라 만일 오래 두어서는 동오에 화근이요 일찍 죽여 후한 없이 옳다 하고 서성 정봉 급히 불러 수륙으로 나놔
장단에 묻지 말고 제갈량에 머리를 한 칼에 댕기렁 비어오라   음 철기를 내여 주니 철기를 내여 주니 서성은 배를 타고 정봉은 말을 놓아 남병산에 달려들어 사면을 바라보니 집기장사는 당풍지립허고 지재공명은 지기이거라
군사를 불러 묻는 말 이놈 군사야 공명이 어디로 가시드냐
저 군사 여짜오되 저 군사가 여짜오되 바람을 얻은 후 머리 풀고 발 벗고 이 너머로 가더이다 두 장수 분을 내여 서성 정봉이 분을 내여 오강변 내려가니 원근창파 물결은 흉흉헌데 공명은 거래무처라
말이 맞지 못 하야 삼경 시 부난 풍설 깃발을 움직인다
주유 바삐 장대에 나서 깃발을 바라보니 청룡 주작은 백호 현무 응하야 솨르르르르 삽시간에 동남대풍 어 일어나더니마는 서북으로 깃발이 펄렁 펄렁 펄렁 주유 놀래어 탄식 왈
이 사람에 탈조화는 귀신도 난측이라 만일 오래 두어서는 동오에 화근이요 일찍 죽여 후한 없이 옳다 하고 서성 정봉 급히 불러 수륙으로 나놔
장단에 묻지 말고 제갈량에 머리를 한 칼에 댕기렁 비어오라
음 철기를 내여 주니 철기를 내여 주니 서성은 배를 타고 정봉은 말을 놓아 남병산에 달려들어 사면을 바라보니 집기장사는 당풍지립허고 지재공명은 지기이거라
군사를 불러 묻는 말 이놈 군사야 공명이 어디로 가시드냐
저 군사 여짜오되 저 군사가 여짜오되 바람을 얻은 후 머리 풀고 발 벗고 이 너머로 가더이다 두 장수 분을 내여 서성 정봉이 분을 내여 오강변 내려가니 원근창파 물결은 흉흉헌데 공명은 거래무처라",말이 맞지 못 하야 삼경 시 부난 풍설 / 깃발을 움직인다 주유 바삐 장대에 나서 / 깃발을 바라보니 청룡 주작은 백호 현무 응하야 / 솨르르르르 / 삽시간에 동남대풍 / 어 일어나더니마는 / 서북으로 깃발이 펄렁 펄렁 펄렁 / 주유 놀래어 탄식 왈 / 이 사람에 탈조화는 귀신도 난측이라 만일 오래 두어서는 / 동오에 화근이요 일찍 죽여 후한 없이 옳다 하고 서성 정봉 급히 불러 수륙으로 나놔 / 장단에 묻지 말고 제갈량에 머리를 한 칼에 댕기렁 비어오라 / 음 철기를 내여 주니 철기를 내여 주니 / 서성은 배를 타고 정봉은 말을 놓아 남병산에 달려들어 사면을 바라보니 / 집기장사는 당풍지립허고 지재공명은 지기이거라 군사를 불러 묻는 말 / 이놈 군사야 공명이 어디로 가시드냐 / 저 군사 여짜오되 저 군사가 여짜오되 / 바람을 얻은 후 머리 풀고 발 벗고 이 너머로 가더이다 / 두 장수 분을 내여 서성 정봉이 분을 내여 오강변 내려가니 원근창파 물결은 흉흉헌데 공명은 거래무처라 / 말이 맞지 못 하야 삼경 시 부난 풍설 / 깃발을 움직인다 주유 바삐 장대에 나서 깃발을 바라보니 / 청룡 주작은 백호 현무 응하야 / 솨르르르르 / 삽시간에 동남대풍 / 어 일어나더니마는 / 서북으로 깃발이 펄렁 펄렁 펄렁 / 주유 놀래어 탄식 왈 / 이 사람에 탈조화는 귀신도 난측이라 만일 오래 두어서는 / 동오에 화근이요 일찍 죽여 후한 없이 옳다 하고 서성 정봉 급히 불러 수륙으로 나놔 / 장단에 묻지 말고 제갈량에 머리를 한 칼에 댕기렁 비어오라 / 음 철기를 내여 주니 철기를 내여 주니 / 서성은 배를 타고 정봉은 말을 놓아 남병산에 달려들어 사면을 바라보니 / 집기장사는 당풍지립허고 지재공명은 지기이거라 군사를 불러 묻는 말 / 이놈 군사야 공명이 어디로 가시드냐 / 저 군사 여짜오되 저 군사가 여짜오되 / 바람을 얻은 후 머리 풀고 발 벗고 이 너머로 가더이다 / 두 장수 분을 내여 서성 정봉이 분을 내여 오강변 내려가니 원근창파 물결은 흉흉헌데 공명은 거래무처라,36.0,318.5
KC_TM_MF_MY_S000290,남도,민속악,민요,남도민요,상주아리랑,이주은,여창,E / Dbm,중모리,12/4,70.0,"애절한(4), 향토적인(3), 표현적인(2), 감상적인(1), 그리운(1), 기품 있는(1), 마음을 울리는(1), 비통한(1), 시적인(1), 쓸쓸한(1), 어두운(1), 에너지 넘치는(1), 열정적인(1), 우울한(1), 유려한(1), 절제된(1), 진심 어린(1), 진지한(1), 품위 있는(1), 향수 어린(1)","진한(3), 단단한(2), 묵직한(2), 매끄러운(1), 밀도 있는(1), 뻗어 나가는(1), 선명한(1), 섬세한(1), 시원한(1), 안쪽에서 울리는(1)","상주아리랑은 김소희 명창이 경상도 메나리조와 강원도 정선아리랑을 결합하여 만든 민요로, 남도민요의 특징이 잘 드러나는 민속악의 일종이다. 이 곡은 구슬픈 메나리 가락이 돋보이며, 고향을 떠난 이의 서러움과 한을 깊이 있게 표현한다. 여창 가창자 이주은의 목소리는 이 곡의 애절한 감정을 고스란히 전달하며, 그녀의 창법은 섬세한 발성과 시김새로 가득 차 있다. 이주은은 곡의 멜로디를 부드럽게 이끌어가며, 각 음을 정교하게 표현하여 청중에게 깊은 감동을 준다. 그녀의 성량은 곡의 전개에 따라 변하며, 적절한 호흡 조절로 리듬을 자연스럽게 타고 흐른다. 중모리의 리듬 위에서 이주은은 곡의 흐름을 잘 살리며, 각 구절의 끝을 부드럽게 마무리하여 전체적인 완성도를 높인다. 그녀의 호흡은 곡의 마무리를 장식하며, 애절한 감정을 더욱 부각시켜 청중의 마음에 깊은 여운을 남긴다.","Sangju Arirang is a folk song created by the renowned vocalist Kim So-hee, combining the Gyeongsangdo Menari style with the Gangwon-do Jeongseon Arirang, and it exemplifies the characteristics of Namdo folk music. This piece features a poignant Menari melody that deeply expresses the sorrow and grief of those who have left their hometown. The voice of female vocalist Lee Joo-eun conveys the song's heart-wrenching emotions, and her singing technique is filled with delicate vocalization and ornamentation. Lee Joo-eun smoothly leads the melody, intricately articulating each note to evoke profound feelings in the audience. Her vocal range varies throughout the piece, flowing naturally with the rhythm through appropriate breath control. Over the rhythm of Jungmori, Lee Joo-eun effectively enhances the flow of the song, gently concluding each phrase to elevate the overall completeness. Her breath adorns the conclusion of the piece, further accentuating the poignant emotions and leaving a lasting impression on the hearts of the audience.","아리랑 아리랑 아라리요 아리랑 고개를 넘어간다
개나리 봇짐을 짊어지고 아리랑 고개를 넘어간다
아리랑 아리랑 아라리요 아리랑 고개를 넘어간다
아버지 어머니 어서 와요 북간도 벌판이 좋답디다
아리랑 아리랑 아라리요 아리랑 고개를 넘어간다
쓰라린 가슴을 움켜쥐고 백두산 고개를 넘어간다
아리랑 아리랑 아라리요 아리랑 고개를 넘어간다
개나리 봇짐을 짊어지고 아리랑 고개를 넘어간다
아리랑 아리랑 아라리요 아리랑 고개를 넘어간다
아버지 어머니 어서 와요 북간도 벌판이 좋답디다
아리랑 아리랑 아라리요 아리랑 고개를 넘어간다
쓰라린 가슴을 움켜쥐고 백두산 고개를 넘어간다
아리랑 아리랑 아라리요 아리랑 고개를 넘어간다",아리랑 아리랑 아라리요 / 아리랑 고개를 넘어간다 / 개나리 봇짐을 짊어지고 / 아리랑 고개를 넘어간다 / 아리랑 아리랑 아라리요 / 아리랑 고개를 넘어간다 / 아버지 어머니 어서 와요 / 북간도 벌판이 좋답디다 / 아리랑 아리랑 아라리요 / 아리랑 고개를 넘어간다 / 쓰라린 가슴을 움켜쥐고 / 백두산 고개를 넘어간다 / 아리랑 아리랑 아라리요 / 아리랑 고개를 넘어간다 / 개나리 봇짐을 짊어지고 / 아리랑 고개를 넘어간다 / 아리랑 아리랑 아라리요 / 아리랑 고개를 넘어간다 / 아버지 어머니 어서 와요 / 북간도 벌판이 좋답디다 / 아리랑 아리랑 아라리요 / 아리랑 고개를 넘어간다 / 쓰라린 가슴을 움켜쥐고 / 백두산 고개를 넘어간다 / 아리랑 아리랑 아라리요 / 아리랑 고개를 넘어간다,26.0,272.62
KC_TM_MF_MY_S000291,남도,민속악,민요,남도민요,지경다짐,이주은,여창,Db / Bbm,중중모리,12/8,150.0,"신나는(3), 생기 있는(2), 에너지 넘치는(2), 유쾌한(2), 즐거운(2), 경쾌한(1), 그루브감 있는(1), 낭만적인(1), 단아한(1), 부드러운(1), 서사적인(1), 애절한(1), 애정 어린(1), 장엄한(1), 진지한(1)","단단한(2), 묵직한(2), 시원한(2), 걸쭉한(1), 밀도 있는(1), 쇳소리 나는(1), 울리는(1), 진한(1), 콧소리 나는(1)","지경다짐은 집을 짓기 전 집터를 단단히 다지며 부르던 노동요에서 유래한 민요로, 남도민요의 특성을 잘 드러내는 곡이다. 이 곡은 지역과 전승에 따라 다양한 이름으로 불리며, 집이 잘 서고 복이 들기를 비는 내용이 중심이 된다. 여창 가창자 이주은의 목소리는 이 곡의 전개를 이끌어가는 중요한 요소로 작용한다. 그녀는 곡의 멜로디를 표현하는 데 있어 뚜렷한 발성을 사용하며, 시김새를 적절히 활용해 전통적인 느낌을 잘 살린다. 이주은은 성량을 조절하며 곡의 흐름에 맞춰 호흡을 조절하고, 중중모리의 장단에 맞춰 리듬을 타면서도 각 음절에 힘을 주어 주제를 강조한다. 그녀의 호흡은 곡의 마무리를 부드럽게 장식하며, 민속악의 전통적인 완성도를 높이는 데 기여한다. 전반적으로 이주은의 가창은 지경다짐의 내용과 감성을 효과적으로 전달하며, 남도민요의 특색을 잘 반영하고 있다.","Jigyungdajim is a folk song that originated from the labor songs sung while firmly compacting the ground before building a house, and it exemplifies the characteristics of Namdo folk songs well. This piece is known by various names depending on the region and tradition, with its central theme revolving around the hope for a well-built house and the arrival of good fortune. The voice of the female vocalist Lee Joo-eun serves as a crucial element in guiding the development of the song. She employs clear vocalization to express the melody of the piece and effectively utilizes shikimsae to maintain a traditional feel. Lee Joo-eun adjusts her vocal volume and breath in accordance with the flow of the song, and while riding the rhythm of the Jungjungmori jangdan, she emphasizes each syllable to highlight the theme. Her breath gracefully adorns the conclusion of the piece, contributing to the traditional completeness of the folk music. Overall, Lee Joo-eun's singing effectively conveys the content and emotions of Jigyungdajim, reflecting the unique characteristics of Namdo folk songs.","어럴럴럴 상사듸야 상사 부사가 동지사란다 덩기덩 덩더쿵 잘도 다진다
내 다지는 터가 무슨 터냐 내 다지는 터가 어떤 터냐
어럴럴럴 상사듸야 상사 부사가 동지사란다 덩기덩 덩더쿵 잘도 다진다
단군 성대 소성대 천산 만족이 웅거한 터 고구려 신라 백제 고려가
어럴럴럴 상사듸야 상사 부사가 동지사란다 덩기덩 덩더쿵 잘도 다진다
나라를 세우던 터가 이 터 극락 정토가 여기 이 터
어럴럴럴 상사듸야 상사 부사가 동지사란다 덩기덩 덩더쿵 잘도 다진다
산이 높고 물이 맑아 금수강산이 여기 이터 오곡이 풍등 뽕나무 심그니
어럴럴럴 상사듸야 상사 부사가 동지사란다 덩기덩 덩더쿵 잘도 다진다
농본지국이 여기 이터 우순 풍조 기후가 좋으니 살기 좋은 터가 여기 이터
어럴럴럴 상사듸야 상사 부사가 동지사란다 덩기덩 덩더쿵 잘도 다진다
내 다지는 터가 무슨 터냐 내 다지는 터가 어떤 터냐
어럴럴럴 상사듸야 상사 부사가 동지사란다 덩기덩 덩더쿵 잘도 다진다
단군 성대 소성대 천산 만족이 웅거한 터 고구려 신라 백제 고려가
어럴럴럴 상사듸야 상사 부사가 동지사란다 덩기덩 덩더쿵 잘도 다진다
나라를 세우던 터가 이 터 극락 정토가 여기 이 터
어럴럴럴 상사듸야 상사 부사가 동지사란다 덩기덩 덩더쿵 잘도 다진다
산이 높고 물이 맑아 금수강산이 여기 이터 오곡이 풍등 뽕나무 심그니
어럴럴럴 상사듸야 상사 부사가 동지사란다 덩기덩 덩더쿵 잘도 다진다",어럴럴럴 상사듸야 상사 부사가 동지사란다 덩기덩 덩더쿵 잘도 다진다 / 내 다지는 터가 무슨 터냐 내 다지는 터가 어떤 터냐 / 어럴럴럴 상사듸야 상사 부사가 동지사란다 덩기덩 덩더쿵 잘도 다진다 / 단군 성대 소성대 천산 만족이 웅거한 터 고구려 신라 백제 고려가 / 어럴럴럴 상사듸야 상사 부사가 동지사란다 덩기덩 덩더쿵 잘도 다진다 / 나라를 세우던 터가 이 터 극락 정토가 여기 이 터 / 어럴럴럴 상사듸야 상사 부사가 동지사란다 덩기덩 덩더쿵 잘도 다진다 / 산이 높고 물이 맑아 금수강산이 여기 이터 오곡이 풍등 뽕나무 심그니 / 어럴럴럴 상사듸야 상사 부사가 동지사란다 덩기덩 덩더쿵 잘도 다진다 / 농본지국이 여기 이터 우순 풍조 기후가 좋으니 살기 좋은 터가 여기 이터 / 어럴럴럴 상사듸야 상사 부사가 동지사란다 덩기덩 덩더쿵 잘도 다진다 / 내 다지는 터가 무슨 터냐 내 다지는 터가 어떤 터냐 / 어럴럴럴 상사듸야 상사 부사가 동지사란다 덩기덩 덩더쿵 잘도 다진다 / 단군 성대 소성대 천산 만족이 웅거한 터 고구려 신라 백제 고려가 / 어럴럴럴 상사듸야 상사 부사가 동지사란다 덩기덩 덩더쿵 잘도 다진다 / 나라를 세우던 터가 이 터 극락 정토가 여기 이 터 / 어럴럴럴 상사듸야 상사 부사가 동지사란다 덩기덩 덩더쿵 잘도 다진다 / 산이 높고 물이 맑아 금수강산이 여기 이터 오곡이 풍등 뽕나무 심그니 / 어럴럴럴 상사듸야 상사 부사가 동지사란다 덩기덩 덩더쿵 잘도 다진다,19.0,260.42
KC_TM_MF_MY_S000292,남도,민속악,민요,남도민요,이어도사나,이주은,여창,Eb / Cm,중중모리,12/8,150.0,"경쾌한(2), 마음을 울리는(2), 명랑한(2), 쓸쓸한(2), 애절한(2), 에너지 넘치는(2), 열정적인(2), 표현적인(2), 그루브감 있는(1), 긴장된(1), 부드러운(1), 생기 있는(1), 유쾌한(1), 즐거운(1), 평화로운(1), 해학적인(1), 활기찬(1)","단단한(2), 담백한(2), 시원한(2), 울리는(2), 걸쭉한(1), 맑은(1), 매끄러운(1), 밀도 있는(1), 유연한(1)","이어도사나는 제주 해녀들이 배를 타고 나가며 노를 저을 때 부르는 노동요로, 남도민요의 특징이 잘 드러나는 민속악 장르의 곡이다. 이 곡은 '이어도 사나'라는 후렴구를 중심으로 거친 바다와 삶을 노래하며, 이상향인 이어도를 향한 동경과 현실의 고단함이 교차하는 내용을 담고 있다. 여창 가창자 이주은의 목소리는 이 곡의 흐름을 이끌어가는 중요한 요소로 작용한다. 그녀는 발성에서 안정감을 유지하며, 중중모리 장단에 맞춰 리드미컬하게 멜로디를 표현한다. 이주은은 시김새를 적절히 사용하여 곡의 감정을 전달하며, 성량 또한 곡의 전개에 따라 유연하게 조절한다. 그녀의 호흡은 긴 구절을 자연스럽게 이어가며 곡의 흐름을 매끄럽게 만들어준다. 중중모리의 리듬 위에서 이주은은 곡의 구조에 맞춰 호흡을 조절하며, 마무리 부분에서는 호흡으로 곡의 여운을 남기고 장르적 완성도를 높인다. 이처럼 이주은의 가창은 이어도사나의 테마와 감정을 효과적으로 전달하는 데 중요한 역할을 한다.","Ieodo Sanana is a labor song sung by Jeju haenyeo (female divers) as they row their boats, representing a genre of folk music that distinctly showcases the characteristics of Namdo minyo (Southern Korean folk songs). This piece revolves around the refrain ""Ieodo Sana,"" expressing the harshness of the sea and life, while intertwining a longing for the idealized land of Ieodo with the hardships of reality. The voice of the female vocalist Lee Joo-eun serves as a crucial element that guides the flow of the song. She maintains a sense of stability in her vocalization and rhythmically articulates the melody in accordance with the Jungjungmori jangdan (rhythmic pattern). Lee Joo-eun effectively employs vocal embellishments to convey the emotions of the piece, while also flexibly adjusting her vocal volume in relation to the song's progression. Her breath control allows for seamless transitions through long phrases, enhancing the smoothness of the overall flow. Over the rhythm of Jungjungmori, Lee Joo-eun modulates her breathing in alignment with the structure of the song, leaving a lingering resonance in the concluding section and elevating the genre's completeness. In this way, Lee Joo-eun's singing plays a vital role in effectively conveying the themes and emotions of Ieodo Sanana.","이어도 사나 아 차라차라 아 잘도 헌다 아 이어도 사나 덩기덕쿵덕
물로야 뱅뱅 돌아진 섬에 먹으나 굶으나 아 물질을 허여서 아
차라차라 아 잘도 헌다 아 이어도 사나 덩기덕쿵덕
한푼 두푼 모인 돈도 낭군님 용돈에 모자라 간다
남의 배는 소남배요 우리네 배는 쑥대낭 배라
이어도 사나 아 차라차라 아 잘도 헌다 아 이어도 사나 덩기덕쿵덕
물로야 뱅뱅 돌아진 섬에 먹으나 굶으나 아 물질을 허여서 아
차라차라 아 잘도 헌다 아 이어도 사나 덩기덕쿵덕
한푼 두푼 모인 돈도 낭군님 용돈에 모자라 간다
남의 배는 소남배요 우리네 배는 쑥대낭 배라
이어도 사나 아 차라차라 아 잘도 헌다 아 이어도 사나 덩기덕쿵덕
물로야 뱅뱅 돌아진 섬에 먹으나 굶으나 아 물질을 허여서 아
차라차라 아 잘도 헌다 아 이어도 사나 덩기덕쿵덕
한푼 두푼 모인 돈도 낭군님 용돈에 모자라 간다
남의 배는 소남배요 우리네 배는 쑥대낭 배라
이어도 사나 아 차라차라 아 잘도 헌다 아 이어도 사나 덩기덕쿵덕",이어도 사나 아 차라차라 아 / 잘도 헌다 아 이어도 사나 덩기덕쿵덕 / 물로야 뱅뱅 돌아진 섬에 먹으나 굶으나 아 / 물질을 허여서 아 차라차라 아 / 잘도 헌다 아 이어도 사나 덩기덕쿵덕 / 한푼 두푼 모인 돈도 낭군님 용돈에 모자라 간다 / 남의 배는 소남배요 우리네 배는 쑥대낭 배라 / 이어도 사나 아 차라차라 아 / 잘도 헌다 아 이어도 사나 덩기덕쿵덕 / 물로야 뱅뱅 돌아진 섬에 먹으나 굶으나 아 / 물질을 허여서 아 차라차라 아 / 잘도 헌다 아 이어도 사나 덩기덕쿵덕 / 한푼 두푼 모인 돈도 낭군님 용돈에 모자라 간다 / 남의 배는 소남배요 우리네 배는 쑥대낭 배라 / 이어도 사나 아 차라차라 아 / 잘도 헌다 아 이어도 사나 덩기덕쿵덕 / 물로야 뱅뱅 돌아진 섬에 먹으나 굶으나 아 / 물질을 허여서 아 차라차라 아 / 잘도 헌다 아 이어도 사나 덩기덕쿵덕 / 한푼 두푼 모인 돈도 낭군님 용돈에 모자라 간다 / 남의 배는 소남배요 우리네 배는 쑥대낭 배라 / 이어도 사나 아 차라차라 아 / 잘도 헌다 아 이어도 사나 덩기덕쿵덕,23.0,222.02
KC_TM_MF_MY_S000293,남도,민속악,민요,남도민요,신사철가,염경애,여창,Db / Bbm,중중모리,12/8,150.0,"강렬한(2), 에너지 넘치는(2), 표현적인(2), 향토적인(2), 강한(1), 기품 있는(1), 다이내믹한(1), 드라마틱한(1), 부드러운(1), 비통한(1), 신명난(1), 엄숙한(1), 열정적인(1), 영웅적인(1), 웅대한(1)","쇳소리 나는(2), 진한(2), 거친(1), 걸쭉한(1), 긁히는(1), 단단한(1), 머금은 듯한(1), 선명한(1), 시원한(1), 울리는(1), 힘 있는(1)","신사철가는 남도 선율을 바탕으로 사계절의 풍경을 노래하는 신민요로, 남도민요의 특징이 잘 드러나는 민속악 > 민요 곡이다. 이 곡은 봄꽃과 여름 물놀이 등 계절의 정취를 경쾌한 리듬으로 담아내고 있으며, 계절의 변화에 따른 감상을 표현하고 있다. 여창 가창자 염경애의 목소리는 이 곡의 흐름을 이끌어가는 중요한 요소로, 그녀의 발성과 시김새는 전통적인 민요의 특성을 잘 살리고 있다. 염경애는 중중모리의 리듬에 맞춰서 멜로디를 자연스럽게 구사하며, 각 음절의 발음을 명확하게 전달한다. 그녀의 성량은 곡의 전체적인 구조를 견고하게 만들어주며, 호흡의 조절을 통해 곡의 긴장감을 유지한다. 특히, 시김새를 적절히 사용하여 멜로디의 변화를 강조하며, 전통적인 요소를 현대적인 감각으로 재해석한다. 중중모리의 리듬 위에서 가창자는 곡의 흐름을 타고, 그녀의 호흡은 곡의 마무리를 장식하며 자연스러운 여운을 남긴다. 이러한 요소들이 결합되어 신사철가는 장르적 완성도를 높이며, 듣는 이로 하여금 계절의 변화를 생생하게 느끼게 한다.","Sinsa Cheolga is a new folk song based on the melodies of the southern region, singing the landscapes of the four seasons, and is a representative piece that showcases the characteristics of Namdo minyo. This song captures the essence of the seasons, such as the spring flowers and summer water play, with a lively rhythm, expressing the emotions tied to the changes of the seasons. The voice of the female vocalist, Yeom Gyeong-ae, is a crucial element that guides the flow of the piece, as her vocalization and embellishments effectively embody the traits of traditional folk songs. Yeom Gyeong-ae naturally navigates the melody in accordance with the rhythm of Jungjungmori, clearly articulating each syllable. Her vocal strength solidifies the overall structure of the piece, and through breath control, she maintains the tension of the song. In particular, her appropriate use of embellishments highlights the changes in the melody, reinterpreting traditional elements with a modern sensibility. Riding the flow of the piece over the rhythm of Jungjungmori, the vocalist's breath adorns the conclusion of the song, leaving a natural resonance. The combination of these elements enhances the genre's completeness, allowing listeners to vividly experience the changes of the seasons.","저 내에 눈이녹아 이 땅에 속잎나면 꽃피고 새 노래에 이때가 봄이라네
봄이라고 일러주니 봄인줄로 알것네다 나무아미타불
녹음은 우거지고 녹수에 매암 울 제 뻐꾹새 뻐꾹 뻐꾹 뻐꾹
소쩍새가 슬피우니 이때가 여름이라
여름이라 일러주니 여름인 줄 알것네다 나무아미타불
산골짝에 단풍들고 국화피면 나비들도 눈물겨워 헤매이니 이때가 가을이라
가을이라 일러주니 가을인 줄 알것네다 나무아미타불
저 내에 눈이녹아 이 땅에 속잎나면 꽃피고 새 노래에 이때가 봄이라네
봄이라고 일러주니 봄인줄로 알것네다 나무아미타불
녹음은 우거지고 녹수에 매암 울 제 뻐꾹새 뻐꾹 뻐꾹 뻐꾹
소쩍새가 슬피우니 이때가 여름이라
여름이라 일러주니 여름인 줄 알것네다 나무아미타불
산골짝에 단풍들고 국화피면 나비들도 눈물겨워 헤매이니 이때가 가을이라
가을이라 일러주니 가을인 줄 알것네다 나무아미타불",저 내에 눈이녹아 이 땅에 속잎나면 꽃피고 새 노래에 이때가 봄이라네 / 봄이라고 일러주니 봄인줄로 알것네다 나무아미타불 / 녹음은 우거지고 녹수에 매암 울 제 뻐꾹새 뻐꾹 뻐꾹 뻐꾹 / 소쩍새가 슬피우니 이때가 여름이라 / 여름이라 일러주니 여름인 줄 알것네다 나무아미타불 / 산골짝에 단풍들고 국화피면 나비들도 눈물겨워 헤매이니 이때가 가을이라 / 가을이라 일러주니 가을인 줄 알것네다 나무아미타불 / 저 내에 눈이녹아 이 땅에 속잎나면 꽃피고 새 노래에 이때가 봄이라네 / 봄이라고 일러주니 봄인줄로 알것네다 나무아미타불 / 녹음은 우거지고 녹수에 매암 울 제 뻐꾹새 뻐꾹 뻐꾹 뻐꾹 / 소쩍새가 슬피우니 이때가 여름이라 / 여름이라 일러주니 여름인 줄 알것네다 나무아미타불 / 산골짝에 단풍들고 국화피면 나비들도 눈물겨워 헤매이니 이때가 가을이라 / 가을이라 일러주니 가을인 줄 알것네다 나무아미타불,14.0,212.42
KC_TM_MF_MY_S000294,남도,민속악,민요,남도민요,팔월가,조정희,여창,E / Dbm,중중모리,12/8,160.0,"에너지 넘치는(3), 표현적인(2), 그루브감 있는(1), 기품 있는(1), 다이내믹한(1), 몽환적인(1), 생기 있는(1), 서사적인(1), 쓸쓸한(1), 여유로운(1), 유려한(1), 장엄한(1), 진지한(1), 차분한(1), 향수 어린(1)","뻗어 나가는(2), 가는(1), 걸쭉한(1), 단단한(1), 매끄러운(1), 머금은 듯한(1), 비강 울림이 있는(1), 섬세한(1), 쇳소리 나는(1), 안쪽에서 울리는(1), 여린(1), 역동적인(1), 울리는(1)","팔월가는 한가위의 풍성함과 세시풍속을 노래한 남도민요로, 민속악 중에서도 특히 민요 장르에 속한다. 이 곡은 추석 명절의 즐거움과 달맞이의 정취를 담고 있어, 풍요로운 가을의 분위기와 민족 고유의 명절 감성을 잘 전달한다. 여창 가창자 조정희는 이 곡을 통해 전통적인 남도민요의 특성을 잘 살리고 있으며, 그녀의 목소리는 곡의 흐름을 자연스럽게 이끌어간다. 조정희의 발성은 명확하고 안정적이며, 그녀는 시김새를 적절히 사용하여 멜로디에 생동감을 부여한다. 그녀의 성량은 곡의 각 부분에서 적절하게 조절되며, 호흡을 통해 긴 음을 연결하거나 강조할 때 효과적으로 활용된다. 이러한 창법은 전통적인 민요의 리듬감과 어우러져 곡에 깊이를 더한다. 중중모리의 리듬 위에서 조정희는 곡의 흐름을 타고 있으며, 그녀의 호흡은 곡의 마무리를 장식하는 데 중요한 역할을 한다. 그녀의 호흡은 자연스럽고 유연하게 이어져, 곡의 전체적인 완성도를 높이는 데 기여한다.","Palwolganeun is a Namdo folk song that celebrates the abundance of the Chuseok harvest festival and seasonal customs, specifically belonging to the genre of folk music within traditional Korean music (Gugak). This piece encapsulates the joy of the Chuseok holiday and the ambiance of the full moon, effectively conveying the rich atmosphere of autumn and the unique sentiments of the Korean ethnic festival. The female vocalist Jo Jeong-hee adeptly highlights the characteristics of traditional Namdo folk songs through her performance, with her voice guiding the flow of the piece naturally. Jo Jeong-hee's vocalization is clear and stable, and she employs appropriate embellishments to infuse vitality into the melody. Her vocal range is skillfully adjusted throughout the various sections of the song, utilizing breath control to connect or emphasize long notes effectively. This singing technique harmonizes with the rhythmic quality of traditional folk music, adding depth to the composition. Riding the rhythm of Jungjungmori, Jo Jeong-hee navigates the flow of the piece, with her breath playing a crucial role in embellishing the conclusion of the song. Her breathing is seamlessly and flexibly integrated, contributing to the overall completeness of the performance.","팔월이라 보름날은 가베절인데 각씨들의 노름놀이 추석날이 좋을씨구
달 밝네 달 밝어 반공중천의 둥근달 온 천하에 비쳐있고
금수강산 삼천리에 추석맞이 허느라고 찰떡치고 송편하야 선영의 제사허고
선산의 성묘허니 우리 동방 예의로다
팔월이라 보름날은 가베절인데 각씨들의 노름놀이 추석날이 좋을씨구
팔월이라 보름날은 즐거운 명절이 이아니냐
우리 동네 처녀들은 남색치마 좔좔 끌며 강강술래
팔월이라 보름날은 가베절인데 각씨들의 노름놀이 추석날이 좋을씨구
신라때 가베절은 부등영장 시키고저 누에치고 길쌈허는 각씨들의 노름놀이
추석날이 좋을씨구
팔월이라 보름날은 가베절인데 각씨들의 노름놀이 추석날이 좋을씨구
여보아라 친구들아 금년 팔월 보름날은 새로단장 맺인 언약
낱낱이 다 아느냐 알고말고 그걸 몰라 새로단장 모르고야 우리나라 백성이라 어찌 자랑 헐것이냐
팔월이라 보름날은 가베절인데 각씨들의 노름놀이 추석날이 좋을씨구",팔월이라 보름날은 / 가베절인데 각씨들의 노름놀이 추석날이 좋을씨구 / 달 밝네 달 밝어 반공중천의 둥근달 온 천하에 비쳐있고 / 금수강산 삼천리에 추석맞이 허느라고 / 찰떡치고 송편하야 선영의 제사허고 선산의 성묘허니 우리 동방 예의로다 / 팔월이라 보름날은 / 가베절인데 각씨들의 노름놀이 추석날이 좋을씨구 / 팔월이라 보름날은 즐거운 명절이 이아니냐 / 우리 동네 처녀들은 남색치마 좔좔 끌며 강강술래 / 팔월이라 보름날은 / 가베절인데 각씨들의 노름놀이 추석날이 좋을씨구 / 신라때 가베절은 부등영장 시키고저 / 누에치고 길쌈허는 각씨들의 노름놀이 추석날이 좋을씨구 / 팔월이라 보름날은 / 가베절인데 각씨들의 노름놀이 추석날이 좋을씨구 / 여보아라 친구들아 금년 팔월 보름날은 새로단장 맺인 언약 / 낱낱이 다 아느냐 알고말고 그걸 몰라 / 새로단장 모르고야 우리나라 백성이라 어찌 자랑 헐것이냐 / 팔월이라 보름날은 / 가베절인데 각씨들의 노름놀이 추석날이 좋을씨구,20.0,233.66
KC_TM_MF_MY_S000295,남도,민속악,민요,남도민요,봄타령(봄노래),조정희,여창,F / Dm,중중모리,12/8,150.0,"에너지 넘치는(5), 가볍고 신비로운(1), 강력한(1), 그루브감 있는(1), 다이내믹한(1), 명상적인(1), 생기 있는(1), 신명난(1), 애절한(1), 여유로운(1), 영감을 주는(1), 우아한(1), 유쾌한(1), 장엄한(1), 진심 어린(1), 환상적인(1), 활기찬(1)","쇳소리 나는(2), 유연한(2), 걸쭉한(1), 밀도 있는(1), 밝은(1), 뻗어 나가는(1), 시원한(1), 역동적인(1), 울리는(1), 직진의(1), 콧소리 나는(1)","봄타령은 봄의 경치와 설레는 마음을 노래한 남도 통속민요로, 화사한 봄날의 정경을 남도 특유의 선율로 표현한 곡이다. 이 곡은 생동감 넘치는 봄의 기운을 만끽할 수 있는 밝은 분위기를 지니며, 민속악 장르의 특성을 잘 드러내는 민요로서, 특히 남도민요의 특징을 강조하고 있다. 여창 가창자 조정희의 목소리는 이 곡을 에너지 넘치는 방식으로 이끌어간다. 그녀는 멜로디를 표현하는 데 있어 생동감 있는 발성과 시김새를 사용하여 청중에게 봄의 기운을 효과적으로 전달한다. 조정희는 성량이 풍부하며, 호흡을 적절히 조절하여 각 구절의 감정을 잘 살리고, 곡의 흐름에 자연스럽게 녹아든다. 중중모리의 리듬 위에서 그녀는 경쾌하게 흐름을 타며, 리듬에 맞춰 목소리를 유연하게 조절하여 곡의 전체적인 완성도를 높인다. 그녀의 호흡은 곡의 마무리를 장식하는 데 중요한 역할을 하며, 이로 인해 곡의 에너지를 더욱 강조하고 청중에게 깊은 여운을 남긴다.","Bomtayoung is a popular folk song from the Namdo region that sings of the scenery of spring and the fluttering heart it brings, expressing the vibrant landscape of a bright spring day through the unique melodies characteristic of Namdo. This piece embodies a cheerful atmosphere that allows listeners to fully enjoy the lively energy of spring, effectively showcasing the traits of the folk music genre, particularly emphasizing the characteristics of Namdo folk songs. The voice of female vocalist Jo Jeong-hee leads this piece in an energetic manner. She employs vivid vocalization and expressive nuances to convey the spirit of spring to the audience. Jo Jeong-hee possesses a rich vocal timbre and skillfully manages her breath to enhance the emotions of each phrase, seamlessly integrating into the flow of the piece. Riding on the rhythm of Jungjungmori, she moves gracefully with the tempo, flexibly adjusting her voice to elevate the overall quality of the song. Her breath plays a crucial role in embellishing the conclusion of the piece, thereby further emphasizing its energy and leaving a profound resonance with the audience.","호랑나비 꽃을 찾어 이리저리 날아들고 우리들은 님을 찾어 봄 맞이를 허러가세
휘늘어진 버들가지 우리님 못 가게 매어 놓고
봄 동산에 사랑 노래 흥겨운 노래나 불러보세
에헤야 봄 맞이를 허러가세
꽃송이는 웃음으로 나비 찾고 나비는 춤으로 꽃송이 찾네
우리 젊은 처녀들은 화촉의 꿈을 찾네
에헤야 봄 맞이를 허러가세
휘늘어진 실버들 이네 몸이요 황금 빛 저 꾀꼬리는 우리 님이라네
이 몸 위해 사랑 노래 엮어나 주오 불러나 주오
에헤야 봄 맞이를 허러가세
나비는 꽃을 따르고 꽃님은 나비 불러 나비 따르는 꽃이 되여
우리 모다 즐겨보세 흥겨웁게 놀아보세
에헤야 봄 맞이를 허러가세
휘늘어진 버들가지 우리님 못 가게 매어 놓고
봄 동산에 사랑 노래 흥겨운 노래나 불러보세
에헤야 봄 맞이를 허러가세
오면 가고 가면 오는 일년은 열두달 춘하추동 사시절
봄 꽃이 한 때려니 아니 놀고 무엇허리 우리 모두 즐겨보세 얼씨구 즐겨보세
에헤야 봄 맞이를 허러가세",호랑나비 꽃을 찾어 이리저리 날아들고 우리들은 님을 찾어 봄 맞이를 허러가세 / 휘늘어진 버들가지 우리님 못 가게 매어 놓고 / 봄 동산에 사랑 노래 흥겨운 노래나 불러보세 / 에헤야 봄 맞이를 허러가세 / 꽃송이는 웃음으로 나비 찾고 나비는 춤으로 꽃송이 찾네 / 우리 젊은 처녀들은 화촉의 꿈을 찾네 / 에헤야 봄 맞이를 허러가세 / 휘늘어진 실버들 이네 몸이요 황금 빛 저 꾀꼬리는 우리 님이라네 / 이 몸 위해 사랑 노래 엮어나 주오 불러나 주오 / 에헤야 봄 맞이를 허러가세 / 나비는 꽃을 따르고 꽃님은 나비 불러 나비 따르는 꽃이 되여 / 우리 모다 즐겨보세 흥겨웁게 놀아보세 / 에헤야 봄 맞이를 허러가세 / 휘늘어진 버들가지 우리님 못 가게 매어 놓고 / 봄 동산에 사랑 노래 흥겨운 노래나 불러보세 / 에헤야 봄 맞이를 허러가세 / 오면 가고 가면 오는 일년은 열두달 춘하추동 사시절 / 봄 꽃이 한 때려니 아니 놀고 무엇허리 우리 모두 즐겨보세 얼씨구 즐겨보세 / 에헤야 봄 맞이를 허러가세,19.0,218.42
KC_TM_MF_MY_S000296,병창,민속악,민요,제주민요,이어도사나,채수현,여창,F / Dm,자진모리,12/8,270.0,"신나는(3), 명랑한(2), 생기 있는(2), 여유로운(2), 가볍고 신비로운(1), 경쾌한(1), 관능적인(1), 다이내믹한(1), 몽환적인(1), 신명난(1), 신비로운(1), 에너지 넘치는(1), 표현적인(1), 해학적인(1), 행복한(1), 활기찬(1), 희망적인(1)","시원한(3), 가는(1), 고운(1), 깨끗한(1), 단단한(1), 담백한(1), 밀도 있는(1), 밝은(1), 울리는(1), 탁 트인(1), 화사한(1)","이어도사나는 제주 해녀들이 배를 타고 나가며 노를 저을 때 부르는 노동요로, 제주민요의 특성을 잘 드러내는 민속악 > 민요 곡이다. 이 곡은 '이어도 사나'라는 후렴구를 통해 거친 바다와 삶을 노래하며, 이상향인 이어도를 향한 동경과 현실의 고단함이 교차하는 내용을 담고 있다. 여창 가창자 채수현의 목소리는 이 곡을 이끌어가는 중심 요소로, 그녀의 발성은 전통적인 창법을 바탕으로 하여 자연스럽고 유연하게 멜로디를 표현한다. 시김새를 적절히 사용하여 제주민요의 특유의 음색을 드러내며, 그녀의 성량은 곡의 흐름에 따라 조절되어 청중에게 깊은 울림을 준다. 호흡은 적절하게 나누어져 곡의 각 구절을 명확하게 전달하며, 특히 후렴구에서는 강한 호흡으로 리듬을 강조한다. 자진모리의 경쾌한 리듬 위에서 채수현은 곡의 흐름을 자연스럽게 타며, 그녀의 호흡은 곡의 마무리를 장식하고 장르적 완성도를 높이는 데 기여한다. 이러한 요소들이 결합되어 이어도사나의 전통적인 매력을 더욱 돋보이게 한다.","Ieodo Sanana is a labor song sung by the haenyeo (female divers) of Jeju while they row their boats, exemplifying the characteristics of Jeju folk music and its traditional melodies. This piece captures the essence of the tumultuous sea and life through its refrain ""Ieodo Sana,"" intertwining a longing for the idealized land of Ieodo with the hardships of reality. The voice of the female vocalist Chae Su-hyun serves as the central element of this piece, with her vocalization naturally and flexibly expressing the melody based on traditional singing techniques. By appropriately employing vocal embellishments, she reveals the unique timbre of Jeju folk songs, and her vocal power is adjusted according to the flow of the piece, providing a profound resonance for the audience. Her breath is skillfully divided to clearly convey each phrase of the song, and particularly in the refrain, she emphasizes the rhythm with strong breath support. Riding the lively rhythm of the Jajinmori, Chae Su-hyun navigates the flow of the song effortlessly, and her breath contributes to the conclusion of the piece, enhancing its genre-specific completeness. These elements combine to further highlight the traditional charm of Ieodo Sanana.","이여도사나 이여도사나 이여도사나 이여도사나
요넬젓엉 어딜가리 진도바당 한골로가세
한짝손에 태왁심고 한짝손에 빗장심어
한질두질 들어가보난 저슁도가 분명하다
이여도사나 쳐라쳐라 한젓젓엉 앞을사자
이여도사나 이어도사나
이여도사나 이여도사나 이여도사나 이여도사나
이물에는 이사공아 저물에는 저사공아
물로야뱅뱅 돌아진섬에 먹으나굶으나 물질을하여
한푼두푼 모인돈도 낭군님용돈에 모자라간다
이여도사나 쳐라쳐라 한목지엉 어서나가자
이여도사나 이어도사나
이여도사나 이여도사나 이여도사나 이여도사나
요넬젓엉 어딜가리 진도바당 한골로가세
한짝손에 태왁심고 한짝손에 빗장심어
한질두질 들어가보난 저슁도가 분명하다
이여도사나 쳐라쳐라 한젓젓엉 앞을사자
이여도사나 이어도사나
이여도사나 이여도사나 이여도사나 이여도사나
이물에는 이사공아 저물에는 저사공아
물로야뱅뱅 돌아진섬에 먹으나굶으나 물질을하여
한푼두푼 모인돈도 낭군님용돈에 모자라간다
이여도사나 쳐라쳐라 한목지엉 어서나가자
이여도사나 이어도사나",이여도사나 이여도사나 이여도사나 이여도사나 / 요넬젓엉 어딜가리 진도바당 한골로가세 / 한짝손에 태왁심고 한짝손에 빗장심어 / 한질두질 들어가보난 저슁도가 분명하다 / 이여도사나 쳐라쳐라 한젓젓엉 앞을사자 이여도사나 이어도사나 / 이여도사나 이여도사나 이여도사나 이여도사나 / 이물에는 이사공아 저물에는 저사공아 / 물로야뱅뱅 돌아진섬에 먹으나굶으나 물질을하여 / 한푼두푼 모인돈도 낭군님용돈에 모자라간다 / 이여도사나 쳐라쳐라 한목지엉 어서나가자 이여도사나 이어도사나 / 이여도사나 이여도사나 이여도사나 이여도사나 / 요넬젓엉 어딜가리 진도바당 한골로가세 / 한짝손에 태왁심고 한짝손에 빗장심어 / 한질두질 들어가보난 저슁도가 분명하다 / 이여도사나 쳐라쳐라 한젓젓엉 앞을사자 이여도사나 이어도사나 / 이여도사나 이여도사나 이여도사나 이여도사나 / 이물에는 이사공아 저물에는 저사공아 / 물로야뱅뱅 돌아진섬에 먹으나굶으나 물질을하여 / 한푼두푼 모인돈도 낭군님용돈에 모자라간다 / 이여도사나 쳐라쳐라 한목지엉 어서나가자 이여도사나 이어도사나,20.0,237.36
KC_TM_MF_MY_S000297,경기,민속악,민요,경기민요,추석달,김민지,여창,Eb / Cm,굿거리,12/8,130.0,"신나는(4), 신명난(3), 생기 있는(2), 귀여운(1), 그루브감 있는(1), 명랑한(1), 신비로운(1), 아정한(1), 유쾌한(1), 즐거운(1), 축제적인(1), 편안한(1), 평화로운(1), 활기찬(1), 희망적인(1), 희망찬(1)","맑은(3), 시원한(2), 가는(1), 고운(1), 깨끗한(1), 매끄러운(1), 밝은(1), 뻗어 나가는(1), 선명한(1), 콧소리 나는(1), 화사한(1)","추석달은 한가위 보름달을 보며 소원을 빌고 명절의 흥을 노래한 신민요로, 경기민요의 특징이 잘 드러나는 민속악의 일종이다. 이 곡은 둥근 달에 빗댄 풍요로움과 가족 간의 정을 따뜻한 선율로 담아내며, 전통적인 민속 음악의 정수를 느낄 수 있게 한다. 여창 가창자 김민지는 이 곡을 통해 그녀의 목소리로 이야기를 전하며, 신나는 분위기를 만들어낸다. 그녀의 발성은 곡의 경쾌함을 잘 표현하며, 시김새를 적절히 사용하여 감정을 전달한다. 성량이 풍부한 그녀의 목소리는 멜로디의 흐름을 자연스럽게 이끌며, 호흡의 조절을 통해 곡의 긴장감과 이완을 잘 표현한다. 굿거리의 리듬 위에서 그녀는 리드미컬하게 흐름을 타며, 각 구절의 끝을 호흡으로 장식하여 곡의 마무리를 더욱 매력적으로 만든다. 김민지의 가창은 전통적인 경기민요의 매력을 잘 살리며, 이 곡의 장르적 완성도를 높인다.","The Chuseok Moon is a folk song that expresses wishes while gazing at the full moon of Chuseok, embodying the festive spirit characteristic of Gyeonggi folk music. This piece captures the abundance associated with the round moon and the warmth of familial bonds through its gentle melodies, allowing listeners to experience the essence of traditional folk music. Vocalist Kim Min-ji conveys a narrative through her voice, creating an exhilarating atmosphere. Her vocal technique effectively expresses the song's liveliness, and she skillfully employs vocal ornamentation to convey emotion. With her rich vocal tone, she naturally guides the flow of the melody, and her breath control adeptly reflects the tension and relaxation within the piece. Riding on the rhythm of the gutgeori, she moves rhythmically, embellishing the ends of each phrase with breath, which enhances the song's conclusion. Kim Min-ji's singing beautifully captures the charm of traditional Gyeonggi folk music, elevating the genre's overall completeness.","팔월이라 한가위는 추석가절 이아니냐 백곡풍등 무르익어 함포고복 좋을씨고
얼씨구 절씨구 멋이로다 저 달이 지도록 놀아보자
일년중에 달구경은 추석날밤 제일좋고 가슴깊이 서린 정을 저달보며 풀어볼까
얼씨구 절씨구 멋이로다 저 달이 지도록 놀아보자
달아 달아 밝은 달아 온누리를 비친 달아 저달 맞아 노래하며 밤새도록 즐겨볼까
얼씨구 절씨구 멋이로다 저 달이 지도록 놀아보자
달도 밝다 달도 밝아 휘영천지 달도 밝다 천중명월 잡어매고 장침가로 즐겨볼까
얼씨구 절씨구 멋이로다 저 달이 지도록 놀아보자
팔월이라 한가위는 추석가절 이아니냐 백곡풍등 무르익어 함포고복 좋을씨고
얼씨구 절씨구 멋이로다 저 달이 지도록 놀아보자
일년중에 달구경은 추석날밤 제일좋고 가슴깊이 서린 정을 저달보며 풀어볼까
얼씨구 절씨구 멋이로다 저 달이 지도록 놀아보자
달아 달아 밝은 달아 온누리를 비친 달아 저달 맞아 노래하며 밤새도록 즐겨볼까
얼씨구 절씨구 멋이로다 저 달이 지도록 놀아보자
달도 밝다 달도 밝아 휘영천지 달도 밝다 천중명월 잡어매고 장침가로 즐겨볼까
얼씨구 절씨구 멋이로다 저 달이 지도록 놀아보자",팔월이라 한가위는 추석가절 이아니냐 / 백곡풍등 무르익어 함포고복 좋을씨고 / 얼씨구 절씨구 멋이로다 저 달이 지도록 놀아보자 / 일년중에 달구경은 추석날밤 제일좋고 / 가슴깊이 서린 정을 저달보며 풀어볼까 / 얼씨구 절씨구 멋이로다 저 달이 지도록 놀아보자 / 달아 달아 밝은 달아 온누리를 비친 달아 / 저달 맞아 노래하며 밤새도록 즐겨볼까 / 얼씨구 절씨구 멋이로다 저 달이 지도록 놀아보자 / 달도 밝다 달도 밝아 휘영천지 달도 밝다 / 천중명월 잡어매고 장침가로 즐겨볼까 / 얼씨구 절씨구 멋이로다 저 달이 지도록 놀아보자 / 팔월이라 한가위는 추석가절 이아니냐 / 백곡풍등 무르익어 함포고복 좋을씨고 / 얼씨구 절씨구 멋이로다 저 달이 지도록 놀아보자 / 일년중에 달구경은 추석날밤 제일좋고 / 가슴깊이 서린 정을 저달보며 풀어볼까 / 얼씨구 절씨구 멋이로다 저 달이 지도록 놀아보자 / 달아 달아 밝은 달아 온누리를 비친 달아 / 저달 맞아 노래하며 밤새도록 즐겨볼까 / 얼씨구 절씨구 멋이로다 저 달이 지도록 놀아보자 / 달도 밝다 달도 밝아 휘영천지 달도 밝다 / 천중명월 잡어매고 장침가로 즐겨볼까 / 얼씨구 절씨구 멋이로다 저 달이 지도록 놀아보자,24.0,267.38
KC_TM_MF_MY_S000298,경기,민속악,민요,경기민요,양유가,김민지,여창,Gb / Ebm,굿거리,12/8,120.0,"유쾌한(3), 명랑한(2), 신나는(2), 가볍고 신비로운(1), 감상적인(1), 경쾌한(1), 귀여운(1), 낭만적인(1), 다이내믹한(1), 다정한(1), 생기 있는(1), 아정한(1), 애절한(1), 애정 어린(1), 에너지 넘치는(1), 여유로운(1), 평화로운(1)","콧소리 나는(2), 고운(1), 담백한(1), 맑은(1), 매끄러운(1), 밀도 있는(1), 밝은(1), 선명한(1), 시원한(1), 여린(1), 역동적인(1), 청아한(1), 탁 트인(1)","양유가는 경기민요의 한 곡으로, 버들가지를 소재로 한 서정적인 내용이 담겨 있다. 이 곡은 버드나무가 늘어선 봄 풍경과 이별의 정한을 굿거리장단에 담아내어, 경기민요의 특징인 부드럽고 유연한 소리의 매력을 잘 보여준다. 여창 가창자 김민지의 목소리는 이 곡을 이끌어가는 중심 요소로, 그녀는 창법에서 전통적인 경기민요의 기법을 충실히 따르며 곡의 감성을 전달한다. 김민지는 시김새를 통해 멜로디의 변화를 자연스럽게 표현하며, 발성은 안정적이고 힘이 있다. 그녀의 성량은 곡의 흐름을 따라 유연하게 변화하며, 호흡 조절이 뛰어나 긴 음을 끌어내는 데도 능숙하다. 굿거리장단의 리듬 위에서 김민지는 경쾌하게 흐름을 타면서도, 각 구절의 마무리에서는 호흡을 잘 조절하여 곡의 완성도를 높인다. 그녀의 호흡은 곡의 마무리에서 자연스럽게 이어지며, 전체적인 리듬감을 더욱 강조한다.","Yangyuga is a piece from Gyeonggi folk song, characterized by its lyrical content centered around willow branches. This song captures the essence of spring scenery adorned with willows and the sorrow of parting, expressed through the Gukgeori Jangdan rhythm, effectively showcasing the charm of Gyeonggi folk music's soft and fluid sounds. The voice of the female vocalist Kim Min-ji serves as the central element guiding this piece, as she faithfully adheres to the traditional techniques of Gyeonggi folk singing, conveying the emotional depth of the song. Kim Min-ji naturally expresses the changes in melody through her vocal embellishments, while her singing technique is stable and powerful. Her vocal range flexibly adapts to the flow of the piece, and her breath control is exceptional, allowing her to sustain long notes with ease. Riding the lively rhythm of Gukgeori Jangdan, Kim Min-ji maintains a buoyant flow, skillfully managing her breath at the end of each phrase to enhance the overall quality of the piece. Her breath seamlessly transitions at the conclusion of the song, further emphasizing the overall sense of rhythm.","양류상에 앉은 꾀꼬리 제비만 여겨 후린다
에후 절싸 더덤썩 안고서 아하 요것이 내사랑
양류청청 늘어진 가지 꾀꼴새가 아름답다
에후 절싸 더덤썩 안고서 아하 요것이 내사랑
이화도화 난만한데 날아드느니 봉접이라
에후 절싸 더덤썩 안고서 아하 요것이 내사랑
양류세지 사사록하니 오류촌이 여기로다
에후 절싸 더덤썩 안고서 아하 요것이 내사랑
방초처처 우거진 곳에 황봉백접이 춤을 춘다
에후 절싸 더덤썩 안고서 아하 요것이 내사랑
작작요요 벌나비 쌍쌍 양류청청 꾀꼬리 쌍쌍
에후 절싸 더덤썩 안고서 아하 요것이 내사랑
꽃을 찾는 벌나비는 향기를 좇아 날아든다
에후 절싸 더덤썩 안고서 아하 요것이 내사랑
무정세월 한허리를 양류사로 매어 볼까
에후 절싸 더덤썩 안고서 아하 요것이 내사랑
휘늘어진 버들가진 바람에 휘날려 우줄우줄
에후 절싸 더덤썩 안고서 아하 요것이 내사랑
양류상에 앉은 꾀꼬리 제비만 여겨 후린다
에후 절싸 더덤썩 안고서 아하 요것이 내사랑",양류상에 앉은 꾀꼬리 제비만 여겨 후린다 / 에후 절싸 더덤썩 안고서 아하 요것이 내사랑 / 양류청청 늘어진 가지 꾀꼴새가 아름답다 / 에후 절싸 더덤썩 안고서 아하 요것이 내사랑 / 이화도화 난만한데 날아드느니 봉접이라 / 에후 절싸 더덤썩 안고서 아하 요것이 내사랑 / 양류세지 사사록하니 오류촌이 여기로다 / 에후 절싸 더덤썩 안고서 아하 요것이 내사랑 / 방초처처 우거진 곳에 황봉백접이 춤을 춘다 / 에후 절싸 더덤썩 안고서 아하 요것이 내사랑 / 작작요요 벌나비 쌍쌍 양류청청 꾀꼬리 쌍쌍 / 에후 절싸 더덤썩 안고서 아하 요것이 내사랑 / 꽃을 찾는 벌나비는 향기를 좇아 날아든다 / 에후 절싸 더덤썩 안고서 아하 요것이 내사랑 / 무정세월 한허리를 양류사로 매어 볼까 / 에후 절싸 더덤썩 안고서 아하 요것이 내사랑 / 휘늘어진 버들가진 바람에 휘날려 우줄우줄 / 에후 절싸 더덤썩 안고서 아하 요것이 내사랑 / 양류상에 앉은 꾀꼬리 제비만 여겨 후린다 / 에후 절싸 더덤썩 안고서 아하 요것이 내사랑,20.0,241.54
KC_TM_MF_MY_S000299,경기,민속악,민요,경기민요,사철가,김민지,여창,Eb / Cm,굿거리,12/8,130.0,"신나는(4), 에너지 넘치는(3), 명랑한(2), 신명난(2), 경쾌한(1), 귀여운(1), 부드러운(1), 생기 있는(1), 열정적인(1), 유쾌한(1), 잔잔한(1), 즐거운(1), 평화로운(1), 활기찬(1), 희망적인(1), 희망찬(1)","가는(2), 고운(2), 밝은(2), 깨끗한(1), 맑은(1), 매끄러운(1), 비강 울림이 있는(1), 시원한(1), 여린(1), 울리는(1), 청아한(1), 콧소리 나는(1)","사철가는 선소리패의 '길타령'에서 유래하여 20세기 전반 경기민요로 정착한 곡으로, 풍년을 기뻐하고 사계절의 놀이를 즐기는 내용을 담고 있다. 이 곡은 경기민요의 특징이 잘 드러나는 민속악의 일종으로, 굿거리장단에 얹어 부르며 흥청거리는 가락이 풍요로움과 여유를 느끼게 한다. 여창 가창자 김민지의 목소리는 이 곡의 경쾌한 분위기를 더욱 돋보이게 한다. 그녀는 강한 성량과 함께 뚜렷한 발음을 통해 멜로디를 명확하게 표현하며, 시김새를 적절히 사용하여 곡의 리듬과 감정을 잘 살린다. 김민지는 호흡을 잘 조절하여 각 구절을 자연스럽게 연결하며, 신나는 분위기를 유지하는 데 기여한다. 굿거리의 리듬 위에서 그녀의 목소리는 유연하게 흐르며, 곡의 전체적인 흐름을 타고 청중에게 즐거움을 선사한다. 곡의 마무리에서는 그녀의 호흡이 여운을 남기며, 경기민요의 전통적인 매력을 더욱 강조한다.","Sachulga is a song that originated from the 'Giltaryeong' of the Seonsori troupe and became established as a Gyeonggi folk song in the early 20th century, encapsulating the joy of a bountiful harvest and the enjoyment of seasonal festivities. This piece is a type of folk music that distinctly showcases the characteristics of Gyeonggi minyo, sung to the Ggutgeori Jangdan, with a lively melody that evokes feelings of abundance and leisure. The voice of female vocalist Kim Min-ji further accentuates the cheerful atmosphere of the song. She expresses the melody clearly through her strong vocal power and distinct pronunciation, effectively employing vocal embellishments to enhance the rhythm and emotion of the piece. Kim Min-ji skillfully manages her breath to connect each phrase naturally, contributing to the maintenance of an exhilarating ambiance. Her voice flows smoothly over the rhythm of the Ggutgeori, providing enjoyment to the audience as it rides the overall flow of the song. In the conclusion of the piece, her breath leaves a lingering resonance, further emphasizing the traditional charm of Gyeonggi minyo.","대명당 대들보 명매기 걸음으로 아기장 충청 걸어 흐늘거리고 나간다
지화 지화 지화자 좋네 좋네 좋을 좋을씨구나 명년 춘삼월에 화전놀일 가자
백모래 바탕에 금자라 걸음으로 아기장 충청 걸어 흐늘거리고 나간다
지화 지화 지화자 좋네 좋네 좋을 좋을씨구나 이화도화 만발하니 양춘가절이 아니냐
뒷동산 송림에 까투리 걸음으로 아기장 충청 걸어 흐늘거리고 나간다
지화 지화 지화자 좋네 좋네 좋을 좋을씨구나 사월남풍 대맥황은 녹음방초 하절이라
비개인 강가에 해오리 걸음으로 아기장 충청 걸어 흐늘거리고 나간다
지화 지화 지화자 좋네 좋네 좋을 좋을씨구나 금풍이 소슬하니 구추단풍 추절이라
광한루 마당에 춘향의 걸음으로 아기장 충청 걸어 흐늘거리고 나간다
지화 지화 지화자 좋네 좋네 좋을 좋을씨구나 백설이 분분하니 창송록죽 동절이라",대명당 대들보 명매기 걸음으로 / 아기장 충청 걸어 흐늘거리고 나간다 / 지화 지화 지화자 좋네 좋네 / 좋을 좋을씨구나 명년 / 춘삼월에 화전놀일 가자 / 백모래 바탕에 금자라 걸음으로 / 아기장 충청 걸어 흐늘거리고 나간다 / 지화 지화 지화자 좋네 좋네 / 좋을 좋을씨구나 이화도화 / 만발하니 양춘가절이 아니냐 / 뒷동산 송림에 까투리 걸음으로 / 아기장 충청 걸어 흐늘거리고 나간다 / 지화 지화 지화자 좋네 좋네 / 좋을 좋을씨구나 사월남풍 / 대맥황은 녹음방초 하절이라 / 비개인 강가에 해오리 걸음으로 / 아기장 충청 걸어 흐늘거리고 나간다 / 지화 지화 지화자 좋네 좋네 / 좋을 좋을씨구나 금풍이 / 소슬하니 구추단풍 추절이라 / 광한루 마당에 춘향의 걸음으로 / 아기장 충청 걸어 흐늘거리고 나간다 / 지화 지화 지화자 좋네 좋네 / 좋을 좋을씨구나 백설이 / 분분하니 창송록죽 동절이라,25.0,278.35
KC_TM_MF_MY_S000300,남도,민속악,민요,남도민요,강강술래 2,조정희,여창,E / Dbm,자진모리,12/8,270.0,"신나는(2), 에너지 넘치는(2), 유쾌한(2), 축제적인(2), 향토적인(2), 경쾌한(1), 그루브감 있는(1), 다이내믹한(1), 명랑한(1), 비통한(1), 생기 있는(1), 애절한(1), 영웅적인(1), 즐거운(1), 진지한(1), 편안한(1), 활기찬(1), 희망적인(1)","시원한(3), 역동적인(2), 거친(1), 공명감 있는(1), 매끄러운(1), 머금은 듯한(1), 밀도 있는(1), 밝은(1), 선명한(1), 쇳소리 나는(1), 울리는(1), 진한(1)","강강술래 2는 남도민요의 특징이 잘 드러나는 민속악 > 민요 곡으로, 전통적인 강강술래의 형식을 따르고 있다. 이 곡은 미-mi, 라-la, 시-si, 도-do′의 구성음으로 이루어져 있으며, 육자배기토리로 미를 길게 소리 낼 때 굵게 떨어주고 도와 시를 꺾어 표현하며 라로 종지하는 방식이 특징이다. 여창 가창자 조정희는 이 곡을 통해 전통적인 창법을 잘 살려내며, 특히 발성에서 미를 길게 끌고 나가는 기술이 두드러진다. 그녀의 목소리는 곡의 흐름을 이끌어가며, 시김새 표현이 명확하게 드러나고, 잔가락이 섬세하게 들어가면서도 자진모리의 빠르기에 맞춰 단순한 가락으로 전환되는 부분에서의 변화가 흥미롭다. 조정희는 호흡을 적절히 조절하여 멜로디의 흐름을 자연스럽게 이어가며, 곡의 리듬에 맞춰 유연하게 움직이는 모습이 인상적이다. 자진모리의 경쾌한 리듬 속에서 그녀의 호흡은 곡의 마무리를 장식하며, 전통적인 민속악의 완성도를 높이는 역할을 한다. 이 곡은 조정희의 가창을 통해 강강술래의 전통적인 매력을 잘 전달하고 있다.","Ganggangsullae 2 is a folk music piece that distinctly showcases the characteristics of Namdo Minyo, adhering to the traditional form of Ganggangsullae. This composition is constructed from the notes mi-mi, la-la, si-si, and do-do′, and is characterized by the use of Yukjabaegi Tori, where the note mi is elongated and delivered with a strong emphasis, while do and si are expressed with a bending technique, concluding on la. The female vocalist Jo Jeong-hee effectively embodies traditional singing techniques in this piece, particularly highlighting her skill in sustaining the note mi. Her voice leads the flow of the composition, with clear expressions of the nuances and delicate embellishments, while also transitioning to simpler melodies that align with the brisk tempo of Jajinmori, which adds an intriguing dynamic. Jo Jeong-hee adeptly manages her breath to seamlessly connect the melodic flow, moving fluidly in accordance with the rhythm of the piece. Within the lively rhythm of Jajinmori, her breath elegantly concludes the composition, enhancing the overall quality of traditional folk music. Through Jo Jeong-hee's performance, the traditional charm of Ganggangsullae is effectively conveyed.","강강술래 강강술래
오복소복 봄배추는 이슬오기만 기다린다
강강술래 강강술래
달 떠온다 달 떠온다 우리 마을에 달 떠온다
강강술래 강강술래
하늘에는 별이 총총 대밭에는 대가 총총
강강술래 강강술래
지네 지네 중천에 둥근 달 서산으로 넘어간다
강강술래 강강술래
보기좋은 해당화는 나비 오기를 기다린다
강강술래 강강술래
물러가라 물러가라 외적아 물러가라
강강술래 강강술래
우리 모두 손을 잡고 욱씬욱씬 뛰어나보세
강강술래 강강술래
말가는데 워낭소리 우리 벗님 어딜 가셔 춘추 명절을 모르신가
강강술래 강강술래
대밭에는 햇님도 총총 처녀 총각 한숨도 총총
강강술래 강강술래
먼 데 사람 듣기 좋고 가까운 사람 보기도 좋다
강강술래 강강술래
술래가돈다 술래가돈다 무안강변 술래가돈다
강강술래 강강술래
술래가돈다 술래가 돈다 술래가돈다 술래가 돌아
강강술래 강강술래 강강술래 강강술래 강강술래 강강술래 강강술래 강강술래
지네 지네 중천의 돋는 달 서산으로 넘어간다
강강술래 강강술래 강강술래 강강술래
강강술래 강강술래 강강술래 강강술래
돌아라 돌아라 돌아라 돌아
돌아라 돌아라 돌아 강강술래 강강술래
강강술래 강강술래 강강술래 강강술래
강강술래 강강술래",강강술래 강강술래 오복소복 봄배추는 이슬오기만 기다린다 강강술래 강강술래 / 달 떠온다 달 떠온다 우리 마을에 달 떠온다 강강술래 강강술래 / 하늘에는 별이 총총 대밭에는 대가 총총 강강술래 강강술래 / 지네 지네 중천에 둥근 달 서산으로 넘어간다 강강술래 강강술래 / 보기좋은 해당화는 나비 오기를 기다린다 강강술래 강강술래 / 물러가라 물러가라 외적아 물러가라 강강술래 강강술래 / 우리 모두 손을 잡고 욱씬욱씬 뛰어나보세 강강술래 강강술래 / 말가는데 워낭소리 우리 벗님 어딜 가셔 춘추 명절을 모르신가 강강술래 강강술래 / 대밭에는 햇님도 총총 처녀 총각 한숨도 총총 강강술래 강강술래 / 먼 데 사람 듣기 좋고 가까운 사람 보기도 좋다 강강술래 강강술래 / 술래가돈다 술래가돈다 무안강변 술래가돈다 강강술래 강강술래 / 술래가돈다 술래가 돈다 술래가돈다 술래가 돌아 강강술래 강강술래 / 강강술래 강강술래 강강술래 강강술래 강강술래 강강술래 / 지네 지네 중천의 돋는 달 서산으로 넘어간다 강강술래 강강술래 / 강강술래 강강술래 강강술래 강강술래 / 강강술래 강강술래 강강술래 강강술래 / 돌아라 돌아라 돌아라 돌아 돌아라 돌아라 돌아 강강술래 강강술래 / 강강술래 강강술래 강강술래 강강술래 강강술래 강강술래,18.0,250.7
KC_TM_MF_MY_S000301,남도,민속악,민요,남도민요,널뛰기 2,조정희,여창,Db / Bbm,중중모리,12/8,160.0,"그루브감 있는(2), 에너지 넘치는(2), 향수 어린(2), 경쾌한(1), 귀여운(1), 다이내믹한(1), 다정한(1), 신명난(1), 쓸쓸한(1), 아정한(1), 우울감 있는(1), 유쾌한(1), 평온한(1), 평화로운(1), 활달한(1), 희망찬(1)","쇳소리 나는(3), 유연한(2), 콧소리 나는(2), 매끄러운(1), 묵직한(1), 뻗어 나가는(1), 역동적인(1), 울리는(1), 진한(1), 화사한(1)","널뛰기 2는 남도민요의 특징이 잘 드러나는 민속악 > 민요 곡으로, 설날 무렵 널뛰기 놀이와 함께 불리던 전통적인 노래이다. 이 곡은 명절의 흥취를 돋우는 레퍼토리로, 하늘로 솟구치는 널뛰기의 역동성을 경쾌한 장단에 담고 있으며, 중중모리의 빠르기로 흥겹고 빠르게 부르는 것이 특징이다. 여창 가창자 조정희의 목소리는 이 곡을 이끌어가는 핵심 요소로서, 그녀는 전통적인 창법을 바탕으로 강한 발성과 안정적인 호흡을 통해 멜로디를 명확하게 표현한다. 시김새를 적절히 사용하여 곡의 리듬과 감정을 더욱 풍부하게 만들며, 성량을 조절하여 고음과 저음에서 모두 안정적인 음역을 유지한다. 조정희의 호흡은 곡의 흐름을 자연스럽게 이어주며, 중중모리의 경쾌한 리듬 위에서 유연하게 변주되어 곡의 긴장감을 조절한다. 그녀의 호흡은 곡의 마무리에서도 중요한 역할을 하며, 마지막 음을 길게 끌어주어 청중에게 여운을 남기고 장르적 완성도를 높이는 데 기여한다.","Nulnori 2 is a folk music piece that vividly showcases the characteristics of Namdo minyo, traditionally sung during the Nulnori game around the Lunar New Year. This song serves as a repertoire that enhances the festive spirit of the holiday, encapsulating the dynamic energy of the soaring Nulnori in a lively jangdan. It is characterized by a brisk tempo of Jungjungmori, sung joyfully and rapidly. The voice of the female vocalist Jo Jeong-hee is a central element that drives this piece, as she clearly articulates the melody through strong vocalization and stable breath control based on traditional singing techniques. By appropriately utilizing sigimsae, she enriches the rhythm and emotion of the piece, while adjusting her vocal range to maintain stability across both high and low notes. Jo Jeong-hee's breath seamlessly connects the flow of the song, allowing for flexible variations over the cheerful rhythm of Jungjungmori, thereby modulating the tension of the piece. Her breath also plays a crucial role in the conclusion of the song, extending the final note to leave a lingering impression on the audience and contributing to the overall artistic completeness of the genre.","널뛰자 널뛰자 새해 맞이 널뛰자
총각들은 줄 당기기 처녀들은 새 옷 입고
널뛰자 널뛰자 새해 맞이 널뛰자
금년 새 해 맞이하여 널뛰기를 허여보세
널뛰자 널뛰자 새해 맞이 널뛰자
양친 부모 모셔다가 천년 만년 살고지고
널뛰자 널뛰자 새해 맞이 널뛰자
널뛰기를 한연 후에 윷놀이를 허여보세
널뛰자 널뛰자 새해 맞이 널뛰자
널뛰기를 맞이커늘 우리나라 미풍일세
널뛰자 널뛰자 새해 맞이 널뛰자
묵은 해는 다 지내고 금년 시절을 맞이 했네
널뛰자 널뛰자 새해 맞이 널뛰자
만복무량 소원성취 금년시절이 좋을씨구
널뛰자 널뛰자 새해 맞이 널뛰자
총각들은 줄다리기 처녀들은 새 옷 입고
금년 새해 맞이하여 널뛰기를 허여보세
널뛰자 널뛰자 새해 맞이 널뛰자
총각들은 줄 당기기 처녀들은 새 옷 입고
널뛰자 널뛰자 새해 맞이 널뛰자
금년 새 해 맞이하여 널뛰기를 허여보세
널뛰자 널뛰자 새해 맞이 널뛰자
양친 부모 모셔다가 천년 만년 살고지고
널뛰자 널뛰자 새해 맞이 널뛰자
널뛰기를 마친 후에 떡국놀이를 허여보세
널뛰자 널뛰자 새해 맞이 널뛰자",널뛰자 널뛰자 새해 맞이 널뛰자 / 총각들은 줄 당기기 처녀들은 새 옷 입고 / 널뛰자 널뛰자 새해 맞이 널뛰자 / 금년 새 해 맞이하여 널뛰기를 허여보세 / 널뛰자 널뛰자 새해 맞이 널뛰자 / 양친 부모 모셔다가 천년 만년 살고지고 / 널뛰자 널뛰자 새해 맞이 널뛰자 / 널뛰기를 한연 후에 윷놀이를 허여보세 / 널뛰자 널뛰자 새해 맞이 널뛰자 / 널뛰기를 맞이커늘 우리나라 미풍일세 / 널뛰자 널뛰자 새해 맞이 널뛰자 / 묵은 해는 다 지내고 금년 시절을 맞이 했네 / 널뛰자 널뛰자 새해 맞이 널뛰자 / 만복무량 소원성취 금년시절이 좋을씨구 / 널뛰자 널뛰자 새해 맞이 널뛰자 / 총각들은 줄다리기 처녀들은 새 옷 입고 / 금년 새해 맞이하여 널뛰기를 허여보세 / 널뛰자 널뛰자 새해 맞이 널뛰자 / 총각들은 줄 당기기 처녀들은 새 옷 입고 / 널뛰자 널뛰자 새해 맞이 널뛰자 / 금년 새 해 맞이하여 널뛰기를 허여보세 / 널뛰자 널뛰자 새해 맞이 널뛰자 / 양친 부모 모셔다가 천년 만년 살고지고 / 널뛰자 널뛰자 새해 맞이 널뛰자 / 널뛰기를 마친 후에 떡국놀이를 허여보세 / 널뛰자 널뛰자 새해 맞이 널뛰자,26.0,240.79
KC_TM_MF_MY_S000302,남도,민속악,민요,남도민요,쾌지나칭칭나네2,이주은,여창,Eb / Cm,자진모리,12/8,280.0,"신나는(5), 경쾌한(3), 그루브감 있는(2), 신명난(2), 에너지 넘치는(2), 유쾌한(2), 도취된(1), 마음을 울리는(1), 생기 있는(1), 즐거운(1), 활기찬(1), 활달한(1)","단단한(3), 쇳소리 나는(2), 진한(2), 걸쭉한(1), 담백한(1), 뻗어 나가는(1), 시원한(1), 콧소리 나는(1)","쾌지나칭칭나네2는 많은 사람들이 모여서 즐거운 시간을 보내는 상황에서 한 사람이 메기고 여러 사람이 받는 방식으로 부르는 곡으로, 남도민요의 특징이 잘 드러나는 민속악 > 민요 장르에 속한다. 이 곡은 처음에는 느릿느릿 춤을 추며 천천히 부르다가 흥이 고조되면 빠른 장단으로 전개되며, 특히 자진모리 장단에서의 경쾌함이 돋보인다. 여창 가창자 이주은의 목소리는 이 곡을 이끌어가는 중요한 요소로 작용한다. 그녀는 명료한 발성과 함께 시김새를 적절히 활용하여 곡의 감정을 표현하며, 신나는 분위기를 잘 전달한다. 이주은의 성량은 곡의 흐름에 맞춰 변화를 주며, 호흡은 긴장과 이완을 조절하여 청중을 매료시킨다. 특히 자진모리의 경쾌한 리듬 위에서 이주은은 자신감 있게 멜로디를 구사하며, 각 부분에서의 호흡 조절은 곡의 긴장감을 높이고 마무리를 장식하는 데 기여한다. 이처럼 그녀의 가창은 곡의 장르적 완성도를 더욱 높이는 역할을 한다.","‘Kwaejinachinchingnane2’ is a song performed in a communal setting where one person leads and several others respond, exemplifying the characteristics of Namdo minyo within the folk music genre. The piece begins with a slow, leisurely dance accompanied by a gentle melody, gradually transitioning to a faster jangdan as the excitement builds, particularly highlighting the lively nature of the jazinmori jangdan. The voice of female vocalist Lee Joo-eun serves as a crucial element in guiding the song. She expresses the emotions of the piece through clear vocalization and the appropriate use of vocal embellishments, effectively conveying a joyful atmosphere. Lee Joo-eun's vocal range adapts to the flow of the song, while her breath control balances tension and relaxation, captivating the audience. Especially over the upbeat rhythm of the jazinmori, she confidently navigates the melody, and her breath control in each section enhances the song's tension and contributes to its conclusion. Thus, her singing plays a significant role in elevating the genre's overall completeness.","쾌지나 칭칭나네 쾌지나 칭칭나네
달아달아 밝은 달아 쾌지나 칭칭나네
이태백이 놀던 달아 쾌지나 칭칭 나네
저기저기 저 달 속에 쾌지나 칭칭 나네
계수나무 박혔으니 쾌지나 칭칭 나네
금도끼로 찍어내어 쾌지나 칭칭 나네
은도끼로 다듬어서 쾌지나 칭칭 나네
초가삼간 집을 짓고 쾌지나 칭칭 나네
양친부모 모셔다가 쾌지나 칭칭 나네
천년 만년 살고 지고 쾌지나 칭칭 나네
천년 만년 살고 지고 쾌지나 칭칭 나네
달아달아 밝은 달아 쾌지나 칭칭나네
이태백이 놀던 달아 쾌지나 칭칭 나네
저기저기 저 달 속에 쾌지나 칭칭 나네
계수나무 박혔으니 쾌지나 칭칭 나네
금도끼로 찍어내어 쾌지나 칭칭 나네
은도끼로 다듬어서 쾌지나 칭칭 나네
초가삼간 집을 짓고 쾌지나 칭칭 나네
양친부모 모셔다가 쾌지나 칭칭 나네
천년 만년 살고 지고 쾌지나 칭칭 나네
천년 만년 살고 지고 쾌지나 칭칭 나네
달아달아 밝은 달아 쾌지나 칭칭나네
이태백이 놀던 달아 쾌지나 칭칭 나네
저기저기 저 달 속에 쾌지나 칭칭 나네
계수나무 박혔으니 쾌지나 칭칭 나네
금도끼로 찍어내어 쾌지나 칭칭 나네
은도끼로 다듬어서 쾌지나 칭칭 나네
초가삼간 집을 짓고 쾌지나 칭칭 나네
양친부모 모셔다가 쾌지나 칭칭 나네
천년 만년 살고 지고 쾌지나 칭칭 나네
천년 만년 살고 지고 쾌지나 칭칭 나네
달아달아 밝은 달아 쾌지나 칭칭나네
이태백이 놀던 달아 쾌지나 칭칭 나네
저기저기 저 달 속에 쾌지나 칭칭 나네
계수나무 박혔으니 쾌지나 칭칭 나네
금도끼로 찍어내어 쾌지나 칭칭 나네
은도끼로 다듬어서 쾌지나 칭칭 나네
초가삼간 집을 짓고 쾌지나 칭칭 나네
양친부모 모셔다가 쾌지나 칭칭 나네
천년 만년 살고 지고 쾌지나 칭칭 나네
천년 만년 살고 지고 쾌지나 칭칭 나네",쾌지나 칭칭나네 쾌지나 칭칭나네 달아달아 밝은 달아 쾌지나 칭칭나네 / 이태백이 놀던 달아 쾌지나 칭칭 나네 저기저기 저 달 속에 쾌지나 칭칭 나네 / 계수나무 박혔으니 쾌지나 칭칭 나네 금도끼로 찍어내어 쾌지나 칭칭 나네 / 은도끼로 다듬어서 쾌지나 칭칭 나네 초가삼간 집을 짓고 쾌지나 칭칭 나네 / 양친부모 모셔다가 쾌지나 칭칭 나네 천년 만년 살고 지고 쾌지나 칭칭 나네 / 천년 만년 살고 지고 쾌지나 칭칭 나네 달아달아 밝은 달아 쾌지나 칭칭나네 / 이태백이 놀던 달아 쾌지나 칭칭 나네 저기저기 저 달 속에 쾌지나 칭칭 나네 / 계수나무 박혔으니 쾌지나 칭칭 나네 금도끼로 찍어내어 쾌지나 칭칭 나네 / 은도끼로 다듬어서 쾌지나 칭칭 나네 초가삼간 집을 짓고 쾌지나 칭칭 나네 / 양친부모 모셔다가 쾌지나 칭칭 나네 천년 만년 살고 지고 쾌지나 칭칭 나네 / 천년 만년 살고 지고 쾌지나 칭칭 나네 달아달아 밝은 달아 쾌지나 칭칭나네 / 이태백이 놀던 달아 쾌지나 칭칭 나네 저기저기 저 달 속에 쾌지나 칭칭 나네 / 계수나무 박혔으니 쾌지나 칭칭 나네 금도끼로 찍어내어 쾌지나 칭칭 나네 / 은도끼로 다듬어서 쾌지나 칭칭 나네 초가삼간 집을 짓고 쾌지나 칭칭 나네 / 양친부모 모셔다가 쾌지나 칭칭 나네 천년 만년 살고 지고 쾌지나 칭칭 나네 / 천년 만년 살고 지고 쾌지나 칭칭 나네 달아달아 밝은 달아 쾌지나 칭칭나네 / 이태백이 놀던 달아 쾌지나 칭칭 나네 저기저기 저 달 속에 쾌지나 칭칭 나네 / 계수나무 박혔으니 쾌지나 칭칭 나네 금도끼로 찍어내어 쾌지나 칭칭 나네 / 은도끼로 다듬어서 쾌지나 칭칭 나네 초가삼간 집을 짓고 쾌지나 칭칭 나네 / 양친부모 모셔다가 쾌지나 칭칭 나네 천년 만년 살고 지고 쾌지나 칭칭 나네 / 천년 만년 살고 지고 쾌지나 칭칭 나네,21.0,212.18
KC_TM_MF_MY_S000303,남도,민속악,민요,남도민요,동백타령 2,조정희,여창,E / Dbm,중중모리,12/8,140.0,"생기 있는(3), 경쾌한(2), 서사적인(2), 에너지 넘치는(2), 절제된(2), 그리운(1), 기품 있는(1), 명랑한(1), 비통한(1), 사색적인(1), 신나는(1), 신명난(1), 쓸쓸한(1), 애절한(1), 우울한(1), 잔잔한(1), 평화로운(1), 해학적인(1), 향수 어린(1), 향토적인(1)","긁히는(2), 단단한(2), 묵직한(2), 밀도 있는(2), 가는(1), 거친(1), 걸쭉한(1), 담백한(1), 두터운(1), 쇳소리 나는(1), 시원한(1), 울리는(1), 유연한(1), 정제된(1), 진한(1)","동백타령은 1961년 한일섭 명인이 작곡한 남도 신민요로, 동백꽃 예찬과 연인의 설렘을 남도계면조 선율에 담아낸 곡이다. 이 곡은 서정적이면서도 구성진 남도 소리의 맛을 잘 살려낸 민속악 장르의 민요로, 남도민요의 특징이 잘 드러난다. 여창 가창자 조정희의 목소리는 이 곡을 이끌어가는 중요한 요소로, 그녀의 발성은 뚜렷하고 안정적이며, 중중모리의 리듬에 잘 어우러진다. 그녀는 멜로디를 표현하는 데 있어 유려한 시김새를 사용하며, 각 음의 길이를 조절하여 감정을 전달한다. 성량 또한 적절하게 조절되어 곡의 흐름을 자연스럽게 이어간다. 호흡은 긴 음을 부를 때 안정적으로 유지되며, 곡의 전개에 따라 적절한 곳에서 숨을 고르는 기술이 돋보인다. 중중모리의 리듬 위에서 가창자는 그 흐름을 타며 곡의 에너지를 유지하고, 마지막 부분에서는 호흡을 통해 곡을 부드럽게 마무리하여 장르적 완성도를 높인다. 조정희의 목소리는 이 곡의 서정성을 한층 더 강조하며, 남도민요의 전통을 잘 이어간다.","Dongbaek Taryeong is a Namdo folk song composed by the renowned Han Il-seop in 1961, celebrating the camellia flower and the excitement of love, encapsulated within the melodic structure of Namdo gye-myeonjo. This piece is a lyrical yet richly textured example of the folk music genre, showcasing the distinctive characteristics of Namdo minyo. The voice of female vocalist Jo Jeong-hee serves as a crucial element in guiding the song, with her clear and stable vocalization harmonizing well with the rhythm of Jungjungmori. She employs fluid ornamentation to express the melody, skillfully adjusting the length of each note to convey emotion. Her vocal volume is also appropriately modulated, allowing for a seamless flow throughout the piece. Breath control is maintained steadily during long notes, with her technique of taking breaths at suitable moments during the song's progression standing out. Riding the rhythm of Jungjungmori, the vocalist sustains the energy of the piece, and in the final section, she gently concludes the song through her breath, enhancing the overall artistic completeness of the genre. Jo Jeong-hee's voice further emphasizes the lyrical quality of this piece, effectively continuing the tradition of Namdo minyo.","가세 가세 동백 따러만 가세
좋네 즐겁네 동백꽃이 보기가 좋네 동백 따러만 가세
선남선녀 옛 적에는 우리 마을 노니던 곳
우리들도 즐거이 동백을 따며 놀아보세 춤을 추며 놀아보세
좋네 즐겁네 동백꽃이 보기가 좋네 동백 따러만 가세
동백꽃은 의지가 굳어 죽지도 않고 사철을 피네
동백꽃은 어여쁜 꽃 자태가 곱고 귀여운 꽃
좋네 즐겁네 동백꽃이 보기가 좋네 동백 따러만 가세
동백 따는 큰 애기야 큰 애기야 큰 애기야
동백만 따지 말고 이 총각 마음도 살짝 따다가 오손도손 사랑을 맺세
좋네 즐겁네 동백꽃이 보기가 좋네 동백 따러만 가세
선남선녀 옛 적에는 우리 마을 노니던 곳
우리들도 즐거이 동백을 따며 놀아보세 춤을 추며 놀아보세
좋네 즐겁네 동백꽃이 보기가 좋네 동백 따러만 가세
동백꽃은 의지가 굳어 죽지도 않고 사철을 피네
동백꽃은 어여쁜 꽃 자태가 곱고 귀여운 꽃
좋네 즐겁네 동백꽃이 보기가 좋네 동백 따러만 가세
동백 따는 큰 애기야 큰 애기야 큰 애기야
동백만 따지 말고 이 총각 마음도 살짝 따다가 오손도손 사랑을 맺세
좋네 즐겁네 동백꽃이 보기가 좋네 동백 따러만 가세",가세 가세 동백 따러만 가세 / 좋네 즐겁네 동백꽃이 보기가 좋네 동백 따러만 가세 / 선남선녀 옛 적에는 우리 마을 노니던 곳 / 우리들도 즐거이 동백을 따며 놀아보세 춤을 추며 놀아보세 / 좋네 즐겁네 동백꽃이 보기가 좋네 동백 따러만 가세 / 동백꽃은 의지가 굳어 죽지도 않고 사철을 피네 / 동백꽃은 어여쁜 꽃 자태가 곱고 귀여운 꽃 / 좋네 즐겁네 동백꽃이 보기가 좋네 동백 따러만 가세 / 동백 따는 큰 애기야 큰 애기야 큰 애기야 / 동백만 따지 말고 이 총각 마음도 살짝 따다가 오손도손 사랑을 맺세 / 좋네 즐겁네 동백꽃이 보기가 좋네 동백 따러만 가세 / 선남선녀 옛 적에는 우리 마을 노니던 곳 / 우리들도 즐거이 동백을 따며 놀아보세 춤을 추며 놀아보세 / 좋네 즐겁네 동백꽃이 보기가 좋네 동백 따러만 가세 / 동백꽃은 의지가 굳어 죽지도 않고 사철을 피네 / 동백꽃은 어여쁜 꽃 자태가 곱고 귀여운 꽃 / 좋네 즐겁네 동백꽃이 보기가 좋네 동백 따러만 가세 / 동백 따는 큰 애기야 큰 애기야 큰 애기야 / 동백만 따지 말고 이 총각 마음도 살짝 따다가 오손도손 사랑을 맺세 / 좋네 즐겁네 동백꽃이 보기가 좋네 동백 따러만 가세,20.0,265.75
KC_TM_MF_MY_S000304,남도,민속악,민요,남도민요,신뱃노래 2,조정희,여창,E / Dbm,자진모리,12/8,300.0,"경쾌한(2), 유쾌한(2), 강렬한(1), 기품 있는(1), 낭만적인(1), 다이내믹한(1), 드라마틱한(1), 생기 있는(1), 애절한(1), 에너지 넘치는(1), 영감을 주는(1), 장엄한(1), 진지한(1), 향수 어린(1), 향토적인(1), 활기찬(1)","쇳소리 나는(3), 탁 트인(2), 단단한(1), 담백한(1), 매끄러운(1), 묵직한(1), 비강 울림이 있는(1), 뻗어 나가는(1), 시원한(1), 역동적인(1), 울리는(1), 진한(1), 힘 있는(1)","신뱃노래 2는 경기민요 뱃노래의 가사에 남도 육자배기토리를 접목시킨 곡으로, 남도민요의 특징이 잘 드러나는 민속악의 일종이다. 이 곡은 뱃사람들의 애환과 흥취를 깊이 있게 표현하며, 여창 가창자 조정희의 목소리가 곡의 중심을 이끌어간다. 조정희는 곡의 전반에 걸쳐 섬세한 발성으로 멜로디를 표현하며, 전통적인 시김새를 적절히 사용하여 감정의 깊이를 더한다. 그녀의 성량은 곡의 리듬에 맞춰 안정적으로 유지되며, 호흡 조절이 잘 이루어져 곡의 흐름을 자연스럽게 이어간다. 특히 자진모리의 빠른 리듬 속에서도 그녀의 목소리는 명확하게 발음되며, 각 음절이 뚜렷하게 전달된다. 이러한 창법은 곡의 긴장감을 유지하면서도, 조정희의 호흡이 곡의 마무리를 장식하는 데 중요한 역할을 한다. 그녀의 호흡은 리듬의 변화에 맞춰 유연하게 조절되며, 전체적으로 곡의 완성도를 높이는 데 기여한다.","Sinbaetnora 2 is a piece that integrates the lyrics of the Gyeonggi folk song Baetnorae with the Namdo Yukjabaegi rhythmic pattern, representing a type of folk music that distinctly showcases the characteristics of Namdo folk songs. This composition profoundly expresses the joys and sorrows of boatmen, with the voice of female vocalist Jo Jeong-hee leading the piece. Throughout the song, Jo Jeong-hee articulates the melody with delicate vocalization, appropriately employing traditional singing techniques to enhance the emotional depth. Her vocal strength is maintained steadily in accordance with the rhythm of the piece, and her breath control is executed well, allowing for a natural flow throughout the composition. Notably, even within the fast tempo of the Jajinmori rhythm, her voice is pronounced clearly, with each syllable distinctly conveyed. This singing style preserves the tension of the piece while Jo Jeong-hee's breath plays a crucial role in embellishing the conclusion of the song. Her breath is flexibly adjusted to match the changes in rhythm, contributing overall to the completeness of the composition.","어기야 뒤여차 어야 뒤여차 어기야 어기야 뱃놀이 가잔다
달은 밝고 명랑 헌데 어야 뒤야 어야 뒤야 고향 생각이 절로난다
어기야 뒤여차 어야 뒤여차 어기야 어기야 뱃놀이 가잔다
순풍에다 돛을 달고 돛을 달고 원포귀범이 떠들어온다
어기야 뒤여차 어야 뒤여차 어기야 어기야 뱃놀이 가잔다
넘실대는 파도 위에 너울너울 너울너울 갈메기떼 춤을 춘다
어기야 뒤여차 어야 뒤여차 어기야 어기야 뱃놀이 가잔다
고기 잡어 배에 싣고 둥둥둥둥 두리둥둥 둥둥 북을 울리며 떠들어온다
어기야 뒤여차 어야 뒤여차 어기야 어기야 뱃놀이 가잔다
달은 밝고 명랑 헌데 어야 뒤야 어야 뒤야 고향 생각이 절로난다
어기야 뒤여차 어야 뒤여차 어기야 어기야 뱃놀이 가잔다
순풍에다 돛을 달고 돛을 달고 원포귀범이 떠들어온다
어기야 뒤여차 어야 뒤여차 어기야 어기야 뱃놀이 가잔다
넘실대는 파도 위에 너울너울 너울너울 갈메기떼 춤을 춘다
어기야 뒤여차 어야 뒤여차 어기야 어기야 뱃놀이 가잔다
고기 잡어 배에 싣고 둥둥둥둥 두리둥둥 둥둥 북을 울리며 떠들어온다
어기야 뒤여차 어야 뒤여차 어기야 어기야 뱃놀이 가잔다
어기야 뒤여차 어기야 뒤여차 음 어야 뒤야 뱃놀이 가잔다",어기야 뒤여차 어야 뒤여차 어기야 어기야 뱃놀이 가잔다 / 달은 밝고 명랑 헌데 어야 뒤야 어야 뒤야 고향 생각이 절로난다 / 어기야 뒤여차 어야 뒤여차 어기야 어기야 뱃놀이 가잔다 / 순풍에다 돛을 달고 돛을 달고 원포귀범이 떠들어온다 / 어기야 뒤여차 어야 뒤여차 어기야 어기야 뱃놀이 가잔다 / 넘실대는 파도 위에 너울너울 너울너울 갈메기떼 춤을 춘다 / 어기야 뒤여차 어야 뒤여차 어기야 어기야 뱃놀이 가잔다 / 고기 잡어 배에 싣고 둥둥둥둥 두리둥둥 둥둥 북을 울리며 떠들어온다 / 어기야 뒤여차 어야 뒤여차 어기야 어기야 뱃놀이 가잔다 / 달은 밝고 명랑 헌데 어야 뒤야 어야 뒤야 고향 생각이 절로난다 / 어기야 뒤여차 어야 뒤여차 어기야 어기야 뱃놀이 가잔다 / 순풍에다 돛을 달고 돛을 달고 원포귀범이 떠들어온다 / 어기야 뒤여차 어야 뒤여차 어기야 어기야 뱃놀이 가잔다 / 넘실대는 파도 위에 너울너울 너울너울 갈메기떼 춤을 춘다 / 어기야 뒤여차 어야 뒤여차 어기야 어기야 뱃놀이 가잔다 / 고기 잡어 배에 싣고 둥둥둥둥 두리둥둥 둥둥 북을 울리며 떠들어온다 / 어기야 뒤여차 어야 뒤여차 어기야 어기야 뱃놀이 가잔다 / 어기야 뒤여차 어기야 뒤여차 음 어야 뒤야 뱃놀이 가잔다,18.0,220.82
KC_TM_MF_MY_S000305,남도,민속악,민요,남도민요,물레타령 2,이주은,여창,Eb / Cm,중중모리,12/8,180.0,"진지한(3), 에너지 넘치는(2), 장엄한(2), 즐거운(2), 희망찬(2), 경쾌한(1), 그루브감 있는(1), 기품 있는(1), 다이내믹한(1), 드라마틱한(1), 신명난(1), 쓸쓸한(1), 어두운(1), 영웅적인(1), 우울감 있는(1), 웅대한(1), 평화로운(1), 품위 있는(1), 향토적인(1)","묵직한(4), 담백한(2), 시원한(2), 울리는(2), 진한(2), 힘 있는(2), 걸쭉한(1), 두터운(1), 맑은(1), 밀도 있는(1), 뻗어 나가는(1), 탁 트인(1)","물레타령은 남도 통속민요로 정착된 곡으로, 물레질을 하며 부르던 노동요의 특징을 지닌 민속악 > 민요 장르의 곡이다. 이 곡은 물레 돌아가는 소리를 묘사한 후렴구와 함께 여성들의 노동과 삶의 애환을 경쾌하게 풀어내는 데 중점을 두고 있다. 여창 가창자 이주은의 목소리는 묵직한 음색을 바탕으로 곡을 이끌어가며, 그녀의 발성은 안정적이고 힘이 있으며, 전통적인 시김새를 적절히 사용하여 멜로디를 풍부하게 표현한다. 이주은은 중중모리의 리듬에 맞춰 유연하게 흐름을 타며, 성량을 조절하여 곡의 다양한 구간에서 적절한 강조를 할 수 있다. 그녀의 호흡은 곡의 전개에 따라 자연스럽게 이어지며, 각 구절의 마무리에서 호흡의 길이를 조절하여 리듬의 긴장감을 높이고, 전체적인 장르적 완성도를 한층 더 끌어올린다. 중중모리의 빠른 템포 속에서도 그녀의 목소리는 안정된 기조를 유지하며, 곡의 흐름과 잘 어우러져 청중에게 깊은 인상을 남긴다.","Mulletaeryeong is a piece that has settled into the genre of Namdo folk songs, characterized by its roots in labor songs sung while spinning thread. This song emphasizes the joyful expression of women's labor and the sorrows of life, featuring a refrain that depicts the sound of the spinning wheel. The voice of female vocalist Lee Joo-eun leads the piece with a rich timbre, her singing being stable and powerful, while she appropriately employs traditional vocal techniques to enhance the melody. Lee Joo-eun flows flexibly with the rhythm of Jungjungmori, adjusting her vocal volume to provide suitable emphasis at various sections of the song. Her breathing naturally follows the development of the piece, and she modulates the length of her breaths at the end of each phrase to heighten the rhythmic tension, further elevating the overall genre's completeness. Even amidst the fast tempo of Jungjungmori, her voice maintains a stable foundation, harmonizing well with the flow of the piece and leaving a profound impression on the audience.","물레야 윙윙 돌아라 어리렁 윙윙 돌아라
이물레를 어서 짜서 열 두 폭 치마를 입어 볼까
물레야 윙윙 돌아라 어리렁 윙윙 돌아라
서재 도령 어디 갔소 보선 신고 서재 갔소
물레야 윙윙 돌아라 어리렁 윙윙 돌아라
주렁주렁 열린 달에 면화풍년 좋을씨고
물레야 윙윙 돌아라 어리렁 윙윙 돌아라
매화 닷 말 넌 덕석에 연자화야 저 새 쳐라
물레야 윙윙 돌아라 어리렁 윙윙 돌아라
이 물레를 어서 짜서 베를 짜서 알뜰한 우리님 도포를 짓세
물레야 윙윙 돌아라 어리렁 윙윙 어리렁 슬슬 돌아라
물레야 윙윙 돌아라 어리렁 윙윙 돌아라
이물레를 어서 짜서 열 두 폭 치마를 입어 볼까
물레야 윙윙 돌아라 어리렁 윙윙 돌아라
서재 도령 어디 갔소 보선 신고 서재 갔소
물레야 윙윙 돌아라 어리렁 윙윙 돌아라
주렁주렁 열린 달에 면화풍년 좋을씨고
물레야 윙윙 돌아라 어리렁 윙윙 돌아라
매화 닷 말 넌 덕석에 면자화야 저 새 쳐라
물레야 윙윙 돌아라 어리렁 윙윙 돌아라
이 물레를 어서 짜서 베를 짜서 알뜰한 우리님 도포를 짓세
물레야 윙윙 돌아라 어리렁 윙윙 어리렁 슬슬 돌아라",물레야 윙윙 돌아라 어리렁 윙윙 돌아라 / 이물레를 어서 짜서 열 두 폭 치마를 입어 볼까 / 물레야 윙윙 돌아라 어리렁 윙윙 돌아라 / 서재 도령 어디 갔소 보선 신고 서재 갔소 / 물레야 윙윙 돌아라 어리렁 윙윙 돌아라 / 주렁주렁 열린 달에 면화풍년 좋을씨고 / 물레야 윙윙 돌아라 어리렁 윙윙 돌아라 / 매화 닷 말 넌 덕석에 연자화야 저 새 쳐라 / 물레야 윙윙 돌아라 어리렁 윙윙 돌아라 / 이 물레를 어서 짜서 베를 짜서 알뜰한 우리님 도포를 짓세 / 물레야 윙윙 돌아라 어리렁 윙윙 / 어리렁 슬슬 돌아라 / 물레야 윙윙 돌아라 어리렁 윙윙 돌아라 / 이물레를 어서 짜서 열 두 폭 치마를 입어 볼까 / 물레야 윙윙 돌아라 어리렁 윙윙 돌아라 / 서재 도령 어디 갔소 보선 신고 서재 갔소 / 물레야 윙윙 돌아라 어리렁 윙윙 돌아라 / 주렁주렁 열린 달에 면화풍년 좋을씨고 / 물레야 윙윙 돌아라 어리렁 윙윙 돌아라 / 매화 닷 말 넌 덕석에 면자화야 저 새 쳐라 / 물레야 윙윙 돌아라 어리렁 윙윙 돌아라 / 이 물레를 어서 짜서 베를 짜서 알뜰한 우리님 도포를 짓세 / 물레야 윙윙 돌아라 어리렁 윙윙 / 어리렁 슬슬 돌아라,24.0,209.71
